Comp,Dom,gn
IPC98,gripper,strips-gripper-x-1
IPC98,gripper,strips-gripper-x-2
IPC98,gripper,strips-gripper-x-3
IPC98,gripper,strips-gripper-x-4
IPC98,gripper,strips-gripper-x-5
IPC98,gripper,strips-gripper-x-6
IPC98,gripper,strips-gripper-x-7
IPC98,gripper,strips-gripper-x-8
IPC98,gripper,strips-gripper-x-9
IPC98,gripper,strips-gripper-x-10
IPC98,gripper,strips-gripper-x-11
IPC98,gripper,strips-gripper-x-12
IPC98,gripper,strips-gripper-x-13
IPC98,gripper,strips-gripper-x-14
IPC98,gripper,strips-gripper-x-15
IPC98,gripper,strips-gripper-x-16
IPC98,gripper,strips-gripper-x-17
IPC98,gripper,strips-gripper-x-18
IPC98,gripper,strips-gripper-x-19
IPC98,gripper,strips-gripper-x-20
IPC98,logistics,strips-log-x-1
IPC98,logistics,strips-log-x-2
IPC98,logistics,strips-log-x-3
IPC98,logistics,strips-log-x-4
IPC98,logistics,strips-log-x-5
IPC98,logistics,strips-log-x-6
IPC98,logistics,strips-log-x-7
IPC98,logistics,strips-log-x-8
IPC98,logistics,strips-log-x-9
IPC98,logistics,strips-log-x-10
IPC98,logistics,strips-log-x-11
IPC98,logistics,strips-log-x-12
IPC98,logistics,strips-log-x-13
IPC98,logistics,strips-log-x-14
IPC98,logistics,strips-log-x-15
IPC98,logistics,strips-log-x-16
IPC98,logistics,strips-log-x-17
IPC98,logistics,strips-log-x-18
IPC98,logistics,strips-log-x-19
IPC98,logistics,strips-log-x-20
IPC98,logistics,strips-log-x-21
IPC98,logistics,strips-log-x-22
IPC98,logistics,strips-log-x-23
IPC98,logistics,strips-log-x-24
IPC98,logistics,strips-log-x-25
IPC98,logistics,strips-log-x-26
IPC98,logistics,strips-log-x-27
IPC98,logistics,strips-log-x-28
IPC98,logistics,strips-log-x-29
IPC98,logistics,strips-log-x-30
IPC98,logistics,strips-log-y-1
IPC98,logistics,strips-log-y-2
IPC98,logistics,strips-log-y-3
IPC98,logistics,strips-log-y-4
IPC98,logistics,strips-log-y-5
IPC98,movie,strips-movie-x-1
IPC98,movie,strips-movie-x-2
IPC98,movie,strips-movie-x-3
IPC98,movie,strips-movie-x-4
IPC98,movie,strips-movie-x-5
IPC98,movie,strips-movie-x-6
IPC98,movie,strips-movie-x-7
IPC98,movie,strips-movie-x-8
IPC98,movie,strips-movie-x-9
IPC98,movie,strips-movie-x-10
IPC98,movie,strips-movie-x-11
IPC98,movie,strips-movie-x-12
IPC98,movie,strips-movie-x-13
IPC98,movie,strips-movie-x-14
IPC98,movie,strips-movie-x-15
IPC98,movie,strips-movie-x-16
IPC98,movie,strips-movie-x-17
IPC98,movie,strips-movie-x-18
IPC98,movie,strips-movie-x-19
IPC98,movie,strips-movie-x-20
IPC98,movie,strips-movie-x-21
IPC98,movie,strips-movie-x-22
IPC98,movie,strips-movie-x-23
IPC98,movie,strips-movie-x-24
IPC98,movie,strips-movie-x-25
IPC98,movie,strips-movie-x-26
IPC98,movie,strips-movie-x-27
IPC98,movie,strips-movie-x-28
IPC98,movie,strips-movie-x-29
IPC98,movie,strips-movie-x-30
IPC98,mprime,strips-mprime-x-1
IPC98,mprime,strips-mprime-x-2
IPC98,mprime,strips-mprime-x-3
IPC98,mprime,strips-mprime-x-4
IPC98,mprime,strips-mprime-x-5
IPC98,mprime,strips-mprime-x-6
IPC98,mprime,strips-mprime-x-7
IPC98,mprime,strips-mprime-x-8
IPC98,mprime,strips-mprime-x-9
IPC98,mprime,strips-mprime-x-10
IPC98,mprime,strips-mprime-x-11
IPC98,mprime,strips-mprime-x-12
IPC98,mprime,strips-mprime-x-13
IPC98,mprime,strips-mprime-x-14
IPC98,mprime,strips-mprime-x-15
IPC98,mprime,strips-mprime-x-16
IPC98,mprime,strips-mprime-x-17
IPC98,mprime,strips-mprime-x-18
IPC98,mprime,strips-mprime-x-19
IPC98,mprime,strips-mprime-x-20
IPC98,mprime,strips-mprime-x-21
IPC98,mprime,strips-mprime-x-22
IPC98,mprime,strips-mprime-x-23
IPC98,mprime,strips-mprime-x-24
IPC98,mprime,strips-mprime-x-25
IPC98,mprime,strips-mprime-x-26
IPC98,mprime,strips-mprime-x-27
IPC98,mprime,strips-mprime-x-28
IPC98,mprime,strips-mprime-x-29
IPC98,mprime,strips-mprime-x-30
IPC98,mprime,strips-mprime-y-1
IPC98,mprime,strips-mprime-y-2
IPC98,mprime,strips-mprime-y-3
IPC98,mprime,strips-mprime-y-4
IPC98,mprime,strips-mprime-y-5
IPC98,mystery,strips-mysty-x-1
IPC98,mystery,strips-mysty-x-2
IPC98,mystery,strips-mysty-x-3
IPC98,mystery,strips-mysty-x-4
IPC98,mystery,strips-mysty-x-5
IPC98,mystery,strips-mysty-x-6
IPC98,mystery,strips-mysty-x-7
IPC98,mystery,strips-mysty-x-8
IPC98,mystery,strips-mysty-x-9
IPC98,mystery,strips-mysty-x-10
IPC98,mystery,strips-mysty-x-11
IPC98,mystery,strips-mysty-x-12
IPC98,mystery,strips-mysty-x-13
IPC98,mystery,strips-mysty-x-14
IPC98,mystery,strips-mysty-x-15
IPC98,mystery,strips-mysty-x-16
IPC98,mystery,strips-mysty-x-17
IPC98,mystery,strips-mysty-x-18
IPC98,mystery,strips-mysty-x-19
IPC98,mystery,strips-mysty-x-20
IPC98,mystery,strips-mysty-x-21
IPC98,mystery,strips-mysty-x-22
IPC98,mystery,strips-mysty-x-23
IPC98,mystery,strips-mysty-x-24
IPC98,mystery,strips-mysty-x-25
IPC98,mystery,strips-mysty-x-26
IPC98,mystery,strips-mysty-x-27
IPC98,mystery,strips-mysty-x-28
IPC98,mystery,strips-mysty-x-29
IPC98,mystery,strips-mysty-x-30
IPC00, Blocks,BLOCKS-10-0
IPC00, Blocks,BLOCKS-10-1
IPC00, Blocks,BLOCKS-10-2
IPC00, Blocks,BLOCKS-11-0
IPC00, Blocks,BLOCKS-11-1
IPC00, Blocks,BLOCKS-11-2
IPC00, Blocks,BLOCKS-12-0
IPC00, Blocks,BLOCKS-12-1
IPC00, Blocks,BLOCKS-13-0
IPC00, Blocks,BLOCKS-13-1
IPC00, Blocks,BLOCKS-14-0
IPC00, Blocks,BLOCKS-14-1
IPC00, Blocks,BLOCKS-15-0
IPC00, Blocks,BLOCKS-15-1
IPC00, Blocks,BLOCKS-16-1
IPC00, Blocks,BLOCKS-16-2
IPC00, Blocks,BLOCKS-17-0
IPC00, Blocks,BLOCKS-17-1
IPC00, Blocks,BLOCKS-18-0
IPC00, Blocks,BLOCKS-18-1
IPC00, Blocks,BLOCKS-19-0
IPC00, Blocks,BLOCKS-19-1
IPC00, Blocks,BLOCKS-20-0
IPC00, Blocks,BLOCKS-20-1
IPC00, Blocks,BLOCKS-25-0
IPC00, Blocks,BLOCKS-25-1
IPC00, Blocks,BLOCKS-28-0
IPC00, Blocks,BLOCKS-28-1
IPC00, Blocks,BLOCKS-30-0
IPC00, Blocks,BLOCKS-30-1
IPC00, Blocks,BLOCKS-35-0
IPC00, Blocks,BLOCKS-35-1
IPC00, Blocks,BLOCKS-4-0
IPC00, Blocks,BLOCKS-40-0
IPC00, Blocks,BLOCKS-40-1
IPC00, Blocks,BLOCKS-4-1
IPC00, Blocks,BLOCKS-4-2
IPC00, Blocks,BLOCKS-45-0
IPC00, Blocks,BLOCKS-45-1
IPC00, Blocks,BLOCKS-5-0
IPC00, Blocks,BLOCKS-50-0
IPC00, Blocks,BLOCKS-50-1
IPC00, Blocks,BLOCKS-5-1
IPC00, Blocks,BLOCKS-5-2
IPC00, Blocks,BLOCKS-55-0
IPC00, Blocks,BLOCKS-55-1
IPC00, Blocks,BLOCKS-6-0
IPC00, Blocks,BLOCKS-60-0
IPC00, Blocks,BLOCKS-60-1
IPC00, Blocks,BLOCKS-6-1
IPC00, Blocks,BLOCKS-6-2
IPC00, Blocks,BLOCKS-7-0
IPC00, Blocks,BLOCKS-7-1
IPC00, Blocks,BLOCKS-7-2
IPC00, Blocks,BLOCKS-8-0
IPC00, Blocks,BLOCKS-8-1
IPC00, Blocks,BLOCKS-8-2
IPC00, Blocks,BLOCKS-9-0
IPC00, Blocks,BLOCKS-9-1
IPC00, Blocks,BLOCKS-9-2
IPC00, Blocks_Aditional,blocks-100-0
IPC00, Blocks_Aditional,blocks-100-1
IPC00, Blocks_Aditional,blocks-200-0
IPC00, Blocks_Aditional,blocks-200-1
IPC00, Blocks_Aditional,blocks-21-0
IPC00, Blocks_Aditional,blocks-21-1
IPC00, Blocks_Aditional,blocks-22-0
IPC00, Blocks_Aditional,blocks-22-1
IPC00, Blocks_Aditional,blocks-23-0
IPC00, Blocks_Aditional,blocks-23-1
IPC00, Blocks_Aditional,blocks-24-0
IPC00, Blocks_Aditional,blocks-24-1
IPC00, Blocks_Aditional,blocks-250-0
IPC00, Blocks_Aditional,blocks-250-1
IPC00, Blocks_Aditional,blocks-26-0
IPC00, Blocks_Aditional,blocks-26-1
IPC00, Blocks_Aditional,blocks-27-0
IPC00, Blocks_Aditional,blocks-27-1
IPC00, Blocks_Aditional,blocks-29-0
IPC00, Blocks_Aditional,blocks-29-1
IPC00, Blocks_Aditional,blocks-300-0
IPC00, Blocks_Aditional,blocks-300-1
IPC00, Blocks_Aditional,blocks-31-0
IPC00, Blocks_Aditional,blocks-31-1
IPC00, Blocks_Aditional,blocks-32-0
IPC00, Blocks_Aditional,blocks-32-1
IPC00, Blocks_Aditional,blocks-33-0
IPC00, Blocks_Aditional,blocks-33-1
IPC00, Blocks_Aditional,blocks-34-0
IPC00, Blocks_Aditional,blocks-34-1
IPC00, Blocks_Aditional,blocks-350-0
IPC00, Blocks_Aditional,blocks-350-1
IPC00, Blocks_Aditional,blocks-36-0
IPC00, Blocks_Aditional,blocks-36-1
IPC00, Blocks_Aditional,blocks-37-0
IPC00, Blocks_Aditional,blocks-37-1
IPC00, Blocks_Aditional,blocks-38-0
IPC00, Blocks_Aditional,blocks-38-1
IPC00, Blocks_Aditional,blocks-39-0
IPC00, Blocks_Aditional,blocks-39-1
IPC00, Blocks_Aditional,blocks-400-0
IPC00, Blocks_Aditional,blocks-400-1
IPC00, Blocks_Aditional,blocks-41-0
IPC00, Blocks_Aditional,blocks-41-1
IPC00, Blocks_Aditional,blocks-42-0
IPC00, Blocks_Aditional,blocks-42-1
IPC00, Blocks_Aditional,blocks-425-0
IPC00, Blocks_Aditional,blocks-425-1
IPC00, Blocks_Aditional,blocks-43-0
IPC00, Blocks_Aditional,blocks-43-1
IPC00, Blocks_Aditional,blocks-44-0
IPC00, Blocks_Aditional,blocks-44-1
IPC00, Blocks_Aditional,blocks-450-0
IPC00, Blocks_Aditional,blocks-450-1
IPC00, Blocks_Aditional,blocks-46-0
IPC00, Blocks_Aditional,blocks-46-1
IPC00, Blocks_Aditional,blocks-47-0
IPC00, Blocks_Aditional,blocks-47-1
IPC00, Blocks_Aditional,blocks-475-0
IPC00, Blocks_Aditional,blocks-475-1
IPC00, Blocks_Aditional,blocks-48-0
IPC00, Blocks_Aditional,blocks-48-1
IPC00, Blocks_Aditional,blocks-49-0
IPC00, Blocks_Aditional,blocks-49-1
IPC00, Blocks_Aditional,blocks-500-0
IPC00, Blocks_Aditional,blocks-500-1
IPC00, Blocks_Aditional,blocks-65-0
IPC00, Blocks_Aditional,blocks-65-1
IPC00, Blocks_Aditional,blocks-70-0
IPC00, Blocks_Aditional,blocks-70-1
IPC00, Blocks_Aditional,blocks-80-0
IPC00, Blocks_Aditional,blocks-80-1
IPC00, Blocks_Aditional,blocks-90-0
IPC00, Blocks_Aditional,blocks-90-1
IPC00, Blocks_Aditional,blocks-95-0
IPC00, Blocks_Aditional,blocks-95-1
IPC00, Elevator,mixed-f10-p5-u0-v0-g0-a0-n0-a0-b0-n0-f0-r0
IPC00, Elevator,mixed-f10-p5-u0-v0-g0-a0-n0-a0-b0-n0-f0-r1
IPC00, Elevator,mixed-f10-p5-u0-v0-g0-a0-n0-a0-b0-n0-f0-r2
IPC00, Elevator,mixed-f10-p5-u0-v0-g0-a0-n0-a0-b0-n0-f0-r3
IPC00, Elevator,mixed-f10-p5-u0-v0-g0-a0-n0-a0-b0-n0-f0-r4
IPC00, Elevator,mixed-f12-p6-u0-v0-g0-a0-n0-a0-b0-n0-f0-r0
IPC00, Elevator,mixed-f12-p6-u0-v0-g0-a0-n0-a0-b0-n0-f0-r1
IPC00, Elevator,mixed-f12-p6-u0-v0-g0-a0-n0-a0-b0-n0-f0-r2
IPC00, Elevator,mixed-f12-p6-u0-v0-g0-a0-n0-a0-b0-n0-f0-r3
IPC00, Elevator,mixed-f12-p6-u0-v0-g0-a0-n0-a0-b0-n0-f0-r4
IPC00, Elevator,mixed-f14-p7-u0-v0-g0-a0-n0-a0-b0-n0-f0-r0
IPC00, Elevator,mixed-f14-p7-u0-v0-g0-a0-n0-a0-b0-n0-f0-r1
IPC00, Elevator,mixed-f14-p7-u0-v0-g0-a0-n0-a0-b0-n0-f0-r2
IPC00, Elevator,mixed-f14-p7-u0-v0-g0-a0-n0-a0-b0-n0-f0-r3
IPC00, Elevator,mixed-f14-p7-u0-v0-g0-a0-n0-a0-b0-n0-f0-r4
IPC00, Elevator,mixed-f16-p8-u0-v0-g0-a0-n0-a0-b0-n0-f0-r0
IPC00, Elevator,mixed-f16-p8-u0-v0-g0-a0-n0-a0-b0-n0-f0-r1
IPC00, Elevator,mixed-f16-p8-u0-v0-g0-a0-n0-a0-b0-n0-f0-r2
IPC00, Elevator,mixed-f16-p8-u0-v0-g0-a0-n0-a0-b0-n0-f0-r3
IPC00, Elevator,mixed-f16-p8-u0-v0-g0-a0-n0-a0-b0-n0-f0-r4
IPC00, Elevator,mixed-f18-p9-u0-v0-g0-a0-n0-a0-b0-n0-f0-r0
IPC00, Elevator,mixed-f18-p9-u0-v0-g0-a0-n0-a0-b0-n0-f0-r1
IPC00, Elevator,mixed-f18-p9-u0-v0-g0-a0-n0-a0-b0-n0-f0-r2
IPC00, Elevator,mixed-f18-p9-u0-v0-g0-a0-n0-a0-b0-n0-f0-r3
IPC00, Elevator,mixed-f18-p9-u0-v0-g0-a0-n0-a0-b0-n0-f0-r4
IPC00, Elevator,mixed-f20-p10-u0-v0-g0-a0-n0-a0-b0-n0-f0-r0
IPC00, Elevator,mixed-f20-p10-u0-v0-g0-a0-n0-a0-b0-n0-f0-r1
IPC00, Elevator,mixed-f20-p10-u0-v0-g0-a0-n0-a0-b0-n0-f0-r2
IPC00, Elevator,mixed-f20-p10-u0-v0-g0-a0-n0-a0-b0-n0-f0-r3
IPC00, Elevator,mixed-f20-p10-u0-v0-g0-a0-n0-a0-b0-n0-f0-r4
IPC00, Elevator,mixed-f22-p11-u0-v0-g0-a0-n0-a0-b0-n0-f0-r3
IPC00, Elevator,mixed-f22-p11-u0-v0-g0-a0-n0-a0-b0-n0-f0-r4
IPC00, Elevator,mixed-f22-p11-u0-v0-g0-a0-n0-a0-b0-n0-f0-r0
IPC00, Elevator,mixed-f22-p11-u0-v0-g0-a0-n0-a0-b0-n0-f0-r1
IPC00, Elevator,mixed-f22-p11-u0-v0-g0-a0-n0-a0-b0-n0-f0-r2
IPC00, Elevator,mixed-f24-p12-u0-v0-g0-a0-n0-a0-b0-n0-f0-r0
IPC00, Elevator,mixed-f24-p12-u0-v0-g0-a0-n0-a0-b0-n0-f0-r1
IPC00, Elevator,mixed-f24-p12-u0-v0-g0-a0-n0-a0-b0-n0-f0-r2
IPC00, Elevator,mixed-f24-p12-u0-v0-g0-a0-n0-a0-b0-n0-f0-r3
IPC00, Elevator,mixed-f24-p12-u0-v0-g0-a0-n0-a0-b0-n0-f0-r4
IPC00, Elevator,mixed-f26-p13-u0-v0-g0-a0-n0-a0-b0-n0-f0-r0
IPC00, Elevator,mixed-f26-p13-u0-v0-g0-a0-n0-a0-b0-n0-f0-r1
IPC00, Elevator,mixed-f26-p13-u0-v0-g0-a0-n0-a0-b0-n0-f0-r2
IPC00, Elevator,mixed-f26-p13-u0-v0-g0-a0-n0-a0-b0-n0-f0-r3
IPC00, Elevator,mixed-f26-p13-u0-v0-g0-a0-n0-a0-b0-n0-f0-r4
IPC00, Elevator,mixed-f28-p14-u0-v0-g0-a0-n0-a0-b0-n0-f0-r0
IPC00, Elevator,mixed-f28-p14-u0-v0-g0-a0-n0-a0-b0-n0-f0-r1
IPC00, Elevator,mixed-f28-p14-u0-v0-g0-a0-n0-a0-b0-n0-f0-r2
IPC00, Elevator,mixed-f28-p14-u0-v0-g0-a0-n0-a0-b0-n0-f0-r3
IPC00, Elevator,mixed-f28-p14-u0-v0-g0-a0-n0-a0-b0-n0-f0-r4
IPC00, Elevator,mixed-f2-p1-u0-v0-g0-a0-n0-a0-b0-n0-f0-r0
IPC00, Elevator,mixed-f2-p1-u0-v0-g0-a0-n0-a0-b0-n0-f0-r2
IPC00, Elevator,mixed-f2-p1-u0-v0-g0-a0-n0-a0-b0-n0-f0-r3
IPC00, Elevator,mixed-f2-p1-u0-v0-g0-a0-n0-a0-b0-n0-f0-r4
IPC00, Elevator,mixed-f2-p1-u0-v0-g0-a0-n0-a0-b0-n0-f0-r1
IPC00, Elevator,mixed-f30-p15-u0-v0-g0-a0-n0-a0-b0-n0-f0-r0
IPC00, Elevator,mixed-f30-p15-u0-v0-g0-a0-n0-a0-b0-n0-f0-r1
IPC00, Elevator,mixed-f30-p15-u0-v0-g0-a0-n0-a0-b0-n0-f0-r2
IPC00, Elevator,mixed-f30-p15-u0-v0-g0-a0-n0-a0-b0-n0-f0-r3
IPC00, Elevator,mixed-f30-p15-u0-v0-g0-a0-n0-a0-b0-n0-f0-r4
IPC00, Elevator,mixed-f32-p16-u0-v0-g0-a0-n0-a0-b0-n0-f0-r0
IPC00, Elevator,mixed-f32-p16-u0-v0-g0-a0-n0-a0-b0-n0-f0-r1
IPC00, Elevator,mixed-f32-p16-u0-v0-g0-a0-n0-a0-b0-n0-f0-r2
IPC00, Elevator,mixed-f32-p16-u0-v0-g0-a0-n0-a0-b0-n0-f0-r3
IPC00, Elevator,mixed-f32-p16-u0-v0-g0-a0-n0-a0-b0-n0-f0-r4
IPC00, Elevator,mixed-f34-p17-u0-v0-g0-a0-n0-a0-b0-n0-f0-r0
IPC00, Elevator,mixed-f34-p17-u0-v0-g0-a0-n0-a0-b0-n0-f0-r1
IPC00, Elevator,mixed-f34-p17-u0-v0-g0-a0-n0-a0-b0-n0-f0-r2
IPC00, Elevator,mixed-f34-p17-u0-v0-g0-a0-n0-a0-b0-n0-f0-r3
IPC00, Elevator,mixed-f34-p17-u0-v0-g0-a0-n0-a0-b0-n0-f0-r4
IPC00, Elevator,mixed-f36-p18-u0-v0-g0-a0-n0-a0-b0-n0-f0-r0
IPC00, Elevator,mixed-f36-p18-u0-v0-g0-a0-n0-a0-b0-n0-f0-r1
IPC00, Elevator,mixed-f36-p18-u0-v0-g0-a0-n0-a0-b0-n0-f0-r2
IPC00, Elevator,mixed-f36-p18-u0-v0-g0-a0-n0-a0-b0-n0-f0-r3
IPC00, Elevator,mixed-f36-p18-u0-v0-g0-a0-n0-a0-b0-n0-f0-r4
IPC00, Elevator,mixed-f38-p19-u0-v0-g0-a0-n0-a0-b0-n0-f0-r0
IPC00, Elevator,mixed-f38-p19-u0-v0-g0-a0-n0-a0-b0-n0-f0-r1
IPC00, Elevator,mixed-f38-p19-u0-v0-g0-a0-n0-a0-b0-n0-f0-r2
IPC00, Elevator,mixed-f38-p19-u0-v0-g0-a0-n0-a0-b0-n0-f0-r3
IPC00, Elevator,mixed-f38-p19-u0-v0-g0-a0-n0-a0-b0-n0-f0-r4
IPC00, Elevator,mixed-f40-p20-u0-v0-g0-a0-n0-a0-b0-n0-f0-r0
IPC00, Elevator,mixed-f40-p20-u0-v0-g0-a0-n0-a0-b0-n0-f0-r1
IPC00, Elevator,mixed-f40-p20-u0-v0-g0-a0-n0-a0-b0-n0-f0-r2
IPC00, Elevator,mixed-f40-p20-u0-v0-g0-a0-n0-a0-b0-n0-f0-r3
IPC00, Elevator,mixed-f40-p20-u0-v0-g0-a0-n0-a0-b0-n0-f0-r4
IPC00, Elevator,mixed-f42-p21-u0-v0-g0-a0-n0-a0-b0-n0-f0-r0
IPC00, Elevator,mixed-f42-p21-u0-v0-g0-a0-n0-a0-b0-n0-f0-r1
IPC00, Elevator,mixed-f42-p21-u0-v0-g0-a0-n0-a0-b0-n0-f0-r2
IPC00, Elevator,mixed-f42-p21-u0-v0-g0-a0-n0-a0-b0-n0-f0-r3
IPC00, Elevator,mixed-f42-p21-u0-v0-g0-a0-n0-a0-b0-n0-f0-r4
IPC00, Elevator,mixed-f44-p22-u0-v0-g0-a0-n0-a0-b0-n0-f0-r0
IPC00, Elevator,mixed-f44-p22-u0-v0-g0-a0-n0-a0-b0-n0-f0-r1
IPC00, Elevator,mixed-f44-p22-u0-v0-g0-a0-n0-a0-b0-n0-f0-r2
IPC00, Elevator,mixed-f44-p22-u0-v0-g0-a0-n0-a0-b0-n0-f0-r3
IPC00, Elevator,mixed-f44-p22-u0-v0-g0-a0-n0-a0-b0-n0-f0-r4
IPC00, Elevator,mixed-f46-p23-u0-v0-g0-a0-n0-a0-b0-n0-f0-r0
IPC00, Elevator,mixed-f46-p23-u0-v0-g0-a0-n0-a0-b0-n0-f0-r1
IPC00, Elevator,mixed-f46-p23-u0-v0-g0-a0-n0-a0-b0-n0-f0-r2
IPC00, Elevator,mixed-f46-p23-u0-v0-g0-a0-n0-a0-b0-n0-f0-r3
IPC00, Elevator,mixed-f46-p23-u0-v0-g0-a0-n0-a0-b0-n0-f0-r4
IPC00, Elevator,mixed-f48-p24-u0-v0-g0-a0-n0-a0-b0-n0-f0-r0
IPC00, Elevator,mixed-f48-p24-u0-v0-g0-a0-n0-a0-b0-n0-f0-r1
IPC00, Elevator,mixed-f48-p24-u0-v0-g0-a0-n0-a0-b0-n0-f0-r2
IPC00, Elevator,mixed-f48-p24-u0-v0-g0-a0-n0-a0-b0-n0-f0-r3
IPC00, Elevator,mixed-f48-p24-u0-v0-g0-a0-n0-a0-b0-n0-f0-r4
IPC00, Elevator,mixed-f4-p2-u0-v0-g0-a0-n0-a0-b0-n0-f0-r0
IPC00, Elevator,mixed-f4-p2-u0-v0-g0-a0-n0-a0-b0-n0-f0-r1
IPC00, Elevator,mixed-f4-p2-u0-v0-g0-a0-n0-a0-b0-n0-f0-r2
IPC00, Elevator,mixed-f4-p2-u0-v0-g0-a0-n0-a0-b0-n0-f0-r3
IPC00, Elevator,mixed-f4-p2-u0-v0-g0-a0-n0-a0-b0-n0-f0-r4
IPC00, Elevator,mixed-f50-p25-u0-v0-g0-a0-n0-a0-b0-n0-f0-r0
IPC00, Elevator,mixed-f50-p25-u0-v0-g0-a0-n0-a0-b0-n0-f0-r1
IPC00, Elevator,mixed-f50-p25-u0-v0-g0-a0-n0-a0-b0-n0-f0-r2
IPC00, Elevator,mixed-f50-p25-u0-v0-g0-a0-n0-a0-b0-n0-f0-r3
IPC00, Elevator,mixed-f50-p25-u0-v0-g0-a0-n0-a0-b0-n0-f0-r4
IPC00, Elevator,mixed-f52-p26-u0-v0-g0-a0-n0-a0-b0-n0-f0-r0
IPC00, Elevator,mixed-f52-p26-u0-v0-g0-a0-n0-a0-b0-n0-f0-r1
IPC00, Elevator,mixed-f52-p26-u0-v0-g0-a0-n0-a0-b0-n0-f0-r2
IPC00, Elevator,mixed-f52-p26-u0-v0-g0-a0-n0-a0-b0-n0-f0-r3
IPC00, Elevator,mixed-f52-p26-u0-v0-g0-a0-n0-a0-b0-n0-f0-r4
IPC00, Elevator,mixed-f54-p27-u0-v0-g0-a0-n0-a0-b0-n0-f0-r0
IPC00, Elevator,mixed-f54-p27-u0-v0-g0-a0-n0-a0-b0-n0-f0-r1
IPC00, Elevator,mixed-f54-p27-u0-v0-g0-a0-n0-a0-b0-n0-f0-r2
IPC00, Elevator,mixed-f54-p27-u0-v0-g0-a0-n0-a0-b0-n0-f0-r3
IPC00, Elevator,mixed-f54-p27-u0-v0-g0-a0-n0-a0-b0-n0-f0-r4
IPC00, Elevator,mixed-f56-p28-u0-v0-g0-a0-n0-a0-b0-n0-f0-r0
IPC00, Elevator,mixed-f56-p28-u0-v0-g0-a0-n0-a0-b0-n0-f0-r1
IPC00, Elevator,mixed-f56-p28-u0-v0-g0-a0-n0-a0-b0-n0-f0-r2
IPC00, Elevator,mixed-f56-p28-u0-v0-g0-a0-n0-a0-b0-n0-f0-r3
IPC00, Elevator,mixed-f56-p28-u0-v0-g0-a0-n0-a0-b0-n0-f0-r4
IPC00, Elevator,mixed-f58-p29-u0-v0-g0-a0-n0-a0-b0-n0-f0-r0
IPC00, Elevator,mixed-f58-p29-u0-v0-g0-a0-n0-a0-b0-n0-f0-r1
IPC00, Elevator,mixed-f58-p29-u0-v0-g0-a0-n0-a0-b0-n0-f0-r2
IPC00, Elevator,mixed-f58-p29-u0-v0-g0-a0-n0-a0-b0-n0-f0-r3
IPC00, Elevator,mixed-f58-p29-u0-v0-g0-a0-n0-a0-b0-n0-f0-r4
IPC00, Elevator,mixed-f60-p30-u0-v0-g0-a0-n0-a0-b0-n0-f0-r0
IPC00, Elevator,mixed-f60-p30-u0-v0-g0-a0-n0-a0-b0-n0-f0-r1
IPC00, Elevator,mixed-f60-p30-u0-v0-g0-a0-n0-a0-b0-n0-f0-r2
IPC00, Elevator,mixed-f60-p30-u0-v0-g0-a0-n0-a0-b0-n0-f0-r3
IPC00, Elevator,mixed-f60-p30-u0-v0-g0-a0-n0-a0-b0-n0-f0-r4
IPC00, Elevator,mixed-f6-p3-u0-v0-g0-a0-n0-a0-b0-n0-f0-r0
IPC00, Elevator,mixed-f6-p3-u0-v0-g0-a0-n0-a0-b0-n0-f0-r1
IPC00, Elevator,mixed-f6-p3-u0-v0-g0-a0-n0-a0-b0-n0-f0-r2
IPC00, Elevator,mixed-f6-p3-u0-v0-g0-a0-n0-a0-b0-n0-f0-r3
IPC00, Elevator,mixed-f6-p3-u0-v0-g0-a0-n0-a0-b0-n0-f0-r4
IPC00, Elevator,mixed-f8-p4-u0-v0-g0-a0-n0-a0-b0-n0-f0-r0
IPC00, Elevator,mixed-f8-p4-u0-v0-g0-a0-n0-a0-b0-n0-f0-r1
IPC00, Elevator,mixed-f8-p4-u0-v0-g0-a0-n0-a0-b0-n0-f0-r2
IPC00, Elevator,mixed-f8-p4-u0-v0-g0-a0-n0-a0-b0-n0-f0-r3
IPC00, Elevator,mixed-f8-p4-u0-v0-g0-a0-n0-a0-b0-n0-f0-r4
IPC00, FreeCell,freecell-10-1
IPC00, FreeCell,freecell-10-2
IPC00, FreeCell,freecell-10-3
IPC00, FreeCell,freecell-10-4
IPC00, FreeCell,freecell-10-5
IPC00, FreeCell,freecell-11-1
IPC00, FreeCell,freecell-11-2
IPC00, FreeCell,freecell-11-3
IPC00, FreeCell,freecell-11-4
IPC00, FreeCell,freecell-11-5
IPC00, FreeCell,freecell-12-1
IPC00, FreeCell,freecell-12-2
IPC00, FreeCell,freecell-12-3
IPC00, FreeCell,freecell-12-4
IPC00, FreeCell,freecell-12-5
IPC00, FreeCell,freecell-13-1
IPC00, FreeCell,freecell-13-2
IPC00, FreeCell,freecell-13-3
IPC00, FreeCell,freecell-13-4
IPC00, FreeCell,freecell-13-5
IPC00, FreeCell,freecell-2-1
IPC00, FreeCell,freecell-2-2
IPC00, FreeCell,freecell-2-3
IPC00, FreeCell,freecell-2-4
IPC00, FreeCell,freecell-2-5
IPC00, FreeCell,freecell-3-1
IPC00, FreeCell,freecell-3-2
IPC00, FreeCell,freecell-3-3
IPC00, FreeCell,freecell-3-4
IPC00, FreeCell,freecell-3-5
IPC00, FreeCell,freecell-4-1
IPC00, FreeCell,freecell-4-2
IPC00, FreeCell,freecell-4-3
IPC00, FreeCell,freecell-4-4
IPC00, FreeCell,freecell-4-5
IPC00, FreeCell,freecell-5-1
IPC00, FreeCell,freecell-5-2
IPC00, FreeCell,freecell-5-3
IPC00, FreeCell,freecell-5-4
IPC00, FreeCell,freecell-5-5
IPC00, FreeCell,freecell-6-1
IPC00, FreeCell,freecell-6-2
IPC00, FreeCell,freecell-6-3
IPC00, FreeCell,freecell-6-4
IPC00, FreeCell,freecell-6-5
IPC00, FreeCell,freecell-7-1
IPC00, FreeCell,freecell-7-2
IPC00, FreeCell,freecell-7-3
IPC00, FreeCell,freecell-7-4
IPC00, FreeCell,freecell-7-5
IPC00, FreeCell,freecell-8-1
IPC00, FreeCell,freecell-8-2
IPC00, FreeCell,freecell-8-3
IPC00, FreeCell,freecell-8-4
IPC00, FreeCell,freecell-8-5
IPC00, FreeCell,freecell-9-1
IPC00, FreeCell,freecell-9-2
IPC00, FreeCell,freecell-9-3
IPC00, FreeCell,freecell-9-4
IPC00, FreeCell,freecell-9-5
IPC00, Logistics,logistics-10-0
IPC00, Logistics,logistics-10-1
IPC00, Logistics,logistics-11-0
IPC00, Logistics,logistics-11-1
IPC00, Logistics,logistics-12-0
IPC00, Logistics,logistics-12-1
IPC00, Logistics,logistics-13-0
IPC00, Logistics,logistics-13-1
IPC00, Logistics,logistics-14-0
IPC00, Logistics,logistics-14-1
IPC00, Logistics,logistics-15-0
IPC00, Logistics,logistics-15-1
IPC00, Logistics,logistics-18-0
IPC00, Logistics,logistics-18-1
IPC00, Logistics,logistics-20-0
IPC00, Logistics,logistics-20-1
IPC00, Logistics,logistics-25-0
IPC00, Logistics,logistics-25-1
IPC00, Logistics,logistics-30-0
IPC00, Logistics,logistics-30-1
IPC00, Logistics,logistics-4-0
IPC00, Logistics,logistics-4-1
IPC00, Logistics,logistics-4-2
IPC00, Logistics,logistics-5-0
IPC00, Logistics,logistics-5-1
IPC00, Logistics,logistics-5-2
IPC00, Logistics,logistics-6-0
IPC00, Logistics,logistics-6-1
IPC00, Logistics,logistics-6-2
IPC00, Logistics,logistics-6-3
IPC00, Logistics,logistics-7-0
IPC00, Logistics,logistics-7-1
IPC00, Logistics,logistics-8-0
IPC00, Logistics,logistics-8-1
IPC00, Logistics,logistics-9-0
IPC00, Logistics,logistics-9-1
IPC00, Logistics,log-x-1
IPC00, Logistics,log-x-2
IPC00, Logistics,log-x-3
IPC00, Logistics,log-x-4
IPC00, Logistics_Aditional,logistics-100-0
IPC00, Logistics_Aditional,logistics-100-1
IPC00, Logistics_Aditional,logistics-16-0
IPC00, Logistics_Aditional,logistics-16-1
IPC00, Logistics_Aditional,logistics-17-0
IPC00, Logistics_Aditional,logistics-17-1
IPC00, Logistics_Aditional,logistics-19-0
IPC00, Logistics_Aditional,logistics-19-1
IPC00, Logistics_Aditional,logistics-21-0
IPC00, Logistics_Aditional,logistics-21-1
IPC00, Logistics_Aditional,logistics-22-0
IPC00, Logistics_Aditional,logistics-22-1
IPC00, Logistics_Aditional,logistics-23-0
IPC00, Logistics_Aditional,logistics-23-1
IPC00, Logistics_Aditional,logistics-24-0
IPC00, Logistics_Aditional,logistics-24-1
IPC00, Logistics_Aditional,logistics-26-0
IPC00, Logistics_Aditional,logistics-26-1
IPC00, Logistics_Aditional,logistics-27-0
IPC00, Logistics_Aditional,logistics-27-1
IPC00, Logistics_Aditional,logistics-28-0
IPC00, Logistics_Aditional,logistics-28-1
IPC00, Logistics_Aditional,logistics-29-0
IPC00, Logistics_Aditional,logistics-29-1
IPC00, Logistics_Aditional,logistics-31-0
IPC00, Logistics_Aditional,logistics-31-1
IPC00, Logistics_Aditional,logistics-32-0
IPC00, Logistics_Aditional,logistics-32-1
IPC00, Logistics_Aditional,logistics-33-0
IPC00, Logistics_Aditional,logistics-33-1
IPC00, Logistics_Aditional,logistics-34-0
IPC00, Logistics_Aditional,logistics-34-1
IPC00, Logistics_Aditional,logistics-35-0
IPC00, Logistics_Aditional,logistics-35-1
IPC00, Logistics_Aditional,logistics-36-0
IPC00, Logistics_Aditional,logistics-36-1
IPC00, Logistics_Aditional,logistics-37-0
IPC00, Logistics_Aditional,logistics-37-1
IPC00, Logistics_Aditional,logistics-38-0
IPC00, Logistics_Aditional,logistics-38-1
IPC00, Logistics_Aditional,logistics-39-0
IPC00, Logistics_Aditional,logistics-39-1
IPC00, Logistics_Aditional,logistics-40-0
IPC00, Logistics_Aditional,logistics-40-1
IPC00, Logistics_Aditional,logistics-41-0
IPC00, Logistics_Aditional,logistics-41-1
IPC00, Logistics_Aditional,logistics-42-0
IPC00, Logistics_Aditional,logistics-42-1
IPC00, Logistics_Aditional,logistics-43-0
IPC00, Logistics_Aditional,logistics-43-1
IPC00, Logistics_Aditional,logistics-44-0
IPC00, Logistics_Aditional,logistics-44-1
IPC00, Logistics_Aditional,logistics-45-0
IPC00, Logistics_Aditional,logistics-45-1
IPC00, Logistics_Aditional,logistics-46-0
IPC00, Logistics_Aditional,logistics-46-1
IPC00, Logistics_Aditional,logistics-47-0
IPC00, Logistics_Aditional,logistics-47-1
IPC00, Logistics_Aditional,logistics-48-0
IPC00, Logistics_Aditional,logistics-48-1
IPC00, Logistics_Aditional,logistics-49-0
IPC00, Logistics_Aditional,logistics-49-1
IPC00, Logistics_Aditional,logistics-50-0
IPC00, Logistics_Aditional,logistics-50-1
IPC00, Logistics_Aditional,logistics-51-0
IPC00, Logistics_Aditional,logistics-51-1
IPC00, Logistics_Aditional,logistics-52-0
IPC00, Logistics_Aditional,logistics-52-1
IPC00, Logistics_Aditional,logistics-53-0
IPC00, Logistics_Aditional,logistics-53-1
IPC00, Logistics_Aditional,logistics-54-0
IPC00, Logistics_Aditional,logistics-54-1
IPC00, Logistics_Aditional,logistics-55-0
IPC00, Logistics_Aditional,logistics-55-1
IPC00, Logistics_Aditional,logistics-56-0
IPC00, Logistics_Aditional,logistics-56-1
IPC00, Logistics_Aditional,logistics-57-0
IPC00, Logistics_Aditional,logistics-57-1
IPC00, Logistics_Aditional,logistics-58-0
IPC00, Logistics_Aditional,logistics-58-1
IPC00, Logistics_Aditional,logistics-59-0
IPC00, Logistics_Aditional,logistics-59-1
IPC00, Logistics_Aditional,logistics-60-0
IPC00, Logistics_Aditional,logistics-60-1
IPC00, Logistics_Aditional,logistics-61-0
IPC00, Logistics_Aditional,logistics-61-1
IPC00, Logistics_Aditional,logistics-62-0
IPC00, Logistics_Aditional,logistics-62-1
IPC00, Logistics_Aditional,logistics-63-0
IPC00, Logistics_Aditional,logistics-63-1
IPC00, Logistics_Aditional,logistics-64-0
IPC00, Logistics_Aditional,logistics-64-1
IPC00, Logistics_Aditional,logistics-65-0
IPC00, Logistics_Aditional,logistics-65-1
IPC00, Logistics_Aditional,logistics-66-0
IPC00, Logistics_Aditional,logistics-66-1
IPC00, Logistics_Aditional,logistics-67-0
IPC00, Logistics_Aditional,logistics-67-1
IPC00, Logistics_Aditional,logistics-68-0
IPC00, Logistics_Aditional,logistics-68-1
IPC00, Logistics_Aditional,logistics-6-9
IPC00, Logistics_Aditional,logistics-69-0
IPC00, Logistics_Aditional,logistics-69-1
IPC00, Logistics_Aditional,logistics-70-0
IPC00, Logistics_Aditional,logistics-70-1
IPC00, Logistics_Aditional,logistics-71-0
IPC00, Logistics_Aditional,logistics-71-1
IPC00, Logistics_Aditional,logistics-72-0
IPC00, Logistics_Aditional,logistics-72-1
IPC00, Logistics_Aditional,logistics-73-0
IPC00, Logistics_Aditional,logistics-73-1
IPC00, Logistics_Aditional,logistics-74-0
IPC00, Logistics_Aditional,logistics-74-1
IPC00, Logistics_Aditional,logistics-75-0
IPC00, Logistics_Aditional,logistics-75-1
IPC00, Logistics_Aditional,logistics-76-0
IPC00, Logistics_Aditional,logistics-76-1
IPC00, Logistics_Aditional,logistics-77-0
IPC00, Logistics_Aditional,logistics-77-1
IPC00, Logistics_Aditional,logistics-78-0
IPC00, Logistics_Aditional,logistics-78-1
IPC00, Logistics_Aditional,logistics-79-0
IPC00, Logistics_Aditional,logistics-79-1
IPC00, Logistics_Aditional,logistics-80-0
IPC00, Logistics_Aditional,logistics-80-1
IPC00, Logistics_Aditional,logistics-81-0
IPC00, Logistics_Aditional,logistics-81-1
IPC00, Logistics_Aditional,logistics-82-0
IPC00, Logistics_Aditional,logistics-82-1
IPC00, Logistics_Aditional,logistics-83-0
IPC00, Logistics_Aditional,logistics-83-1
IPC00, Logistics_Aditional,logistics-84-0
IPC00, Logistics_Aditional,logistics-84-1
IPC00, Logistics_Aditional,logistics-85-0
IPC00, Logistics_Aditional,logistics-85-1
IPC00, Logistics_Aditional,logistics-86-0
IPC00, Logistics_Aditional,logistics-86-1
IPC00, Logistics_Aditional,logistics-87-0
IPC00, Logistics_Aditional,logistics-87-1
IPC00, Logistics_Aditional,logistics-88-0
IPC00, Logistics_Aditional,logistics-88-1
IPC00, Logistics_Aditional,logistics-89-0
IPC00, Logistics_Aditional,logistics-89-1
IPC00, Logistics_Aditional,logistics-90-0
IPC00, Logistics_Aditional,logistics-90-1
IPC00, Logistics_Aditional,logistics-91-0
IPC00, Logistics_Aditional,logistics-91-1
IPC00, Logistics_Aditional,logistics-92-0
IPC00, Logistics_Aditional,logistics-92-1
IPC00, Logistics_Aditional,logistics-93-0
IPC00, Logistics_Aditional,logistics-93-1
IPC00, Logistics_Aditional,logistics-94-0
IPC00, Logistics_Aditional,logistics-94-1
IPC00, Logistics_Aditional,logistics-95-0
IPC00, Logistics_Aditional,logistics-95-1
IPC00, Logistics_Aditional,logistics-96-0
IPC00, Logistics_Aditional,logistics-96-1
IPC00, Logistics_Aditional,logistics-97-0
IPC00, Logistics_Aditional,logistics-97-1
IPC00, Logistics_Aditional,logistics-98-0
IPC00, Logistics_Aditional,logistics-98-1
IPC00, Logistics_Aditional,logistics-99-0
IPC00, Logistics_Aditional,logistics-99-1
IPC00, Schedule,schedule-10-0
IPC00, Schedule,schedule-10-1
IPC00, Schedule,schedule-10-2
IPC00, Schedule,schedule-10-3
IPC00, Schedule,schedule-10-4
IPC00, Schedule,schedule-10-5
IPC00, Schedule,schedule-10-6
IPC00, Schedule,schedule-10-7
IPC00, Schedule,schedule-10-8
IPC00, Schedule,schedule-10-9
IPC00, Schedule,schedule-11-0
IPC00, Schedule,schedule-11-1
IPC00, Schedule,schedule-11-2
IPC00, Schedule,schedule-11-3
IPC00, Schedule,schedule-11-4
IPC00, Schedule,schedule-11-5
IPC00, Schedule,schedule-11-6
IPC00, Schedule,schedule-11-7
IPC00, Schedule,schedule-11-8
IPC00, Schedule,schedule-11-9
IPC00, Schedule,schedule-12-0
IPC00, Schedule,schedule-12-1
IPC00, Schedule,schedule-12-2
IPC00, Schedule,schedule-12-3
IPC00, Schedule,schedule-12-4
IPC00, Schedule,schedule-12-5
IPC00, Schedule,schedule-12-6
IPC00, Schedule,schedule-12-7
IPC00, Schedule,schedule-12-8
IPC00, Schedule,schedule-12-9
IPC00, Schedule,schedule-13-0
IPC00, Schedule,schedule-13-1
IPC00, Schedule,schedule-13-2
IPC00, Schedule,schedule-13-3
IPC00, Schedule,schedule-13-4
IPC00, Schedule,schedule-13-5
IPC00, Schedule,schedule-13-6
IPC00, Schedule,schedule-13-7
IPC00, Schedule,schedule-13-8
IPC00, Schedule,schedule-13-9
IPC00, Schedule,schedule-14-0
IPC00, Schedule,schedule-14-1
IPC00, Schedule,schedule-14-2
IPC00, Schedule,schedule-14-3
IPC00, Schedule,schedule-14-4
IPC00, Schedule,schedule-14-5
IPC00, Schedule,schedule-14-6
IPC00, Schedule,schedule-14-7
IPC00, Schedule,schedule-14-8
IPC00, Schedule,schedule-14-9
IPC00, Schedule,schedule-15-0
IPC00, Schedule,schedule-15-1
IPC00, Schedule,schedule-15-2
IPC00, Schedule,schedule-15-3
IPC00, Schedule,schedule-15-4
IPC00, Schedule,schedule-15-5
IPC00, Schedule,schedule-15-6
IPC00, Schedule,schedule-15-7
IPC00, Schedule,schedule-15-8
IPC00, Schedule,schedule-15-9
IPC00, Schedule,schedule-16-0
IPC00, Schedule,schedule-16-1
IPC00, Schedule,schedule-16-2
IPC00, Schedule,schedule-16-3
IPC00, Schedule,schedule-16-4
IPC00, Schedule,schedule-16-5
IPC00, Schedule,schedule-16-6
IPC00, Schedule,schedule-16-7
IPC00, Schedule,schedule-16-8
IPC00, Schedule,schedule-16-9
IPC00, Schedule,schedule-17-0
IPC00, Schedule,schedule-17-1
IPC00, Schedule,schedule-17-2
IPC00, Schedule,schedule-17-3
IPC00, Schedule,schedule-17-4
IPC00, Schedule,schedule-17-5
IPC00, Schedule,schedule-17-6
IPC00, Schedule,schedule-17-7
IPC00, Schedule,schedule-17-8
IPC00, Schedule,schedule-17-9
IPC00, Schedule,schedule-18-0
IPC00, Schedule,schedule-18-1
IPC00, Schedule,schedule-18-2
IPC00, Schedule,schedule-18-3
IPC00, Schedule,schedule-18-4
IPC00, Schedule,schedule-18-5
IPC00, Schedule,schedule-18-6
IPC00, Schedule,schedule-18-7
IPC00, Schedule,schedule-18-8
IPC00, Schedule,schedule-18-9
IPC00, Schedule,schedule-19-0
IPC00, Schedule,schedule-19-1
IPC00, Schedule,schedule-19-2
IPC00, Schedule,schedule-19-3
IPC00, Schedule,schedule-19-4
IPC00, Schedule,schedule-19-5
IPC00, Schedule,schedule-19-6
IPC00, Schedule,schedule-19-7
IPC00, Schedule,schedule-19-8
IPC00, Schedule,schedule-19-9
IPC00, Schedule,schedule-2-0
IPC00, Schedule,schedule-20-0
IPC00, Schedule,schedule-20-1
IPC00, Schedule,schedule-20-2
IPC00, Schedule,schedule-20-3
IPC00, Schedule,schedule-20-4
IPC00, Schedule,schedule-20-5
IPC00, Schedule,schedule-20-6
IPC00, Schedule,schedule-20-7
IPC00, Schedule,schedule-20-8
IPC00, Schedule,schedule-20-9
IPC00, Schedule,schedule-2-1
IPC00, Schedule,schedule-21-0
IPC00, Schedule,schedule-21-1
IPC00, Schedule,schedule-21-2
IPC00, Schedule,schedule-21-3
IPC00, Schedule,schedule-21-4
IPC00, Schedule,schedule-21-5
IPC00, Schedule,schedule-21-6
IPC00, Schedule,schedule-21-7
IPC00, Schedule,schedule-21-8
IPC00, Schedule,schedule-21-9
IPC00, Schedule,schedule-2-2
IPC00, Schedule,schedule-22-0
IPC00, Schedule,schedule-22-1
IPC00, Schedule,schedule-22-2
IPC00, Schedule,schedule-22-3
IPC00, Schedule,schedule-22-4
IPC00, Schedule,schedule-22-5
IPC00, Schedule,schedule-22-6
IPC00, Schedule,schedule-22-7
IPC00, Schedule,schedule-22-8
IPC00, Schedule,schedule-22-9
IPC00, Schedule,schedule-2-3
IPC00, Schedule,schedule-23-0
IPC00, Schedule,schedule-23-1
IPC00, Schedule,schedule-23-2
IPC00, Schedule,schedule-23-3
IPC00, Schedule,schedule-23-4
IPC00, Schedule,schedule-23-5
IPC00, Schedule,schedule-23-6
IPC00, Schedule,schedule-23-7
IPC00, Schedule,schedule-23-8
IPC00, Schedule,schedule-23-9
IPC00, Schedule,schedule-2-4
IPC00, Schedule,schedule-24-0
IPC00, Schedule,schedule-24-1
IPC00, Schedule,schedule-24-2
IPC00, Schedule,schedule-24-3
IPC00, Schedule,schedule-24-4
IPC00, Schedule,schedule-24-5
IPC00, Schedule,schedule-24-6
IPC00, Schedule,schedule-24-7
IPC00, Schedule,schedule-24-8
IPC00, Schedule,schedule-24-9
IPC00, Schedule,schedule-2-5
IPC00, Schedule,schedule-25-0
IPC00, Schedule,schedule-25-1
IPC00, Schedule,schedule-25-2
IPC00, Schedule,schedule-25-3
IPC00, Schedule,schedule-25-4
IPC00, Schedule,schedule-25-5
IPC00, Schedule,schedule-25-6
IPC00, Schedule,schedule-25-7
IPC00, Schedule,schedule-25-8
IPC00, Schedule,schedule-25-9
IPC00, Schedule,schedule-2-6
IPC00, Schedule,schedule-26-0
IPC00, Schedule,schedule-26-1
IPC00, Schedule,schedule-26-2
IPC00, Schedule,schedule-26-3
IPC00, Schedule,schedule-26-4
IPC00, Schedule,schedule-26-5
IPC00, Schedule,schedule-26-6
IPC00, Schedule,schedule-26-7
IPC00, Schedule,schedule-26-8
IPC00, Schedule,schedule-26-9
IPC00, Schedule,schedule-2-7
IPC00, Schedule,schedule-27-0
IPC00, Schedule,schedule-27-1
IPC00, Schedule,schedule-27-2
IPC00, Schedule,schedule-27-3
IPC00, Schedule,schedule-27-4
IPC00, Schedule,schedule-27-5
IPC00, Schedule,schedule-27-6
IPC00, Schedule,schedule-27-7
IPC00, Schedule,schedule-27-8
IPC00, Schedule,schedule-27-9
IPC00, Schedule,schedule-2-8
IPC00, Schedule,schedule-28-0
IPC00, Schedule,schedule-28-1
IPC00, Schedule,schedule-28-2
IPC00, Schedule,schedule-28-3
IPC00, Schedule,schedule-28-4
IPC00, Schedule,schedule-28-5
IPC00, Schedule,schedule-28-6
IPC00, Schedule,schedule-28-7
IPC00, Schedule,schedule-28-8
IPC00, Schedule,schedule-28-9
IPC00, Schedule,schedule-2-9
IPC00, Schedule,schedule-29-0
IPC00, Schedule,schedule-29-1
IPC00, Schedule,schedule-29-2
IPC00, Schedule,schedule-29-3
IPC00, Schedule,schedule-29-4
IPC00, Schedule,schedule-29-5
IPC00, Schedule,schedule-29-6
IPC00, Schedule,schedule-29-7
IPC00, Schedule,schedule-29-8
IPC00, Schedule,schedule-29-9
IPC00, Schedule,schedule-3-0
IPC00, Schedule,schedule-30-0
IPC00, Schedule,schedule-30-1
IPC00, Schedule,schedule-30-2
IPC00, Schedule,schedule-30-3
IPC00, Schedule,schedule-30-4
IPC00, Schedule,schedule-30-5
IPC00, Schedule,schedule-30-6
IPC00, Schedule,schedule-30-7
IPC00, Schedule,schedule-30-8
IPC00, Schedule,schedule-30-9
IPC00, Schedule,schedule-3-1
IPC00, Schedule,schedule-31-0
IPC00, Schedule,schedule-31-1
IPC00, Schedule,schedule-31-2
IPC00, Schedule,schedule-31-3
IPC00, Schedule,schedule-31-4
IPC00, Schedule,schedule-31-5
IPC00, Schedule,schedule-31-6
IPC00, Schedule,schedule-31-7
IPC00, Schedule,schedule-31-8
IPC00, Schedule,schedule-31-9
IPC00, Schedule,schedule-3-2
IPC00, Schedule,schedule-32-0
IPC00, Schedule,schedule-32-1
IPC00, Schedule,schedule-32-2
IPC00, Schedule,schedule-32-3
IPC00, Schedule,schedule-32-4
IPC00, Schedule,schedule-32-5
IPC00, Schedule,schedule-32-6
IPC00, Schedule,schedule-32-7
IPC00, Schedule,schedule-32-8
IPC00, Schedule,schedule-32-9
IPC00, Schedule,schedule-3-3
IPC00, Schedule,schedule-33-0
IPC00, Schedule,schedule-33-1
IPC00, Schedule,schedule-33-2
IPC00, Schedule,schedule-33-3
IPC00, Schedule,schedule-33-4
IPC00, Schedule,schedule-33-5
IPC00, Schedule,schedule-33-6
IPC00, Schedule,schedule-33-7
IPC00, Schedule,schedule-33-8
IPC00, Schedule,schedule-33-9
IPC00, Schedule,schedule-3-4
IPC00, Schedule,schedule-34-0
IPC00, Schedule,schedule-34-1
IPC00, Schedule,schedule-34-2
IPC00, Schedule,schedule-34-3
IPC00, Schedule,schedule-34-4
IPC00, Schedule,schedule-34-5
IPC00, Schedule,schedule-34-6
IPC00, Schedule,schedule-34-7
IPC00, Schedule,schedule-34-8
IPC00, Schedule,schedule-34-9
IPC00, Schedule,schedule-3-5
IPC00, Schedule,schedule-35-0
IPC00, Schedule,schedule-35-1
IPC00, Schedule,schedule-35-2
IPC00, Schedule,schedule-35-3
IPC00, Schedule,schedule-35-4
IPC00, Schedule,schedule-35-5
IPC00, Schedule,schedule-35-6
IPC00, Schedule,schedule-35-7
IPC00, Schedule,schedule-35-8
IPC00, Schedule,schedule-35-9
IPC00, Schedule,schedule-3-6
IPC00, Schedule,schedule-36-0
IPC00, Schedule,schedule-36-1
IPC00, Schedule,schedule-36-2
IPC00, Schedule,schedule-36-3
IPC00, Schedule,schedule-36-4
IPC00, Schedule,schedule-36-5
IPC00, Schedule,schedule-36-6
IPC00, Schedule,schedule-36-7
IPC00, Schedule,schedule-36-8
IPC00, Schedule,schedule-36-9
IPC00, Schedule,schedule-3-7
IPC00, Schedule,schedule-37-0
IPC00, Schedule,schedule-37-1
IPC00, Schedule,schedule-37-2
IPC00, Schedule,schedule-37-3
IPC00, Schedule,schedule-37-4
IPC00, Schedule,schedule-37-5
IPC00, Schedule,schedule-37-6
IPC00, Schedule,schedule-37-7
IPC00, Schedule,schedule-37-8
IPC00, Schedule,schedule-37-9
IPC00, Schedule,schedule-3-8
IPC00, Schedule,schedule-38-0
IPC00, Schedule,schedule-38-1
IPC00, Schedule,schedule-38-2
IPC00, Schedule,schedule-38-3
IPC00, Schedule,schedule-38-4
IPC00, Schedule,schedule-38-5
IPC00, Schedule,schedule-38-6
IPC00, Schedule,schedule-38-7
IPC00, Schedule,schedule-38-8
IPC00, Schedule,schedule-38-9
IPC00, Schedule,schedule-3-9
IPC00, Schedule,schedule-39-0
IPC00, Schedule,schedule-39-1
IPC00, Schedule,schedule-39-2
IPC00, Schedule,schedule-39-3
IPC00, Schedule,schedule-39-4
IPC00, Schedule,schedule-39-5
IPC00, Schedule,schedule-39-6
IPC00, Schedule,schedule-39-7
IPC00, Schedule,schedule-39-8
IPC00, Schedule,schedule-39-9
IPC00, Schedule,schedule-4-0
IPC00, Schedule,schedule-40-0
IPC00, Schedule,schedule-40-1
IPC00, Schedule,schedule-40-2
IPC00, Schedule,schedule-40-3
IPC00, Schedule,schedule-40-4
IPC00, Schedule,schedule-40-5
IPC00, Schedule,schedule-40-6
IPC00, Schedule,schedule-40-7
IPC00, Schedule,schedule-40-8
IPC00, Schedule,schedule-40-9
IPC00, Schedule,schedule-4-1
IPC00, Schedule,schedule-41-0
IPC00, Schedule,schedule-41-1
IPC00, Schedule,schedule-41-2
IPC00, Schedule,schedule-41-3
IPC00, Schedule,schedule-41-4
IPC00, Schedule,schedule-41-5
IPC00, Schedule,schedule-41-6
IPC00, Schedule,schedule-41-7
IPC00, Schedule,schedule-41-8
IPC00, Schedule,schedule-41-9
IPC00, Schedule,schedule-4-2
IPC00, Schedule,schedule-42-0
IPC00, Schedule,schedule-42-1
IPC00, Schedule,schedule-42-2
IPC00, Schedule,schedule-42-3
IPC00, Schedule,schedule-42-4
IPC00, Schedule,schedule-42-5
IPC00, Schedule,schedule-42-6
IPC00, Schedule,schedule-42-7
IPC00, Schedule,schedule-42-8
IPC00, Schedule,schedule-42-9
IPC00, Schedule,schedule-4-3
IPC00, Schedule,schedule-43-0
IPC00, Schedule,schedule-43-1
IPC00, Schedule,schedule-43-2
IPC00, Schedule,schedule-43-3
IPC00, Schedule,schedule-43-4
IPC00, Schedule,schedule-43-5
IPC00, Schedule,schedule-43-6
IPC00, Schedule,schedule-43-7
IPC00, Schedule,schedule-43-8
IPC00, Schedule,schedule-43-9
IPC00, Schedule,schedule-4-4
IPC00, Schedule,schedule-44-0
IPC00, Schedule,schedule-44-1
IPC00, Schedule,schedule-44-2
IPC00, Schedule,schedule-44-3
IPC00, Schedule,schedule-44-4
IPC00, Schedule,schedule-44-5
IPC00, Schedule,schedule-44-6
IPC00, Schedule,schedule-44-7
IPC00, Schedule,schedule-44-8
IPC00, Schedule,schedule-44-9
IPC00, Schedule,schedule-4-5
IPC00, Schedule,schedule-45-0
IPC00, Schedule,schedule-45-1
IPC00, Schedule,schedule-45-2
IPC00, Schedule,schedule-45-3
IPC00, Schedule,schedule-45-4
IPC00, Schedule,schedule-45-5
IPC00, Schedule,schedule-45-6
IPC00, Schedule,schedule-45-7
IPC00, Schedule,schedule-45-8
IPC00, Schedule,schedule-45-9
IPC00, Schedule,schedule-4-6
IPC00, Schedule,schedule-46-0
IPC00, Schedule,schedule-46-1
IPC00, Schedule,schedule-46-2
IPC00, Schedule,schedule-46-3
IPC00, Schedule,schedule-46-4
IPC00, Schedule,schedule-46-5
IPC00, Schedule,schedule-46-6
IPC00, Schedule,schedule-46-7
IPC00, Schedule,schedule-46-8
IPC00, Schedule,schedule-46-9
IPC00, Schedule,schedule-4-7
IPC00, Schedule,schedule-47-0
IPC00, Schedule,schedule-47-1
IPC00, Schedule,schedule-47-2
IPC00, Schedule,schedule-47-3
IPC00, Schedule,schedule-47-4
IPC00, Schedule,schedule-47-5
IPC00, Schedule,schedule-47-6
IPC00, Schedule,schedule-47-7
IPC00, Schedule,schedule-47-8
IPC00, Schedule,schedule-47-9
IPC00, Schedule,schedule-4-8
IPC00, Schedule,schedule-48-0
IPC00, Schedule,schedule-48-1
IPC00, Schedule,schedule-48-2
IPC00, Schedule,schedule-48-3
IPC00, Schedule,schedule-48-4
IPC00, Schedule,schedule-48-5
IPC00, Schedule,schedule-48-6
IPC00, Schedule,schedule-48-7
IPC00, Schedule,schedule-48-8
IPC00, Schedule,schedule-48-9
IPC00, Schedule,schedule-4-9
IPC00, Schedule,schedule-49-0
IPC00, Schedule,schedule-49-1
IPC00, Schedule,schedule-49-2
IPC00, Schedule,schedule-49-3
IPC00, Schedule,schedule-49-4
IPC00, Schedule,schedule-49-5
IPC00, Schedule,schedule-49-6
IPC00, Schedule,schedule-49-7
IPC00, Schedule,schedule-49-8
IPC00, Schedule,schedule-49-9
IPC00, Schedule,schedule-5-0
IPC00, Schedule,schedule-50-0
IPC00, Schedule,schedule-50-1
IPC00, Schedule,schedule-50-2
IPC00, Schedule,schedule-50-3
IPC00, Schedule,schedule-50-4
IPC00, Schedule,schedule-50-5
IPC00, Schedule,schedule-50-6
IPC00, Schedule,schedule-50-7
IPC00, Schedule,schedule-50-8
IPC00, Schedule,schedule-50-9
IPC00, Schedule,schedule-5-1
IPC00, Schedule,schedule-51-0
IPC00, Schedule,schedule-51-1
IPC00, Schedule,schedule-51-2
IPC00, Schedule,schedule-51-3
IPC00, Schedule,schedule-51-4
IPC00, Schedule,schedule-51-5
IPC00, Schedule,schedule-51-6
IPC00, Schedule,schedule-51-7
IPC00, Schedule,schedule-51-8
IPC00, Schedule,schedule-51-9
IPC00, Schedule,schedule-5-2
IPC00, Schedule,schedule-5-3
IPC00, Schedule,schedule-5-4
IPC00, Schedule,schedule-5-5
IPC00, Schedule,schedule-5-6
IPC00, Schedule,schedule-5-7
IPC00, Schedule,schedule-5-8
IPC00, Schedule,schedule-5-9
IPC00, Schedule,schedule-6-0
IPC00, Schedule,schedule-6-1
IPC00, Schedule,schedule-6-2
IPC00, Schedule,schedule-6-3
IPC00, Schedule,schedule-6-4
IPC00, Schedule,schedule-6-5
IPC00, Schedule,schedule-6-6
IPC00, Schedule,schedule-6-7
IPC00, Schedule,schedule-6-8
IPC00, Schedule,schedule-6-9
IPC00, Schedule,schedule-7-0
IPC00, Schedule,schedule-7-1
IPC00, Schedule,schedule-7-2
IPC00, Schedule,schedule-7-3
IPC00, Schedule,schedule-7-4
IPC00, Schedule,schedule-7-5
IPC00, Schedule,schedule-7-6
IPC00, Schedule,schedule-7-7
IPC00, Schedule,schedule-7-8
IPC00, Schedule,schedule-7-9
IPC00, Schedule,schedule-8-0
IPC00, Schedule,schedule-8-1
IPC00, Schedule,schedule-8-2
IPC00, Schedule,schedule-8-3
IPC00, Schedule,schedule-8-4
IPC00, Schedule,schedule-8-5
IPC00, Schedule,schedule-8-6
IPC00, Schedule,schedule-8-7
IPC00, Schedule,schedule-8-8
IPC00, Schedule,schedule-8-9
IPC00, Schedule,schedule-9-0
IPC00, Schedule,schedule-9-1
IPC00, Schedule,schedule-9-2
IPC00, Schedule,schedule-9-3
IPC00, Schedule,schedule-9-4
IPC00, Schedule,schedule-9-5
IPC00, Schedule,schedule-9-6
IPC00, Schedule,schedule-9-7
IPC00, Schedule,schedule-9-8
IPC00, Schedule,schedule-9-9
