probname,filename,path,comp,dom,ex,ts,gl,fa,planner,ptime,psteps
assem-x-1,prob01.pddl,CompetitionsResults/IPC1998/domains/assembly/prob01.pddl,IPC1998,assembly,1,0,0,0,,,
assem-x-2,prob02.pddl,CompetitionsResults/IPC1998/domains/assembly/prob02.pddl,IPC1998,assembly,1,0,0,0,,,
assem-x-3,prob03.pddl,CompetitionsResults/IPC1998/domains/assembly/prob03.pddl,IPC1998,assembly,1,0,0,0,,,
assem-x-4,prob04.pddl,CompetitionsResults/IPC1998/domains/assembly/prob04.pddl,IPC1998,assembly,1,0,0,0,,,
assem-x-5,prob05.pddl,CompetitionsResults/IPC1998/domains/assembly/prob05.pddl,IPC1998,assembly,1,0,0,0,,,
assem-x-6,prob06.pddl,CompetitionsResults/IPC1998/domains/assembly/prob06.pddl,IPC1998,assembly,1,0,0,0,,,
assem-x-7,prob07.pddl,CompetitionsResults/IPC1998/domains/assembly/prob07.pddl,IPC1998,assembly,1,0,0,0,,,
assem-x-8,prob08.pddl,CompetitionsResults/IPC1998/domains/assembly/prob08.pddl,IPC1998,assembly,1,0,0,0,,,
assem-x-9,prob09.pddl,CompetitionsResults/IPC1998/domains/assembly/prob09.pddl,IPC1998,assembly,1,0,0,0,,,
assem-x-10,prob10.pddl,CompetitionsResults/IPC1998/domains/assembly/prob10.pddl,IPC1998,assembly,1,0,0,0,,,
assem-x-11,prob11.pddl,CompetitionsResults/IPC1998/domains/assembly/prob11.pddl,IPC1998,assembly,1,0,0,0,,,
assem-x-12,prob12.pddl,CompetitionsResults/IPC1998/domains/assembly/prob12.pddl,IPC1998,assembly,1,0,0,0,,,
assem-x-13,prob13.pddl,CompetitionsResults/IPC1998/domains/assembly/prob13.pddl,IPC1998,assembly,1,0,0,0,,,
assem-x-14,prob14.pddl,CompetitionsResults/IPC1998/domains/assembly/prob14.pddl,IPC1998,assembly,1,0,0,0,,,
assem-x-15,prob15.pddl,CompetitionsResults/IPC1998/domains/assembly/prob15.pddl,IPC1998,assembly,1,0,0,0,,,
assem-x-16,prob16.pddl,CompetitionsResults/IPC1998/domains/assembly/prob16.pddl,IPC1998,assembly,1,0,0,0,,,
assem-x-17,prob17.pddl,CompetitionsResults/IPC1998/domains/assembly/prob17.pddl,IPC1998,assembly,1,0,0,0,,,
assem-x-18,prob18.pddl,CompetitionsResults/IPC1998/domains/assembly/prob18.pddl,IPC1998,assembly,1,0,0,0,,,
assem-x-19,prob19.pddl,CompetitionsResults/IPC1998/domains/assembly/prob19.pddl,IPC1998,assembly,1,0,0,0,,,
assem-x-20,prob20.pddl,CompetitionsResults/IPC1998/domains/assembly/prob20.pddl,IPC1998,assembly,1,0,0,0,,,
assem-x-21,prob21.pddl,CompetitionsResults/IPC1998/domains/assembly/prob21.pddl,IPC1998,assembly,1,0,0,0,,,
assem-x-22,prob22.pddl,CompetitionsResults/IPC1998/domains/assembly/prob22.pddl,IPC1998,assembly,1,0,0,0,,,
assem-x-23,prob23.pddl,CompetitionsResults/IPC1998/domains/assembly/prob23.pddl,IPC1998,assembly,1,0,0,0,,,
assem-x-24,prob24.pddl,CompetitionsResults/IPC1998/domains/assembly/prob24.pddl,IPC1998,assembly,1,0,0,0,,,
assem-x-25,prob25.pddl,CompetitionsResults/IPC1998/domains/assembly/prob25.pddl,IPC1998,assembly,1,0,0,0,,,
assem-x-26,prob26.pddl,CompetitionsResults/IPC1998/domains/assembly/prob26.pddl,IPC1998,assembly,1,0,0,0,,,
assem-x-27,prob27.pddl,CompetitionsResults/IPC1998/domains/assembly/prob27.pddl,IPC1998,assembly,1,0,0,0,,,
assem-x-28,prob28.pddl,CompetitionsResults/IPC1998/domains/assembly/prob28.pddl,IPC1998,assembly,1,0,0,0,,,
assem-x-29,prob29.pddl,CompetitionsResults/IPC1998/domains/assembly/prob29.pddl,IPC1998,assembly,1,0,0,0,,,
assem-x-30,prob30.pddl,CompetitionsResults/IPC1998/domains/assembly/prob30.pddl,IPC1998,assembly,1,0,0,0,,,
strips-gripper-x-1,prob01.pddl,CompetitionsResults/IPC1998/domains/gripper/prob01.pddl,IPC1998,gripper,1,11,1,3,STAN,46,11
strips-gripper-x-1,prob01.pddl,CompetitionsResults/IPC1998/domains/gripper/prob01.pddl,IPC1998,gripper,1,11,1,3,IPP,50,15
strips-gripper-x-1,prob01.pddl,CompetitionsResults/IPC1998/domains/gripper/prob01.pddl,IPC1998,gripper,1,11,1,3,BLACKBOX,113,11
strips-gripper-x-1,prob01.pddl,CompetitionsResults/IPC1998/domains/gripper/prob01.pddl,IPC1998,gripper,1,11,1,3,HSP,2007,13
strips-gripper-x-2,prob02.pddl,CompetitionsResults/IPC1998/domains/gripper/prob02.pddl,IPC1998,gripper,1,17,1,3,IPP,380,23
strips-gripper-x-2,prob02.pddl,CompetitionsResults/IPC1998/domains/gripper/prob02.pddl,IPC1998,gripper,1,17,1,3,STAN,1075,17
strips-gripper-x-2,prob02.pddl,CompetitionsResults/IPC1998/domains/gripper/prob02.pddl,IPC1998,gripper,1,17,1,3,HSP,2150,21
strips-gripper-x-2,prob02.pddl,CompetitionsResults/IPC1998/domains/gripper/prob02.pddl,IPC1998,gripper,1,17,1,3,BLACKBOX,7820,17
strips-gripper-x-3,prob03.pddl,CompetitionsResults/IPC1998/domains/gripper/prob03.pddl,IPC1998,gripper,1,23,1,3,HSP,2485,31
strips-gripper-x-3,prob03.pddl,CompetitionsResults/IPC1998/domains/gripper/prob03.pddl,IPC1998,gripper,1,23,1,3,IPP,3270,31
strips-gripper-x-3,prob03.pddl,CompetitionsResults/IPC1998/domains/gripper/prob03.pddl,IPC1998,gripper,1,23,1,3,STAN,54693,23
strips-gripper-x-4,prob04.pddl,CompetitionsResults/IPC1998/domains/gripper/prob04.pddl,IPC1998,gripper,1,0,1,3,HSP,3060,37
strips-gripper-x-4,prob04.pddl,CompetitionsResults/IPC1998/domains/gripper/prob04.pddl,IPC1998,gripper,1,0,1,3,IPP,26680,39
strips-gripper-x-4,prob04.pddl,CompetitionsResults/IPC1998/domains/gripper/prob04.pddl,IPC1998,gripper,1,0,1,3,STAN,3038381,29
strips-gripper-x-5,prob05.pddl,CompetitionsResults/IPC1998/domains/gripper/prob05.pddl,IPC1998,gripper,1,0,1,3,HSP,3320,47
strips-gripper-x-5,prob05.pddl,CompetitionsResults/IPC1998/domains/gripper/prob05.pddl,IPC1998,gripper,1,0,1,3,IPP,226460,47
strips-gripper-x-5,prob05.pddl,CompetitionsResults/IPC1998/domains/gripper/prob05.pddl,IPC1998,gripper,1,0,1,3,STAN,3600100,-1
strips-gripper-x-6,prob06.pddl,CompetitionsResults/IPC1998/domains/gripper/prob06.pddl,IPC1998,gripper,1,0,1,3,HSP,3779,53
strips-gripper-x-6,prob06.pddl,CompetitionsResults/IPC1998/domains/gripper/prob06.pddl,IPC1998,gripper,1,0,1,3,STAN,3600413,-1
strips-gripper-x-7,prob07.pddl,CompetitionsResults/IPC1998/domains/gripper/prob07.pddl,IPC1998,gripper,1,0,1,3,HSP,4797,63
strips-gripper-x-7,prob07.pddl,CompetitionsResults/IPC1998/domains/gripper/prob07.pddl,IPC1998,gripper,1,0,1,3,STAN,3600862,-1
strips-gripper-x-8,prob08.pddl,CompetitionsResults/IPC1998/domains/gripper/prob08.pddl,IPC1998,gripper,1,0,1,3,HSP,5565,71
strips-gripper-x-8,prob08.pddl,CompetitionsResults/IPC1998/domains/gripper/prob08.pddl,IPC1998,gripper,1,0,1,3,STAN,3600935,-1
strips-gripper-x-9,prob09.pddl,CompetitionsResults/IPC1998/domains/gripper/prob09.pddl,IPC1998,gripper,1,0,1,3,HSP,6675,79
strips-gripper-x-9,prob09.pddl,CompetitionsResults/IPC1998/domains/gripper/prob09.pddl,IPC1998,gripper,1,0,1,3,STAN,3605896,-1
strips-gripper-x-10,prob10.pddl,CompetitionsResults/IPC1998/domains/gripper/prob10.pddl,IPC1998,gripper,1,0,1,3,HSP,7583,85
strips-gripper-x-10,prob10.pddl,CompetitionsResults/IPC1998/domains/gripper/prob10.pddl,IPC1998,gripper,1,0,1,3,STAN,3602702,-1
strips-gripper-x-11,prob11.pddl,CompetitionsResults/IPC1998/domains/gripper/prob11.pddl,IPC1998,gripper,1,0,1,3,HSP,9060,93
strips-gripper-x-11,prob11.pddl,CompetitionsResults/IPC1998/domains/gripper/prob11.pddl,IPC1998,gripper,1,0,1,3,STAN,3600646,-1
strips-gripper-x-12,prob12.pddl,CompetitionsResults/IPC1998/domains/gripper/prob12.pddl,IPC1998,gripper,1,0,1,3,HSP,10617,101
strips-gripper-x-12,prob12.pddl,CompetitionsResults/IPC1998/domains/gripper/prob12.pddl,IPC1998,gripper,1,0,1,3,STAN,3600893,-1
strips-gripper-x-13,prob13.pddl,CompetitionsResults/IPC1998/domains/gripper/prob13.pddl,IPC1998,gripper,1,0,1,3,HSP,12499,109
strips-gripper-x-13,prob13.pddl,CompetitionsResults/IPC1998/domains/gripper/prob13.pddl,IPC1998,gripper,1,0,1,3,STAN,3600621,-1
strips-gripper-x-14,prob14.pddl,CompetitionsResults/IPC1998/domains/gripper/prob14.pddl,IPC1998,gripper,1,0,1,3,HSP,15050,119
strips-gripper-x-14,prob14.pddl,CompetitionsResults/IPC1998/domains/gripper/prob14.pddl,IPC1998,gripper,1,0,1,3,STAN,3600735,-1
strips-gripper-x-15,prob15.pddl,CompetitionsResults/IPC1998/domains/gripper/prob15.pddl,IPC1998,gripper,1,0,1,3,HSP,16886,125
strips-gripper-x-15,prob15.pddl,CompetitionsResults/IPC1998/domains/gripper/prob15.pddl,IPC1998,gripper,1,0,1,3,STAN,3600666,-1
strips-gripper-x-16,prob16.pddl,CompetitionsResults/IPC1998/domains/gripper/prob16.pddl,IPC1998,gripper,1,0,1,3,HSP,20084,135
strips-gripper-x-16,prob16.pddl,CompetitionsResults/IPC1998/domains/gripper/prob16.pddl,IPC1998,gripper,1,0,1,3,STAN,3600684,-1
strips-gripper-x-17,prob17.pddl,CompetitionsResults/IPC1998/domains/gripper/prob17.pddl,IPC1998,gripper,1,0,1,3,HSP,23613,143
strips-gripper-x-17,prob17.pddl,CompetitionsResults/IPC1998/domains/gripper/prob17.pddl,IPC1998,gripper,1,0,1,3,STAN,3600716,-1
strips-gripper-x-18,prob18.pddl,CompetitionsResults/IPC1998/domains/gripper/prob18.pddl,IPC1998,gripper,1,0,1,3,HSP,26973,151
strips-gripper-x-18,prob18.pddl,CompetitionsResults/IPC1998/domains/gripper/prob18.pddl,IPC1998,gripper,1,0,1,3,STAN,3600689,-1
strips-gripper-x-19,prob19.pddl,CompetitionsResults/IPC1998/domains/gripper/prob19.pddl,IPC1998,gripper,1,0,1,3,HSP,29851,157
strips-gripper-x-19,prob19.pddl,CompetitionsResults/IPC1998/domains/gripper/prob19.pddl,IPC1998,gripper,1,0,1,3,STAN,3600699,-1
strips-gripper-x-20,prob20.pddl,CompetitionsResults/IPC1998/domains/gripper/prob20.pddl,IPC1998,gripper,1,0,1,3,HSP,33210,165
strips-gripper-x-20,prob20.pddl,CompetitionsResults/IPC1998/domains/gripper/prob20.pddl,IPC1998,gripper,1,0,1,3,STAN,3600687,-1
strips-log-x-1,prob01.pddl,CompetitionsResults/IPC1998/domains/logistics/prob01.pddl,IPC1998,logistics,1,27,1,9,STAN,767,27
strips-log-x-1,prob01.pddl,CompetitionsResults/IPC1998/domains/logistics/prob01.pddl,IPC1998,logistics,1,27,1,9,IPP,900,26
strips-log-x-1,prob01.pddl,CompetitionsResults/IPC1998/domains/logistics/prob01.pddl,IPC1998,logistics,1,27,1,9,BLACKBOX,2062,27
strips-log-x-1,prob01.pddl,CompetitionsResults/IPC1998/domains/logistics/prob01.pddl,IPC1998,logistics,1,27,1,9,HSP,79682,43
strips-log-x-2,prob02.pddl,CompetitionsResults/IPC1998/domains/logistics/prob02.pddl,IPC1998,logistics,1,32,1,7,STAN,4319,32
strips-log-x-2,prob02.pddl,CompetitionsResults/IPC1998/domains/logistics/prob02.pddl,IPC1998,logistics,1,32,1,7,BLACKBOX,6436,32
strips-log-x-2,prob02.pddl,CompetitionsResults/IPC1998/domains/logistics/prob02.pddl,IPC1998,logistics,1,32,1,7,HSP,97114,44
strips-log-x-3,prob03.pddl,CompetitionsResults/IPC1998/domains/logistics/prob03.pddl,IPC1998,logistics,1,0,1,10,,,
strips-log-x-4,prob04.pddl,CompetitionsResults/IPC1998/domains/logistics/prob04.pddl,IPC1998,logistics,1,0,1,10,,,
strips-log-x-5,prob05.pddl,CompetitionsResults/IPC1998/domains/logistics/prob05.pddl,IPC1998,logistics,1,23,1,8,IPP,2400,24
strips-log-x-5,prob05.pddl,CompetitionsResults/IPC1998/domains/logistics/prob05.pddl,IPC1998,logistics,1,23,1,8,HSP,14413,26
strips-log-x-5,prob05.pddl,CompetitionsResults/IPC1998/domains/logistics/prob05.pddl,IPC1998,logistics,1,23,1,8,STAN,364932,29
strips-log-x-6,prob06.pddl,CompetitionsResults/IPC1998/domains/logistics/prob06.pddl,IPC1998,logistics,1,0,1,10,,,
strips-log-x-7,prob07.pddl,CompetitionsResults/IPC1998/domains/logistics/prob07.pddl,IPC1998,logistics,1,42,1,9,HSP,788914,112
strips-log-x-7,prob07.pddl,CompetitionsResults/IPC1998/domains/logistics/prob07.pddl,IPC1998,logistics,1,42,1,9,STAN,15973,-1
strips-log-x-8,prob08.pddl,CompetitionsResults/IPC1998/domains/logistics/prob08.pddl,IPC1998,logistics,1,0,1,10,,,
strips-log-x-9,prob09.pddl,CompetitionsResults/IPC1998/domains/logistics/prob09.pddl,IPC1998,logistics,1,0,1,10,,,
strips-log-x-10,prob10.pddl,CompetitionsResults/IPC1998/domains/logistics/prob10.pddl,IPC1998,logistics,1,0,1,9,,,
strips-log-x-11,prob11.pddl,CompetitionsResults/IPC1998/domains/logistics/prob11.pddl,IPC1998,logistics,1,32,1,9,,,
strips-log-x-12,prob12.pddl,CompetitionsResults/IPC1998/domains/logistics/prob12.pddl,IPC1998,logistics,1,43,1,9,,,
strips-log-x-13,prob13.pddl,CompetitionsResults/IPC1998/domains/logistics/prob13.pddl,IPC1998,logistics,1,0,1,0,,,
strips-log-x-14,prob14.pddl,CompetitionsResults/IPC1998/domains/logistics/prob14.pddl,IPC1998,logistics,1,0,1,9,,,
strips-log-x-15,prob15.pddl,CompetitionsResults/IPC1998/domains/logistics/prob15.pddl,IPC1998,logistics,1,0,1,11,,,
strips-log-x-16,prob16.pddl,CompetitionsResults/IPC1998/domains/logistics/prob16.pddl,IPC1998,logistics,1,65,1,10,,,
strips-log-x-17,prob17.pddl,CompetitionsResults/IPC1998/domains/logistics/prob17.pddl,IPC1998,logistics,1,59,1,9,,,
strips-log-x-18,prob18.pddl,CompetitionsResults/IPC1998/domains/logistics/prob18.pddl,IPC1998,logistics,1,0,1,0,,,
strips-log-x-19,prob19.pddl,CompetitionsResults/IPC1998/domains/logistics/prob19.pddl,IPC1998,logistics,1,0,1,10,,,
strips-log-x-20,prob20.pddl,CompetitionsResults/IPC1998/domains/logistics/prob20.pddl,IPC1998,logistics,1,0,1,0,,,
strips-log-x-21,prob21.pddl,CompetitionsResults/IPC1998/domains/logistics/prob21.pddl,IPC1998,logistics,1,112,1,10,,,
strips-log-x-22,prob22.pddl,CompetitionsResults/IPC1998/domains/logistics/prob22.pddl,IPC1998,logistics,1,0,1,0,,,
strips-log-x-23,prob23.pddl,CompetitionsResults/IPC1998/domains/logistics/prob23.pddl,IPC1998,logistics,1,0,1,9,,,
strips-log-x-24,prob24.pddl,CompetitionsResults/IPC1998/domains/logistics/prob24.pddl,IPC1998,logistics,1,43,1,10,,,
strips-log-x-25,prob25.pddl,CompetitionsResults/IPC1998/domains/logistics/prob25.pddl,IPC1998,logistics,1,0,1,0,,,
strips-log-x-26,prob26.pddl,CompetitionsResults/IPC1998/domains/logistics/prob26.pddl,IPC1998,logistics,1,0,0,0,,,
strips-log-x-27,prob27.pddl,CompetitionsResults/IPC1998/domains/logistics/prob27.pddl,IPC1998,logistics,1,0,0,0,,,
strips-log-x-28,prob28.pddl,CompetitionsResults/IPC1998/domains/logistics/prob28.pddl,IPC1998,logistics,1,0,0,0,,,
strips-log-x-29,prob29.pddl,CompetitionsResults/IPC1998/domains/logistics/prob29.pddl,IPC1998,logistics,1,0,0,0,,,
strips-log-x-30,prob30.pddl,CompetitionsResults/IPC1998/domains/logistics/prob30.pddl,IPC1998,logistics,1,0,0,0,,,
strips-log-y-1,prob31.pddl,CompetitionsResults/IPC1998/domains/logistics/prob31.pddl,IPC1998,logistics,1,13,0,6,,,
strips-log-y-2,prob32.pddl,CompetitionsResults/IPC1998/domains/logistics/prob32.pddl,IPC1998,logistics,1,20,0,9,,,
strips-log-y-3,prob33.pddl,CompetitionsResults/IPC1998/domains/logistics/prob33.pddl,IPC1998,logistics,1,27,0,8,,,
strips-log-y-4,prob34.pddl,CompetitionsResults/IPC1998/domains/logistics/prob34.pddl,IPC1998,logistics,1,52,0,9,,,
strips-log-y-5,prob35.pddl,CompetitionsResults/IPC1998/domains/logistics/prob35.pddl,IPC1998,logistics,1,0,0,0,,,
strips-movie-x-1,prob01.pddl,CompetitionsResults/IPC1998/domains/movie/prob01.pddl,IPC1998,movie,1,7,1,2,IPP,10,7
strips-movie-x-1,prob01.pddl,CompetitionsResults/IPC1998/domains/movie/prob01.pddl,IPC1998,movie,1,7,1,2,BLACKBOX,11,7
strips-movie-x-1,prob01.pddl,CompetitionsResults/IPC1998/domains/movie/prob01.pddl,IPC1998,movie,1,7,1,2,STAN,19,7
strips-movie-x-1,prob01.pddl,CompetitionsResults/IPC1998/domains/movie/prob01.pddl,IPC1998,movie,1,7,1,2,HSP,2121,7
strips-movie-x-2,prob02.pddl,CompetitionsResults/IPC1998/domains/movie/prob02.pddl,IPC1998,movie,1,7,1,2,IPP,10,7
strips-movie-x-2,prob02.pddl,CompetitionsResults/IPC1998/domains/movie/prob02.pddl,IPC1998,movie,1,7,1,2,BLACKBOX,12,7
strips-movie-x-2,prob02.pddl,CompetitionsResults/IPC1998/domains/movie/prob02.pddl,IPC1998,movie,1,7,1,2,STAN,18,7
strips-movie-x-2,prob02.pddl,CompetitionsResults/IPC1998/domains/movie/prob02.pddl,IPC1998,movie,1,7,1,2,HSP,2104,7
strips-movie-x-3,prob03.pddl,CompetitionsResults/IPC1998/domains/movie/prob03.pddl,IPC1998,movie,1,7,1,2,IPP,10,7
strips-movie-x-3,prob03.pddl,CompetitionsResults/IPC1998/domains/movie/prob03.pddl,IPC1998,movie,1,7,1,2,BLACKBOX,14,7
strips-movie-x-3,prob03.pddl,CompetitionsResults/IPC1998/domains/movie/prob03.pddl,IPC1998,movie,1,7,1,2,STAN,19,7
strips-movie-x-3,prob03.pddl,CompetitionsResults/IPC1998/domains/movie/prob03.pddl,IPC1998,movie,1,7,1,2,HSP,2144,7
strips-movie-x-4,prob04.pddl,CompetitionsResults/IPC1998/domains/movie/prob04.pddl,IPC1998,movie,1,7,1,2,IPP,10,7
strips-movie-x-4,prob04.pddl,CompetitionsResults/IPC1998/domains/movie/prob04.pddl,IPC1998,movie,1,7,1,2,BLACKBOX,16,7
strips-movie-x-4,prob04.pddl,CompetitionsResults/IPC1998/domains/movie/prob04.pddl,IPC1998,movie,1,7,1,2,STAN,20,7
strips-movie-x-4,prob04.pddl,CompetitionsResults/IPC1998/domains/movie/prob04.pddl,IPC1998,movie,1,7,1,2,HSP,2188,7
strips-movie-x-5,prob05.pddl,CompetitionsResults/IPC1998/domains/movie/prob05.pddl,IPC1998,movie,1,7,1,2,IPP,10,7
strips-movie-x-5,prob05.pddl,CompetitionsResults/IPC1998/domains/movie/prob05.pddl,IPC1998,movie,1,7,1,2,BLACKBOX,18,7
strips-movie-x-5,prob05.pddl,CompetitionsResults/IPC1998/domains/movie/prob05.pddl,IPC1998,movie,1,7,1,2,STAN,21,7
strips-movie-x-5,prob05.pddl,CompetitionsResults/IPC1998/domains/movie/prob05.pddl,IPC1998,movie,1,7,1,2,HSP,2208,7
strips-movie-x-6,prob06.pddl,CompetitionsResults/IPC1998/domains/movie/prob06.pddl,IPC1998,movie,1,7,1,2,IPP,10,7
strips-movie-x-6,prob06.pddl,CompetitionsResults/IPC1998/domains/movie/prob06.pddl,IPC1998,movie,1,7,1,2,BLACKBOX,20,7
strips-movie-x-6,prob06.pddl,CompetitionsResults/IPC1998/domains/movie/prob06.pddl,IPC1998,movie,1,7,1,2,STAN,22,7
strips-movie-x-6,prob06.pddl,CompetitionsResults/IPC1998/domains/movie/prob06.pddl,IPC1998,movie,1,7,1,2,HSP,2617,7
strips-movie-x-7,prob07.pddl,CompetitionsResults/IPC1998/domains/movie/prob07.pddl,IPC1998,movie,1,7,1,2,IPP,20,7
strips-movie-x-7,prob07.pddl,CompetitionsResults/IPC1998/domains/movie/prob07.pddl,IPC1998,movie,1,7,1,2,STAN,22,7
strips-movie-x-7,prob07.pddl,CompetitionsResults/IPC1998/domains/movie/prob07.pddl,IPC1998,movie,1,7,1,2,BLACKBOX,22,7
strips-movie-x-7,prob07.pddl,CompetitionsResults/IPC1998/domains/movie/prob07.pddl,IPC1998,movie,1,7,1,2,HSP,2316,7
strips-movie-x-8,prob08.pddl,CompetitionsResults/IPC1998/domains/movie/prob08.pddl,IPC1998,movie,1,7,1,2,IPP,20,7
strips-movie-x-8,prob08.pddl,CompetitionsResults/IPC1998/domains/movie/prob08.pddl,IPC1998,movie,1,7,1,2,STAN,23,7
strips-movie-x-8,prob08.pddl,CompetitionsResults/IPC1998/domains/movie/prob08.pddl,IPC1998,movie,1,7,1,2,BLACKBOX,24,7
strips-movie-x-8,prob08.pddl,CompetitionsResults/IPC1998/domains/movie/prob08.pddl,IPC1998,movie,1,7,1,2,HSP,2315,7
strips-movie-x-9,prob09.pddl,CompetitionsResults/IPC1998/domains/movie/prob09.pddl,IPC1998,movie,1,7,1,2,STAN,25,7
strips-movie-x-9,prob09.pddl,CompetitionsResults/IPC1998/domains/movie/prob09.pddl,IPC1998,movie,1,7,1,2,BLACKBOX,26,7
strips-movie-x-9,prob09.pddl,CompetitionsResults/IPC1998/domains/movie/prob09.pddl,IPC1998,movie,1,7,1,2,HSP,2357,7
strips-movie-x-10,prob10.pddl,CompetitionsResults/IPC1998/domains/movie/prob10.pddl,IPC1998,movie,1,7,1,2,IPP,10,7
strips-movie-x-10,prob10.pddl,CompetitionsResults/IPC1998/domains/movie/prob10.pddl,IPC1998,movie,1,7,1,2,STAN,26,7
strips-movie-x-10,prob10.pddl,CompetitionsResults/IPC1998/domains/movie/prob10.pddl,IPC1998,movie,1,7,1,2,BLACKBOX,29,7
strips-movie-x-10,prob10.pddl,CompetitionsResults/IPC1998/domains/movie/prob10.pddl,IPC1998,movie,1,7,1,2,HSP,2511,7
strips-movie-x-11,prob11.pddl,CompetitionsResults/IPC1998/domains/movie/prob11.pddl,IPC1998,movie,1,7,1,2,STAN,27,7
strips-movie-x-11,prob11.pddl,CompetitionsResults/IPC1998/domains/movie/prob11.pddl,IPC1998,movie,1,7,1,2,IPP,30,7
strips-movie-x-11,prob11.pddl,CompetitionsResults/IPC1998/domains/movie/prob11.pddl,IPC1998,movie,1,7,1,2,BLACKBOX,30,7
strips-movie-x-11,prob11.pddl,CompetitionsResults/IPC1998/domains/movie/prob11.pddl,IPC1998,movie,1,7,1,2,HSP,2427,7
strips-movie-x-12,prob12.pddl,CompetitionsResults/IPC1998/domains/movie/prob12.pddl,IPC1998,movie,1,7,1,2,STAN,28,7
strips-movie-x-12,prob12.pddl,CompetitionsResults/IPC1998/domains/movie/prob12.pddl,IPC1998,movie,1,7,1,2,IPP,30,7
strips-movie-x-12,prob12.pddl,CompetitionsResults/IPC1998/domains/movie/prob12.pddl,IPC1998,movie,1,7,1,2,BLACKBOX,32,7
strips-movie-x-12,prob12.pddl,CompetitionsResults/IPC1998/domains/movie/prob12.pddl,IPC1998,movie,1,7,1,2,HSP,2456,7
strips-movie-x-13,prob13.pddl,CompetitionsResults/IPC1998/domains/movie/prob13.pddl,IPC1998,movie,1,7,1,2,IPP,20,7
strips-movie-x-13,prob13.pddl,CompetitionsResults/IPC1998/domains/movie/prob13.pddl,IPC1998,movie,1,7,1,2,STAN,29,7
strips-movie-x-13,prob13.pddl,CompetitionsResults/IPC1998/domains/movie/prob13.pddl,IPC1998,movie,1,7,1,2,BLACKBOX,36,7
strips-movie-x-13,prob13.pddl,CompetitionsResults/IPC1998/domains/movie/prob13.pddl,IPC1998,movie,1,7,1,2,HSP,3070,7
strips-movie-x-14,prob14.pddl,CompetitionsResults/IPC1998/domains/movie/prob14.pddl,IPC1998,movie,1,7,1,2,IPP,30,7
strips-movie-x-14,prob14.pddl,CompetitionsResults/IPC1998/domains/movie/prob14.pddl,IPC1998,movie,1,7,1,2,STAN,31,7
strips-movie-x-14,prob14.pddl,CompetitionsResults/IPC1998/domains/movie/prob14.pddl,IPC1998,movie,1,7,1,2,BLACKBOX,35,7
strips-movie-x-14,prob14.pddl,CompetitionsResults/IPC1998/domains/movie/prob14.pddl,IPC1998,movie,1,7,1,2,HSP,2573,7
strips-movie-x-15,prob15.pddl,CompetitionsResults/IPC1998/domains/movie/prob15.pddl,IPC1998,movie,1,7,1,2,IPP,30,7
strips-movie-x-15,prob15.pddl,CompetitionsResults/IPC1998/domains/movie/prob15.pddl,IPC1998,movie,1,7,1,2,STAN,32,7
strips-movie-x-15,prob15.pddl,CompetitionsResults/IPC1998/domains/movie/prob15.pddl,IPC1998,movie,1,7,1,2,BLACKBOX,38,7
strips-movie-x-15,prob15.pddl,CompetitionsResults/IPC1998/domains/movie/prob15.pddl,IPC1998,movie,1,7,1,2,HSP,2577,7
strips-movie-x-16,prob16.pddl,CompetitionsResults/IPC1998/domains/movie/prob16.pddl,IPC1998,movie,1,7,1,2,IPP,10,7
strips-movie-x-16,prob16.pddl,CompetitionsResults/IPC1998/domains/movie/prob16.pddl,IPC1998,movie,1,7,1,2,STAN,34,7
strips-movie-x-16,prob16.pddl,CompetitionsResults/IPC1998/domains/movie/prob16.pddl,IPC1998,movie,1,7,1,2,BLACKBOX,39,7
strips-movie-x-16,prob16.pddl,CompetitionsResults/IPC1998/domains/movie/prob16.pddl,IPC1998,movie,1,7,1,2,HSP,2699,7
strips-movie-x-17,prob17.pddl,CompetitionsResults/IPC1998/domains/movie/prob17.pddl,IPC1998,movie,1,7,1,2,IPP,30,7
strips-movie-x-17,prob17.pddl,CompetitionsResults/IPC1998/domains/movie/prob17.pddl,IPC1998,movie,1,7,1,2,STAN,35,7
strips-movie-x-17,prob17.pddl,CompetitionsResults/IPC1998/domains/movie/prob17.pddl,IPC1998,movie,1,7,1,2,BLACKBOX,41,7
strips-movie-x-17,prob17.pddl,CompetitionsResults/IPC1998/domains/movie/prob17.pddl,IPC1998,movie,1,7,1,2,HSP,2645,7
strips-movie-x-18,prob18.pddl,CompetitionsResults/IPC1998/domains/movie/prob18.pddl,IPC1998,movie,1,7,1,2,IPP,10,7
strips-movie-x-18,prob18.pddl,CompetitionsResults/IPC1998/domains/movie/prob18.pddl,IPC1998,movie,1,7,1,2,STAN,37,7
strips-movie-x-18,prob18.pddl,CompetitionsResults/IPC1998/domains/movie/prob18.pddl,IPC1998,movie,1,7,1,2,BLACKBOX,43,7
strips-movie-x-18,prob18.pddl,CompetitionsResults/IPC1998/domains/movie/prob18.pddl,IPC1998,movie,1,7,1,2,HSP,2686,7
strips-movie-x-19,prob19.pddl,CompetitionsResults/IPC1998/domains/movie/prob19.pddl,IPC1998,movie,1,7,1,2,IPP,30,7
strips-movie-x-19,prob19.pddl,CompetitionsResults/IPC1998/domains/movie/prob19.pddl,IPC1998,movie,1,7,1,2,STAN,39,7
strips-movie-x-19,prob19.pddl,CompetitionsResults/IPC1998/domains/movie/prob19.pddl,IPC1998,movie,1,7,1,2,BLACKBOX,45,7
strips-movie-x-19,prob19.pddl,CompetitionsResults/IPC1998/domains/movie/prob19.pddl,IPC1998,movie,1,7,1,2,HSP,2727,7
strips-movie-x-20,prob20.pddl,CompetitionsResults/IPC1998/domains/movie/prob20.pddl,IPC1998,movie,1,7,1,2,IPP,20,7
strips-movie-x-20,prob20.pddl,CompetitionsResults/IPC1998/domains/movie/prob20.pddl,IPC1998,movie,1,7,1,2,STAN,40,7
strips-movie-x-20,prob20.pddl,CompetitionsResults/IPC1998/domains/movie/prob20.pddl,IPC1998,movie,1,7,1,2,BLACKBOX,47,7
strips-movie-x-20,prob20.pddl,CompetitionsResults/IPC1998/domains/movie/prob20.pddl,IPC1998,movie,1,7,1,2,HSP,2787,7
strips-movie-x-21,prob21.pddl,CompetitionsResults/IPC1998/domains/movie/prob21.pddl,IPC1998,movie,1,7,1,2,IPP,20,7
strips-movie-x-21,prob21.pddl,CompetitionsResults/IPC1998/domains/movie/prob21.pddl,IPC1998,movie,1,7,1,2,STAN,42,7
strips-movie-x-21,prob21.pddl,CompetitionsResults/IPC1998/domains/movie/prob21.pddl,IPC1998,movie,1,7,1,2,BLACKBOX,49,7
strips-movie-x-21,prob21.pddl,CompetitionsResults/IPC1998/domains/movie/prob21.pddl,IPC1998,movie,1,7,1,2,HSP,2834,7
strips-movie-x-22,prob22.pddl,CompetitionsResults/IPC1998/domains/movie/prob22.pddl,IPC1998,movie,1,7,1,2,IPP,20,7
strips-movie-x-22,prob22.pddl,CompetitionsResults/IPC1998/domains/movie/prob22.pddl,IPC1998,movie,1,7,1,2,STAN,45,7
strips-movie-x-22,prob22.pddl,CompetitionsResults/IPC1998/domains/movie/prob22.pddl,IPC1998,movie,1,7,1,2,BLACKBOX,51,7
strips-movie-x-22,prob22.pddl,CompetitionsResults/IPC1998/domains/movie/prob22.pddl,IPC1998,movie,1,7,1,2,HSP,2834,7
strips-movie-x-23,prob23.pddl,CompetitionsResults/IPC1998/domains/movie/prob23.pddl,IPC1998,movie,1,7,1,2,IPP,20,7
strips-movie-x-23,prob23.pddl,CompetitionsResults/IPC1998/domains/movie/prob23.pddl,IPC1998,movie,1,7,1,2,STAN,48,7
strips-movie-x-23,prob23.pddl,CompetitionsResults/IPC1998/domains/movie/prob23.pddl,IPC1998,movie,1,7,1,2,BLACKBOX,53,7
strips-movie-x-23,prob23.pddl,CompetitionsResults/IPC1998/domains/movie/prob23.pddl,IPC1998,movie,1,7,1,2,HSP,2866,7
strips-movie-x-24,prob24.pddl,CompetitionsResults/IPC1998/domains/movie/prob24.pddl,IPC1998,movie,1,7,1,2,IPP,20,7
strips-movie-x-24,prob24.pddl,CompetitionsResults/IPC1998/domains/movie/prob24.pddl,IPC1998,movie,1,7,1,2,STAN,50,7
strips-movie-x-24,prob24.pddl,CompetitionsResults/IPC1998/domains/movie/prob24.pddl,IPC1998,movie,1,7,1,2,BLACKBOX,55,7
strips-movie-x-24,prob24.pddl,CompetitionsResults/IPC1998/domains/movie/prob24.pddl,IPC1998,movie,1,7,1,2,HSP,3341,7
strips-movie-x-25,prob25.pddl,CompetitionsResults/IPC1998/domains/movie/prob25.pddl,IPC1998,movie,1,7,1,2,IPP,30,7
strips-movie-x-25,prob25.pddl,CompetitionsResults/IPC1998/domains/movie/prob25.pddl,IPC1998,movie,1,7,1,2,STAN,52,7
strips-movie-x-25,prob25.pddl,CompetitionsResults/IPC1998/domains/movie/prob25.pddl,IPC1998,movie,1,7,1,2,BLACKBOX,57,7
strips-movie-x-25,prob25.pddl,CompetitionsResults/IPC1998/domains/movie/prob25.pddl,IPC1998,movie,1,7,1,2,HSP,2997,7
strips-movie-x-26,prob26.pddl,CompetitionsResults/IPC1998/domains/movie/prob26.pddl,IPC1998,movie,1,7,1,2,IPP,40,7
strips-movie-x-26,prob26.pddl,CompetitionsResults/IPC1998/domains/movie/prob26.pddl,IPC1998,movie,1,7,1,2,STAN,54,7
strips-movie-x-26,prob26.pddl,CompetitionsResults/IPC1998/domains/movie/prob26.pddl,IPC1998,movie,1,7,1,2,BLACKBOX,58,7
strips-movie-x-26,prob26.pddl,CompetitionsResults/IPC1998/domains/movie/prob26.pddl,IPC1998,movie,1,7,1,2,HSP,3013,7
strips-movie-x-27,prob27.pddl,CompetitionsResults/IPC1998/domains/movie/prob27.pddl,IPC1998,movie,1,7,1,2,IPP,50,7
strips-movie-x-27,prob27.pddl,CompetitionsResults/IPC1998/domains/movie/prob27.pddl,IPC1998,movie,1,7,1,2,STAN,57,7
strips-movie-x-27,prob27.pddl,CompetitionsResults/IPC1998/domains/movie/prob27.pddl,IPC1998,movie,1,7,1,2,BLACKBOX,60,7
strips-movie-x-27,prob27.pddl,CompetitionsResults/IPC1998/domains/movie/prob27.pddl,IPC1998,movie,1,7,1,2,HSP,3253,7
strips-movie-x-28,prob28.pddl,CompetitionsResults/IPC1998/domains/movie/prob28.pddl,IPC1998,movie,1,7,1,2,IPP,40,7
strips-movie-x-28,prob28.pddl,CompetitionsResults/IPC1998/domains/movie/prob28.pddl,IPC1998,movie,1,7,1,2,STAN,62,7
strips-movie-x-28,prob28.pddl,CompetitionsResults/IPC1998/domains/movie/prob28.pddl,IPC1998,movie,1,7,1,2,BLACKBOX,63,7
strips-movie-x-28,prob28.pddl,CompetitionsResults/IPC1998/domains/movie/prob28.pddl,IPC1998,movie,1,7,1,2,HSP,3049,7
strips-movie-x-29,prob29.pddl,CompetitionsResults/IPC1998/domains/movie/prob29.pddl,IPC1998,movie,1,7,1,2,IPP,50,7
strips-movie-x-29,prob29.pddl,CompetitionsResults/IPC1998/domains/movie/prob29.pddl,IPC1998,movie,1,7,1,2,STAN,64,7
strips-movie-x-29,prob29.pddl,CompetitionsResults/IPC1998/domains/movie/prob29.pddl,IPC1998,movie,1,7,1,2,BLACKBOX,64,7
strips-movie-x-29,prob29.pddl,CompetitionsResults/IPC1998/domains/movie/prob29.pddl,IPC1998,movie,1,7,1,2,HSP,3384,7
strips-movie-x-30,prob30.pddl,CompetitionsResults/IPC1998/domains/movie/prob30.pddl,IPC1998,movie,1,7,1,2,IPP,40,7
strips-movie-x-30,prob30.pddl,CompetitionsResults/IPC1998/domains/movie/prob30.pddl,IPC1998,movie,1,7,1,2,BLACKBOX,66,7
strips-movie-x-30,prob30.pddl,CompetitionsResults/IPC1998/domains/movie/prob30.pddl,IPC1998,movie,1,7,1,2,STAN,67,7
strips-movie-x-30,prob30.pddl,CompetitionsResults/IPC1998/domains/movie/prob30.pddl,IPC1998,movie,1,7,1,2,HSP,3127,7
strips-mprime-x-1,prob01.pddl,CompetitionsResults/IPC1998/domains/mprime/prob01.pddl,IPC1998,mprime,1,9,1,5,BLACKBOX,856,9
strips-mprime-x-1,prob01.pddl,CompetitionsResults/IPC1998/domains/mprime/prob01.pddl,IPC1998,mprime,1,9,1,5,STAN,2451,11
strips-mprime-x-1,prob01.pddl,CompetitionsResults/IPC1998/domains/mprime/prob01.pddl,IPC1998,mprime,1,9,1,5,HSP,3662,5
strips-mprime-x-1,prob01.pddl,CompetitionsResults/IPC1998/domains/mprime/prob01.pddl,IPC1998,mprime,1,9,1,5,IPP,3480,11
strips-mprime-x-2,prob02.pddl,CompetitionsResults/IPC1998/domains/mprime/prob02.pddl,IPC1998,mprime,1,9,1,5,STAN,2839,13
strips-mprime-x-2,prob02.pddl,CompetitionsResults/IPC1998/domains/mprime/prob02.pddl,IPC1998,mprime,1,9,1,5,BLACKBOX,6470,9
strips-mprime-x-2,prob02.pddl,CompetitionsResults/IPC1998/domains/mprime/prob02.pddl,IPC1998,mprime,1,9,1,5,IPP,21910,9
strips-mprime-x-2,prob02.pddl,CompetitionsResults/IPC1998/domains/mprime/prob02.pddl,IPC1998,mprime,1,9,1,5,HSP,110100,12
strips-mprime-x-3,prob03.pddl,CompetitionsResults/IPC1998/domains/mprime/prob03.pddl,IPC1998,mprime,1,4,1,4,BLACKBOX,882,4
strips-mprime-x-3,prob03.pddl,CompetitionsResults/IPC1998/domains/mprime/prob03.pddl,IPC1998,mprime,1,4,1,4,HSP,5629,4
strips-mprime-x-3,prob03.pddl,CompetitionsResults/IPC1998/domains/mprime/prob03.pddl,IPC1998,mprime,1,4,1,4,IPP,6320,5
strips-mprime-x-3,prob03.pddl,CompetitionsResults/IPC1998/domains/mprime/prob03.pddl,IPC1998,mprime,1,4,1,4,STAN,10195,6
strips-mprime-x-4,prob04.pddl,CompetitionsResults/IPC1998/domains/mprime/prob04.pddl,IPC1998,mprime,1,9,1,7,BLACKBOX,836,9
strips-mprime-x-4,prob04.pddl,CompetitionsResults/IPC1998/domains/mprime/prob04.pddl,IPC1998,mprime,1,9,1,7,HSP,3191,10
strips-mprime-x-4,prob04.pddl,CompetitionsResults/IPC1998/domains/mprime/prob04.pddl,IPC1998,mprime,1,9,1,7,IPP,3720,12
strips-mprime-x-4,prob04.pddl,CompetitionsResults/IPC1998/domains/mprime/prob04.pddl,IPC1998,mprime,1,9,1,7,STAN,40,-1
strips-mprime-x-5,prob05.pddl,CompetitionsResults/IPC1998/domains/mprime/prob05.pddl,IPC1998,mprime,1,0,1,0,STAN,1289,15
strips-mprime-x-5,prob05.pddl,CompetitionsResults/IPC1998/domains/mprime/prob05.pddl,IPC1998,mprime,1,0,1,0,IPP,10420,11
strips-mprime-x-5,prob05.pddl,CompetitionsResults/IPC1998/domains/mprime/prob05.pddl,IPC1998,mprime,1,0,1,0,BLACKBOX,20000,-1
strips-mprime-x-6,prob06.pddl,CompetitionsResults/IPC1998/domains/mprime/prob06.pddl,IPC1998,mprime,1,0,1,8,,,
strips-mprime-x-7,prob07.pddl,CompetitionsResults/IPC1998/domains/mprime/prob07.pddl,IPC1998,mprime,1,0,1,0,STAN,1345,6
strips-mprime-x-7,prob07.pddl,CompetitionsResults/IPC1998/domains/mprime/prob07.pddl,IPC1998,mprime,1,0,1,0,IPP,5240,5
strips-mprime-x-7,prob07.pddl,CompetitionsResults/IPC1998/domains/mprime/prob07.pddl,IPC1998,mprime,1,0,1,0,BLACKBOX,1707,-1
strips-mprime-x-7,prob07.pddl,CompetitionsResults/IPC1998/domains/mprime/prob07.pddl,IPC1998,mprime,1,0,1,0,HSP,2405,-1
strips-mprime-x-8,prob08.pddl,CompetitionsResults/IPC1998/domains/mprime/prob08.pddl,IPC1998,mprime,1,7,1,5,BLACKBOX,2843,7
strips-mprime-x-8,prob08.pddl,CompetitionsResults/IPC1998/domains/mprime/prob08.pddl,IPC1998,mprime,1,7,1,5,HSP,23830,7
strips-mprime-x-8,prob08.pddl,CompetitionsResults/IPC1998/domains/mprime/prob08.pddl,IPC1998,mprime,1,7,1,5,IPP,31990,10
strips-mprime-x-8,prob08.pddl,CompetitionsResults/IPC1998/domains/mprime/prob08.pddl,IPC1998,mprime,1,7,1,5,STAN,4004,-1
strips-mprime-x-9,prob09.pddl,CompetitionsResults/IPC1998/domains/mprime/prob09.pddl,IPC1998,mprime,1,8,1,5,BLACKBOX,1890,8
strips-mprime-x-9,prob09.pddl,CompetitionsResults/IPC1998/domains/mprime/prob09.pddl,IPC1998,mprime,1,8,1,5,STAN,2047,16
strips-mprime-x-9,prob09.pddl,CompetitionsResults/IPC1998/domains/mprime/prob09.pddl,IPC1998,mprime,1,8,1,5,IPP,7300,9
strips-mprime-x-9,prob09.pddl,CompetitionsResults/IPC1998/domains/mprime/prob09.pddl,IPC1998,mprime,1,8,1,5,HSP,9352,8
strips-mprime-x-10,prob10.pddl,CompetitionsResults/IPC1998/domains/mprime/prob10.pddl,IPC1998,mprime,1,0,1,0,,,
strips-mprime-x-11,prob11.pddl,CompetitionsResults/IPC1998/domains/mprime/prob11.pddl,IPC1998,mprime,1,8,1,7,BLACKBOX,1824,8
strips-mprime-x-11,prob11.pddl,CompetitionsResults/IPC1998/domains/mprime/prob11.pddl,IPC1998,mprime,1,8,1,7,IPP,6200,8
strips-mprime-x-11,prob11.pddl,CompetitionsResults/IPC1998/domains/mprime/prob11.pddl,IPC1998,mprime,1,8,1,7,STAN,7005,17
strips-mprime-x-11,prob11.pddl,CompetitionsResults/IPC1998/domains/mprime/prob11.pddl,IPC1998,mprime,1,8,1,7,HSP,7342,19
strips-mprime-x-12,prob12.pddl,CompetitionsResults/IPC1998/domains/mprime/prob12.pddl,IPC1998,mprime,1,10,1,5,BLACKBOX,2329,10
strips-mprime-x-12,prob12.pddl,CompetitionsResults/IPC1998/domains/mprime/prob12.pddl,IPC1998,mprime,1,10,1,5,IPP,8670,9
strips-mprime-x-12,prob12.pddl,CompetitionsResults/IPC1998/domains/mprime/prob12.pddl,IPC1998,mprime,1,10,1,5,HSP,51017,10
strips-mprime-x-12,prob12.pddl,CompetitionsResults/IPC1998/domains/mprime/prob12.pddl,IPC1998,mprime,1,10,1,5,STAN,7646,-1
strips-mprime-x-13,prob13.pddl,CompetitionsResults/IPC1998/domains/mprime/prob13.pddl,IPC1998,mprime,1,16,1,8,,,
strips-mprime-x-14,prob14.pddl,CompetitionsResults/IPC1998/domains/mprime/prob14.pddl,IPC1998,mprime,1,0,1,0,,,
strips-mprime-x-15,prob15.pddl,CompetitionsResults/IPC1998/domains/mprime/prob15.pddl,IPC1998,mprime,1,9,1,6,,,
strips-mprime-x-16,prob16.pddl,CompetitionsResults/IPC1998/domains/mprime/prob16.pddl,IPC1998,mprime,1,11,1,4,BLACKBOX,5214,11
strips-mprime-x-16,prob16.pddl,CompetitionsResults/IPC1998/domains/mprime/prob16.pddl,IPC1998,mprime,1,11,1,4,HSP,207350,13
strips-mprime-x-16,prob16.pddl,CompetitionsResults/IPC1998/domains/mprime/prob16.pddl,IPC1998,mprime,1,11,1,4,IPP,10910,-1
strips-mprime-x-16,prob16.pddl,CompetitionsResults/IPC1998/domains/mprime/prob16.pddl,IPC1998,mprime,1,11,1,4,STAN,6881,-1
strips-mprime-x-17,prob17.pddl,CompetitionsResults/IPC1998/domains/mprime/prob17.pddl,IPC1998,mprime,1,4,1,4,BLACKBOX,7141,4
strips-mprime-x-17,prob17.pddl,CompetitionsResults/IPC1998/domains/mprime/prob17.pddl,IPC1998,mprime,1,4,1,4,HSP,608495,4
strips-mprime-x-17,prob17.pddl,CompetitionsResults/IPC1998/domains/mprime/prob17.pddl,IPC1998,mprime,1,4,1,4,IPP,8530,-1
strips-mprime-x-17,prob17.pddl,CompetitionsResults/IPC1998/domains/mprime/prob17.pddl,IPC1998,mprime,1,4,1,4,STAN,9417,-1
strips-mprime-x-18,prob18.pddl,CompetitionsResults/IPC1998/domains/mprime/prob18.pddl,IPC1998,mprime,1,0,1,0,,,
strips-mprime-x-19,prob19.pddl,CompetitionsResults/IPC1998/domains/mprime/prob19.pddl,IPC1998,mprime,1,8,1,6,,,
strips-mprime-x-20,prob20.pddl,CompetitionsResults/IPC1998/domains/mprime/prob20.pddl,IPC1998,mprime,1,0,1,0,,,
strips-mprime-x-21,prob21.pddl,CompetitionsResults/IPC1998/domains/mprime/prob21.pddl,IPC1998,mprime,1,0,1,0,STAN,1063,7
strips-mprime-x-21,prob21.pddl,CompetitionsResults/IPC1998/domains/mprime/prob21.pddl,IPC1998,mprime,1,0,1,0,BLACKBOX,20000,-1
strips-mprime-x-21,prob21.pddl,CompetitionsResults/IPC1998/domains/mprime/prob21.pddl,IPC1998,mprime,1,0,1,0,IPP,50020,-1
strips-mprime-x-22,prob22.pddl,CompetitionsResults/IPC1998/domains/mprime/prob22.pddl,IPC1998,mprime,1,13,1,8,,,
strips-mprime-x-23,prob23.pddl,CompetitionsResults/IPC1998/domains/mprime/prob23.pddl,IPC1998,mprime,1,15,1,8,,,
strips-mprime-x-24,prob24.pddl,CompetitionsResults/IPC1998/domains/mprime/prob24.pddl,IPC1998,mprime,1,18,1,6,,,
strips-mprime-x-25,prob25.pddl,CompetitionsResults/IPC1998/domains/mprime/prob25.pddl,IPC1998,mprime,1,4,1,4,BLACKBOX,145,4
strips-mprime-x-25,prob25.pddl,CompetitionsResults/IPC1998/domains/mprime/prob25.pddl,IPC1998,mprime,1,4,1,4,STAN,276,6
strips-mprime-x-25,prob25.pddl,CompetitionsResults/IPC1998/domains/mprime/prob25.pddl,IPC1998,mprime,1,4,1,4,IPP,1400,4
strips-mprime-x-25,prob25.pddl,CompetitionsResults/IPC1998/domains/mprime/prob25.pddl,IPC1998,mprime,1,4,1,4,HSP,2505,4
strips-mprime-x-26,prob26.pddl,CompetitionsResults/IPC1998/domains/mprime/prob26.pddl,IPC1998,mprime,1,8,1,5,BLACKBOX,3211,8
strips-mprime-x-26,prob26.pddl,CompetitionsResults/IPC1998/domains/mprime/prob26.pddl,IPC1998,mprime,1,8,1,5,IPP,19230,7
strips-mprime-x-26,prob26.pddl,CompetitionsResults/IPC1998/domains/mprime/prob26.pddl,IPC1998,mprime,1,8,1,5,HSP,23945,8
strips-mprime-x-26,prob26.pddl,CompetitionsResults/IPC1998/domains/mprime/prob26.pddl,IPC1998,mprime,1,8,1,5,STAN,8554,-1
strips-mprime-x-27,prob27.pddl,CompetitionsResults/IPC1998/domains/mprime/prob27.pddl,IPC1998,mprime,1,8,1,4,BLACKBOX,3195,8
strips-mprime-x-27,prob27.pddl,CompetitionsResults/IPC1998/domains/mprime/prob27.pddl,IPC1998,mprime,1,8,1,4,HSP,67421,8
strips-mprime-x-27,prob27.pddl,CompetitionsResults/IPC1998/domains/mprime/prob27.pddl,IPC1998,mprime,1,8,1,4,IPP,9300,-1
strips-mprime-x-27,prob27.pddl,CompetitionsResults/IPC1998/domains/mprime/prob27.pddl,IPC1998,mprime,1,8,1,4,STAN,4699,-1
strips-mprime-x-28,prob28.pddl,CompetitionsResults/IPC1998/domains/mprime/prob28.pddl,IPC1998,mprime,1,11,1,6,BLACKBOX,1981,11
strips-mprime-x-28,prob28.pddl,CompetitionsResults/IPC1998/domains/mprime/prob28.pddl,IPC1998,mprime,1,11,1,6,STAN,2957,14
strips-mprime-x-28,prob28.pddl,CompetitionsResults/IPC1998/domains/mprime/prob28.pddl,IPC1998,mprime,1,11,1,6,IPP,6950,10
strips-mprime-x-28,prob28.pddl,CompetitionsResults/IPC1998/domains/mprime/prob28.pddl,IPC1998,mprime,1,11,1,6,HSP,79684,7
strips-mprime-x-29,prob29.pddl,CompetitionsResults/IPC1998/domains/mprime/prob29.pddl,IPC1998,mprime,1,5,1,4,BLACKBOX,2272,5
strips-mprime-x-29,prob29.pddl,CompetitionsResults/IPC1998/domains/mprime/prob29.pddl,IPC1998,mprime,1,5,1,4,STAN,13495,7
strips-mprime-x-29,prob29.pddl,CompetitionsResults/IPC1998/domains/mprime/prob29.pddl,IPC1998,mprime,1,5,1,4,HSP,24073,6
strips-mprime-x-29,prob29.pddl,CompetitionsResults/IPC1998/domains/mprime/prob29.pddl,IPC1998,mprime,1,5,1,4,IPP,18570,-1
strips-mprime-x-30,prob30.pddl,CompetitionsResults/IPC1998/domains/mprime/prob30.pddl,IPC1998,mprime,1,20,1,6,,,
strips-mprime-y-1,prob31.pddl,CompetitionsResults/IPC1998/domains/mprime/prob31.pddl,IPC1998,mprime,1,5,1,4,,,
strips-mprime-y-2,prob32.pddl,CompetitionsResults/IPC1998/domains/mprime/prob32.pddl,IPC1998,mprime,1,7,1,7,,,
strips-mprime-y-3,prob33.pddl,CompetitionsResults/IPC1998/domains/mprime/prob33.pddl,IPC1998,mprime,1,20,1,10,,,
strips-mprime-y-4,prob34.pddl,CompetitionsResults/IPC1998/domains/mprime/prob34.pddl,IPC1998,mprime,1,5,1,4,,,
strips-mprime-y-5,prob35.pddl,CompetitionsResults/IPC1998/domains/mprime/prob35.pddl,IPC1998,mprime,1,6,1,4,,,
strips-mysty-x-1,prob01.pddl,CompetitionsResults/IPC1998/domains/mystery/prob01.pddl,IPC1998,mystery,1,5,1,5,STAN,40,5
strips-mysty-x-1,prob01.pddl,CompetitionsResults/IPC1998/domains/mystery/prob01.pddl,IPC1998,mystery,1,5,1,5,IPP,100,5
strips-mysty-x-1,prob01.pddl,CompetitionsResults/IPC1998/domains/mystery/prob01.pddl,IPC1998,mystery,1,5,1,5,BLACKBOX,111,5
strips-mysty-x-1,prob01.pddl,CompetitionsResults/IPC1998/domains/mystery/prob01.pddl,IPC1998,mystery,1,5,1,5,HSP,2233,5
strips-mysty-x-2,prob02.pddl,CompetitionsResults/IPC1998/domains/mystery/prob02.pddl,IPC1998,mystery,1,9,1,5,STAN,409,9
strips-mysty-x-2,prob02.pddl,CompetitionsResults/IPC1998/domains/mystery/prob02.pddl,IPC1998,mystery,1,9,1,5,BLACKBOX,6122,9
strips-mysty-x-2,prob02.pddl,CompetitionsResults/IPC1998/domains/mystery/prob02.pddl,IPC1998,mystery,1,9,1,5,IPP,12500,9
strips-mysty-x-2,prob02.pddl,CompetitionsResults/IPC1998/domains/mystery/prob02.pddl,IPC1998,mystery,1,9,1,5,HSP,67303,22
strips-mysty-x-3,prob03.pddl,CompetitionsResults/IPC1998/domains/mystery/prob03.pddl,IPC1998,mystery,1,4,1,4,STAN,197,4
strips-mysty-x-3,prob03.pddl,CompetitionsResults/IPC1998/domains/mystery/prob03.pddl,IPC1998,mystery,1,4,1,4,BLACKBOX,615,4
strips-mysty-x-3,prob03.pddl,CompetitionsResults/IPC1998/domains/mystery/prob03.pddl,IPC1998,mystery,1,4,1,4,IPP,1220,4
strips-mysty-x-3,prob03.pddl,CompetitionsResults/IPC1998/domains/mystery/prob03.pddl,IPC1998,mystery,1,4,1,4,HSP,3948,4
strips-mysty-x-4,prob04.pddl,CompetitionsResults/IPC1998/domains/mystery/prob04.pddl,IPC1998,mystery,1,0,1,0,,,
strips-mysty-x-5,prob05.pddl,CompetitionsResults/IPC1998/domains/mystery/prob05.pddl,IPC1998,mystery,1,0,1,0,,,
strips-mysty-x-6,prob06.pddl,CompetitionsResults/IPC1998/domains/mystery/prob06.pddl,IPC1998,mystery,1,17,1,9,,,
strips-mysty-x-7,prob07.pddl,CompetitionsResults/IPC1998/domains/mystery/prob07.pddl,IPC1998,mystery,1,0,1,0,,,
strips-mysty-x-8,prob08.pddl,CompetitionsResults/IPC1998/domains/mystery/prob08.pddl,IPC1998,mystery,1,0,1,0,,,
strips-mysty-x-9,prob09.pddl,CompetitionsResults/IPC1998/domains/mystery/prob09.pddl,IPC1998,mystery,1,8,1,5,STAN,165,8
strips-mysty-x-9,prob09.pddl,CompetitionsResults/IPC1998/domains/mystery/prob09.pddl,IPC1998,mystery,1,8,1,5,BLACKBOX,1436,8
strips-mysty-x-9,prob09.pddl,CompetitionsResults/IPC1998/domains/mystery/prob09.pddl,IPC1998,mystery,1,8,1,5,IPP,1930,8
strips-mysty-x-9,prob09.pddl,CompetitionsResults/IPC1998/domains/mystery/prob09.pddl,IPC1998,mystery,1,8,1,5,HSP,7275,8
strips-mysty-x-10,prob10.pddl,CompetitionsResults/IPC1998/domains/mystery/prob10.pddl,IPC1998,mystery,1,0,1,0,STAN,9163,8
strips-mysty-x-10,prob10.pddl,CompetitionsResults/IPC1998/domains/mystery/prob10.pddl,IPC1998,mystery,1,0,1,0,BLACKBOX,20000,-1
strips-mysty-x-11,prob11.pddl,CompetitionsResults/IPC1998/domains/mystery/prob11.pddl,IPC1998,mystery,1,7,1,7,STAN,109,7
strips-mysty-x-11,prob11.pddl,CompetitionsResults/IPC1998/domains/mystery/prob11.pddl,IPC1998,mystery,1,7,1,7,IPP,390,7
strips-mysty-x-11,prob11.pddl,CompetitionsResults/IPC1998/domains/mystery/prob11.pddl,IPC1998,mystery,1,7,1,7,BLACKBOX,742,7
strips-mysty-x-11,prob11.pddl,CompetitionsResults/IPC1998/domains/mystery/prob11.pddl,IPC1998,mystery,1,7,1,7,HSP,4489,12
strips-mysty-x-12,prob12.pddl,CompetitionsResults/IPC1998/domains/mystery/prob12.pddl,IPC1998,mystery,1,0,1,0,,,
strips-mysty-x-13,prob13.pddl,CompetitionsResults/IPC1998/domains/mystery/prob13.pddl,IPC1998,mystery,1,16,1,8,STAN,1789,16
strips-mysty-x-13,prob13.pddl,CompetitionsResults/IPC1998/domains/mystery/prob13.pddl,IPC1998,mystery,1,16,1,8,BLACKBOX,20000,-1
strips-mysty-x-14,prob14.pddl,CompetitionsResults/IPC1998/domains/mystery/prob14.pddl,IPC1998,mystery,1,0,1,0,,,
strips-mysty-x-15,prob15.pddl,CompetitionsResults/IPC1998/domains/mystery/prob15.pddl,IPC1998,mystery,1,6,1,6,,,
strips-mysty-x-16,prob16.pddl,CompetitionsResults/IPC1998/domains/mystery/prob16.pddl,IPC1998,mystery,1,0,1,0,,,
strips-mysty-x-17,prob17.pddl,CompetitionsResults/IPC1998/domains/mystery/prob17.pddl,IPC1998,mystery,1,4,1,4,STAN,1746,4
strips-mysty-x-17,prob17.pddl,CompetitionsResults/IPC1998/domains/mystery/prob17.pddl,IPC1998,mystery,1,4,1,4,BLACKBOX,3484,4
strips-mysty-x-17,prob17.pddl,CompetitionsResults/IPC1998/domains/mystery/prob17.pddl,IPC1998,mystery,1,4,1,4,IPP,20640,4
strips-mysty-x-17,prob17.pddl,CompetitionsResults/IPC1998/domains/mystery/prob17.pddl,IPC1998,mystery,1,4,1,4,HSP,86878,10
strips-mysty-x-18,prob18.pddl,CompetitionsResults/IPC1998/domains/mystery/prob18.pddl,IPC1998,mystery,1,0,1,0,,,
strips-mysty-x-19,prob19.pddl,CompetitionsResults/IPC1998/domains/mystery/prob19.pddl,IPC1998,mystery,1,8,1,6,STAN,877,8
strips-mysty-x-19,prob19.pddl,CompetitionsResults/IPC1998/domains/mystery/prob19.pddl,IPC1998,mystery,1,8,1,6,BLACKBOX,7552,8
strips-mysty-x-19,prob19.pddl,CompetitionsResults/IPC1998/domains/mystery/prob19.pddl,IPC1998,mystery,1,8,1,6,IPP,14940,9
strips-mysty-x-20,prob20.pddl,CompetitionsResults/IPC1998/domains/mystery/prob20.pddl,IPC1998,mystery,1,18,1,7,,,
strips-mysty-x-21,prob21.pddl,CompetitionsResults/IPC1998/domains/mystery/prob21.pddl,IPC1998,mystery,1,0,1,0,,,
strips-mysty-x-22,prob22.pddl,CompetitionsResults/IPC1998/domains/mystery/prob22.pddl,IPC1998,mystery,1,0,1,0,,,
strips-mysty-x-23,prob23.pddl,CompetitionsResults/IPC1998/domains/mystery/prob23.pddl,IPC1998,mystery,1,0,1,0,,,
strips-mysty-x-24,prob24.pddl,CompetitionsResults/IPC1998/domains/mystery/prob24.pddl,IPC1998,mystery,1,0,1,0,,,
strips-mysty-x-25,prob25.pddl,CompetitionsResults/IPC1998/domains/mystery/prob25.pddl,IPC1998,mystery,1,4,1,4,STAN,46,6
strips-mysty-x-25,prob25.pddl,CompetitionsResults/IPC1998/domains/mystery/prob25.pddl,IPC1998,mystery,1,4,1,4,IPP,110,4
strips-mysty-x-25,prob25.pddl,CompetitionsResults/IPC1998/domains/mystery/prob25.pddl,IPC1998,mystery,1,4,1,4,BLACKBOX,117,4
strips-mysty-x-25,prob25.pddl,CompetitionsResults/IPC1998/domains/mystery/prob25.pddl,IPC1998,mystery,1,4,1,4,HSP,2275,4
strips-mysty-x-26,prob26.pddl,CompetitionsResults/IPC1998/domains/mystery/prob26.pddl,IPC1998,mystery,1,8,1,6,STAN,685,10
strips-mysty-x-26,prob26.pddl,CompetitionsResults/IPC1998/domains/mystery/prob26.pddl,IPC1998,mystery,1,8,1,6,BLACKBOX,1737,8
strips-mysty-x-26,prob26.pddl,CompetitionsResults/IPC1998/domains/mystery/prob26.pddl,IPC1998,mystery,1,8,1,6,IPP,2110,6
strips-mysty-x-26,prob26.pddl,CompetitionsResults/IPC1998/domains/mystery/prob26.pddl,IPC1998,mystery,1,8,1,6,HSP,11287,13
strips-mysty-x-27,prob27.pddl,CompetitionsResults/IPC1998/domains/mystery/prob27.pddl,IPC1998,mystery,1,7,1,4,STAN,281,7
strips-mysty-x-27,prob27.pddl,CompetitionsResults/IPC1998/domains/mystery/prob27.pddl,IPC1998,mystery,1,7,1,4,BLACKBOX,598,7
strips-mysty-x-27,prob27.pddl,CompetitionsResults/IPC1998/domains/mystery/prob27.pddl,IPC1998,mystery,1,7,1,4,IPP,1020,7
strips-mysty-x-27,prob27.pddl,CompetitionsResults/IPC1998/domains/mystery/prob27.pddl,IPC1998,mystery,1,7,1,4,HSP,4279,5
strips-mysty-x-28,prob28.pddl,CompetitionsResults/IPC1998/domains/mystery/prob28.pddl,IPC1998,mystery,1,7,1,6,STAN,64,7
strips-mysty-x-28,prob28.pddl,CompetitionsResults/IPC1998/domains/mystery/prob28.pddl,IPC1998,mystery,1,7,1,6,IPP,260,7
strips-mysty-x-28,prob28.pddl,CompetitionsResults/IPC1998/domains/mystery/prob28.pddl,IPC1998,mystery,1,7,1,6,BLACKBOX,545,7
strips-mysty-x-28,prob28.pddl,CompetitionsResults/IPC1998/domains/mystery/prob28.pddl,IPC1998,mystery,1,7,1,6,HSP,2746,18
strips-mysty-x-29,prob29.pddl,CompetitionsResults/IPC1998/domains/mystery/prob29.pddl,IPC1998,mystery,1,4,1,4,STAN,107,4
strips-mysty-x-29,prob29.pddl,CompetitionsResults/IPC1998/domains/mystery/prob29.pddl,IPC1998,mystery,1,4,1,4,BLACKBOX,507,4
strips-mysty-x-29,prob29.pddl,CompetitionsResults/IPC1998/domains/mystery/prob29.pddl,IPC1998,mystery,1,4,1,4,IPP,890,4
strips-mysty-x-29,prob29.pddl,CompetitionsResults/IPC1998/domains/mystery/prob29.pddl,IPC1998,mystery,1,4,1,4,HSP,3360,5
strips-mysty-x-30,prob30.pddl,CompetitionsResults/IPC1998/domains/mystery/prob30.pddl,IPC1998,mystery,1,12,1,6,BLACKBOX,5642,12
strips-mysty-x-30,prob30.pddl,CompetitionsResults/IPC1998/domains/mystery/prob30.pddl,IPC1998,mystery,1,12,1,6,STAN,7729,13
strips-mysty-x-30,prob30.pddl,CompetitionsResults/IPC1998/domains/mystery/prob30.pddl,IPC1998,mystery,1,12,1,6,IPP,10020,13
strips-mysty-x-30,prob30.pddl,CompetitionsResults/IPC1998/domains/mystery/prob30.pddl,IPC1998,mystery,1,12,1,6,HSP,100143,18
