id,gn,name,hash,time,type,ind,iid,iod,idd,ixd,isd,otd,oid,ood,odd,oxd,osd,ad,bc
1_5180838,strips-movie-x-25,get-chips_c13,5180838,1,a,2,1,0,0,1,0,2,1,0,0,1,0,3,0
0_7031679,strips-movie-x-25,get-pop_p28,7031679,0,a,0,0,0,0,0,0,1,1,0,0,0,0,1,0
0_2935311,strips-movie-x-25,dip_d25,2935311,0,f,0,0,0,0,0,0,0,0,0,0,0,0,0,0
1_7387616,strips-movie-x-25,noop_dip_d18,7387616,1,a,1,1,0,0,0,0,1,1,0,0,0,0,2,0
0_1157060,strips-movie-x-25,cheese_z18,1157060,0,f,0,0,0,0,0,0,0,0,0,0,0,0,0,0
0_5180836,strips-movie-x-25,get-chips_c11,5180836,0,a,0,0,0,0,0,0,1,1,0,0,0,0,1,0
0_838642,strips-movie-x-25,noop_cheese_z4,838642,0,a,0,0,0,0,0,0,1,1,0,0,0,0,1,0
1_7387866,strips-movie-x-25,noop_dip_d22,7387866,1,a,1,1,0,0,0,0,1,1,0,0,0,0,2,0
0_1157310,strips-movie-x-25,cheese_z22,1157310,0,f,0,0,0,0,0,0,0,0,0,0,0,0,0,0
1_6841130,strips-movie-x-25,get-crackers_k26,6841130,1,a,2,1,0,0,1,0,2,1,0,0,1,0,3,0
2_3358520,strips-movie-x-25,chips_c11,3358520,2,f,1,1,0,0,0,0,0,0,0,0,0,0,1,0
0_2567449,strips-movie-x-25,noop_chips_c19,2567449,0,a,0,0,0,0,0,0,1,1,0,0,0,0,1,0
1_1157314,strips-movie-x-25,cheese_z26,1157314,1,f,1,1,0,0,0,0,2,2,0,0,0,0,3,0
1_7387867,strips-movie-x-25,noop_dip_d23,7387867,1,a,1,1,0,0,0,0,1,1,0,0,0,0,2,0
2_2935055,strips-movie-x-25,dip_d15,2935055,2,f,1,1,0,0,0,0,0,0,0,0,0,0,1,0
1_7031677,strips-movie-x-25,get-pop_p26,7031677,1,a,2,1,0,0,1,0,2,1,0,0,1,0,3,0
0_3358528,strips-movie-x-25,chips_c19,3358528,0,f,0,0,0,0,0,0,0,0,0,0,0,0,0,0
0_3613285,strips-movie-x-25,get-cheese_z13,3613285,0,a,0,0,0,0,0,0,1,1,0,0,0,0,1,0
1_5180842,strips-movie-x-25,get-chips_c17,5180842,1,a,2,1,0,0,1,0,2,1,0,0,1,0,3,0
1_5691993,strips-movie-x-25,noop_pop_p23,5691993,1,a,1,1,0,0,0,0,1,1,0,0,0,0,2,0
1_2199232,strips-movie-x-25,dip_d1,2199232,1,f,1,1,0,0,0,0,2,2,0,0,0,0,3,0
2_1239434,strips-movie-x-25,pop_p22,1239434,2,f,1,1,0,0,0,0,0,0,0,0,0,0,1,0
1_7031416,strips-movie-x-25,get-pop_p11,7031416,1,a,2,1,0,0,1,0,2,1,0,0,1,0,3,0
1_5181097,strips-movie-x-25,get-chips_c26,5181097,1,a,2,1,0,0,1,0,2,1,0,0,1,0,3,0
1_5835443,strips-movie-x-25,noop_pop_p1,5835443,1,a,1,1,0,0,0,0,1,1,0,0,0,0,2,0
1_6666236,strips-movie-x-25,noop_cheese_z16,6666236,1,a,1,1,0,0,0,0,1,1,0,0,0,0,2,0
1_2935312,strips-movie-x-25,dip_d26,2935312,1,f,1,1,0,0,0,0,2,2,0,0,0,0,3,0
0_7387870,strips-movie-x-25,noop_dip_d26,7387870,0,a,0,0,0,0,0,0,1,1,0,0,0,0,1,0
0_1629718,strips-movie-x-25,cheese_z1,1629718,0,f,0,0,0,0,0,0,0,0,0,0,0,0,0,0
1_5979206,strips-movie-x-25,noop_have-cheese,5979206,1,a,30,1,0,0,29,0,30,1,0,0,29,0,31,0
1_1629725,strips-movie-x-25,cheese_z8,1629725,1,f,1,1,0,0,0,0,2,2,0,0,0,0,3,0
1_2402014,strips-movie-x-25,get-crackers_k3,2402014,1,a,2,1,0,0,1,0,2,1,0,0,1,0,3,0
1_7031415,strips-movie-x-25,get-pop_p10,7031415,1,a,2,1,0,0,1,0,2,1,0,0,1,0,3,0
1_5180844,strips-movie-x-25,get-chips_c19,5180844,1,a,2,1,0,0,1,0,2,1,0,0,1,0,3,0
2_1157052,strips-movie-x-25,cheese_z10,1157052,2,f,1,1,0,0,0,0,0,0,0,0,0,0,1,0
0_7031423,strips-movie-x-25,get-pop_p18,7031423,0,a,0,0,0,0,0,0,1,1,0,0,0,0,1,0
1_2567703,strips-movie-x-25,noop_chips_c27,2567703,1,a,1,1,0,0,0,0,1,1,0,0,0,0,2,0
0_2199237,strips-movie-x-25,dip_d6,2199237,0,f,0,0,0,0,0,0,0,0,0,0,0,0,0,0
0_3358521,strips-movie-x-25,chips_c12,3358521,0,f,0,0,0,0,0,0,0,0,0,0,0,0,0,0
0_1157317,strips-movie-x-25,cheese_z29,1157317,0,f,0,0,0,0,0,0,0,0,0,0,0,0,0,0
1_4409422,strips-movie-x-25,noop_crackers_k29,4409422,1,a,1,1,0,0,0,0,1,1,0,0,0,0,2,0
0_1629726,strips-movie-x-25,cheese_z9,1629726,0,f,0,0,0,0,0,0,0,0,0,0,0,0,0,0
1_6666494,strips-movie-x-25,noop_cheese_z28,6666494,1,a,1,1,0,0,0,0,1,1,0,0,0,0,2,0
2_7008115,strips-movie-x-25,crackers_k28,7008115,2,f,1,1,0,0,0,0,0,0,0,0,0,0,1,0
2_7008113,strips-movie-x-25,crackers_k26,7008113,2,f,1,1,0,0,0,0,0,0,0,0,0,0,1,0
1_5007602,strips-movie-x-25,reset-counter,5007602,1,a,2,0,0,0,2,0,3,1,0,0,2,0,3,0
0_1239184,strips-movie-x-25,pop_p18,1239184,0,f,0,0,0,0,0,0,0,0,0,0,0,0,0,0
2_1239179,strips-movie-x-25,pop_p13,1239179,2,f,1,1,0,0,0,0,0,0,0,0,0,0,1,0
1_2935051,strips-movie-x-25,dip_d11,2935051,1,f,1,1,0,0,0,0,2,2,0,0,0,0,3,0
0_5691993,strips-movie-x-25,noop_pop_p23,5691993,0,a,0,0,0,0,0,0,1,1,0,0,0,0,1,0
0_5835444,strips-movie-x-25,noop_pop_p2,5835444,0,a,0,0,0,0,0,0,1,1,0,0,0,0,1,0
1_5295016,strips-movie-x-25,chips_c3,5295016,1,f,1,1,0,0,0,0,2,2,0,0,0,0,3,0
0_7031415,strips-movie-x-25,get-pop_p10,7031415,0,a,0,0,0,0,0,0,1,1,0,0,0,0,1,0
2_1254997,strips-movie-x-25,pop_p5,1254997,2,f,1,1,0,0,0,0,0,0,0,0,0,0,1,0
1_1239436,strips-movie-x-25,pop_p24,1239436,1,f,1,1,0,0,0,0,2,2,0,0,0,0,3,0
1_4409161,strips-movie-x-25,noop_crackers_k14,4409161,1,a,1,1,0,0,0,0,1,1,0,0,0,0,2,0
1_4253363,strips-movie-x-25,get-dip_d8,4253363,1,a,2,1,0,0,1,0,2,1,0,0,1,0,3,0
1_2935058,strips-movie-x-25,dip_d18,2935058,1,f,1,1,0,0,0,0,2,2,0,0,0,0,3,0
2_2935056,strips-movie-x-25,dip_d16,2935056,2,f,1,1,0,0,0,0,0,0,0,0,0,0,1,0
1_6779686,strips-movie-x-25,noop_dip_d5,6779686,1,a,1,1,0,0,0,0,1,1,0,0,0,0,2,0
2_7007860,strips-movie-x-25,crackers_k19,7007860,2,f,1,1,0,0,0,0,0,0,0,0,0,0,1,0
2_3358522,strips-movie-x-25,chips_c13,3358522,2,f,1,1,0,0,0,0,0,0,0,0,0,0,1,0
2_1157315,strips-movie-x-25,cheese_z27,1157315,2,f,1,1,0,0,0,0,0,0,0,0,0,0,1,0
2_1157054,strips-movie-x-25,cheese_z12,1157054,2,f,1,1,0,0,0,0,0,0,0,0,0,0,1,0
1_3613283,strips-movie-x-25,get-cheese_z11,3613283,1,a,2,1,0,0,1,0,2,1,0,0,1,0,3,0
0_6666230,strips-movie-x-25,noop_cheese_z10,6666230,0,a,0,0,0,0,0,0,1,1,0,0,0,0,1,0
0_7387608,strips-movie-x-25,noop_dip_d10,7387608,0,a,0,0,0,0,0,0,1,1,0,0,0,0,1,0
1_1239180,strips-movie-x-25,pop_p14,1239180,1,f,1,1,0,0,0,0,2,2,0,0,0,0,3,0
0_3452039,strips-movie-x-25,get-cheese_z6,3452039,0,a,0,0,0,0,0,0,1,1,0,0,0,0,1,0
0_6666232,strips-movie-x-25,noop_cheese_z12,6666232,0,a,0,0,0,0,0,0,1,1,0,0,0,0,1,0
0_2402018,strips-movie-x-25,get-crackers_k7,2402018,0,a,0,0,0,0,0,0,1,1,0,0,0,0,1,0
0_2935052,strips-movie-x-25,dip_d12,2935052,0,f,0,0,0,0,0,0,0,0,0,0,0,0,0,0
0_6666237,strips-movie-x-25,noop_cheese_z17,6666237,0,a,0,0,0,0,0,0,1,1,0,0,0,0,1,0
1_1239437,strips-movie-x-25,pop_p25,1239437,1,f,1,1,0,0,0,0,2,2,0,0,0,0,3,0
0_6666494,strips-movie-x-25,noop_cheese_z28,6666494,0,a,0,0,0,0,0,0,1,1,0,0,0,0,1,0
0_4409418,strips-movie-x-25,noop_crackers_k25,4409418,0,a,0,0,0,0,0,0,1,1,0,0,0,0,1,0
0_2567445,strips-movie-x-25,noop_chips_c15,2567445,0,a,0,0,0,0,0,0,1,1,0,0,0,0,1,0
0_7007858,strips-movie-x-25,crackers_k17,7007858,0,f,0,0,0,0,0,0,0,0,0,0,0,0,0,0
1_6666492,strips-movie-x-25,noop_cheese_z26,6666492,1,a,1,1,0,0,0,0,1,1,0,0,0,0,2,0
0_7861939,strips-movie-x-25,noop_crackers_k9,7861939,0,a,0,0,0,0,0,0,1,1,0,0,0,0,1,0
2_2199237,strips-movie-x-25,dip_d6,2199237,2,f,1,1,0,0,0,0,0,0,0,0,0,0,1,0
0_726577,strips-movie-x-25,get-dip_d29,726577,0,a,0,0,0,0,0,0,1,1,0,0,0,0,1,0
1_3613543,strips-movie-x-25,get-cheese_z25,3613543,1,a,2,1,0,0,1,0,2,1,0,0,1,0,3,0
2_1989237,strips-movie-x-25,movie-rewound,1989237,2,f,2,2,0,0,0,0,0,0,0,0,0,0,2,0
1_5180836,strips-movie-x-25,get-chips_c11,5180836,1,a,2,1,0,0,1,0,2,1,0,0,1,0,3,0
1_2935056,strips-movie-x-25,dip_d16,2935056,1,f,1,1,0,0,0,0,2,2,0,0,0,0,3,0
2_1255001,strips-movie-x-25,pop_p9,1255001,2,f,1,1,0,0,0,0,0,0,0,0,0,0,1,0
1_5691735,strips-movie-x-25,noop_pop_p11,5691735,1,a,1,1,0,0,0,0,1,1,0,0,0,0,2,0
0_6666233,strips-movie-x-25,noop_cheese_z13,6666233,0,a,0,0,0,0,0,0,1,1,0,0,0,0,1,0
2_1239432,strips-movie-x-25,pop_p20,1239432,2,f,1,1,0,0,0,0,0,0,0,0,0,0,1,0
1_838639,strips-movie-x-25,noop_cheese_z1,838639,1,a,1,1,0,0,0,0,1,1,0,0,0,0,2,0
1_1254998,strips-movie-x-25,pop_p6,1254998,1,f,1,1,0,0,0,0,2,2,0,0,0,0,3,0
0_2935058,strips-movie-x-25,dip_d18,2935058,0,f,0,0,0,0,0,0,0,0,0,0,0,0,0,0
2_1239185,strips-movie-x-25,pop_p19,1239185,2,f,1,1,0,0,0,0,0,0,0,0,0,0,1,0
0_3309119,strips-movie-x-25,get-pop_p3,3309119,0,a,0,0,0,0,0,0,1,1,0,0,0,0,1,0
1_3358525,strips-movie-x-25,chips_c16,3358525,1,f,1,1,0,0,0,0,2,2,0,0,0,0,3,0
2_1255000,strips-movie-x-25,pop_p8,1255000,2,f,1,1,0,0,0,0,0,0,0,0,0,0,1,0
0_5181095,strips-movie-x-25,get-chips_c24,5181095,0,a,0,0,0,0,0,0,1,1,0,0,0,0,1,0
1_838647,strips-movie-x-25,noop_cheese_z9,838647,1,a,1,1,0,0,0,0,1,1,0,0,0,0,2,0
0_1157052,strips-movie-x-25,cheese_z10,1157052,0,f,0,0,0,0,0,0,0,0,0,0,0,0,0,0
2_1239439,strips-movie-x-25,pop_p27,1239439,2,f,1,1,0,0,0,0,0,0,0,0,0,0,1,0
1_2935311,strips-movie-x-25,dip_d25,2935311,1,f,1,1,0,0,0,0,2,2,0,0,0,0,3,0
0_6840872,strips-movie-x-25,get-crackers_k14,6840872,0,a,0,0,0,0,0,0,1,1,0,0,0,0,1,0
1_1157310,strips-movie-x-25,cheese_z22,1157310,1,f,1,1,0,0,0,0,2,2,0,0,0,0,3,0
1_3309120,strips-movie-x-25,get-pop_p4,3309120,1,a,2,1,0,0,1,0,2,1,0,0,1,0,3,0
1_3358783,strips-movie-x-25,chips_c28,3358783,1,f,1,1,0,0,0,0,2,2,0,0,0,0,3,0
0_2402020,strips-movie-x-25,get-crackers_k9,2402020,0,a,0,0,0,0,0,0,1,1,0,0,0,0,1,0
0_5181096,strips-movie-x-25,get-chips_c25,5181096,0,a,0,0,0,0,0,0,1,1,0,0,0,0,1,0
1_7007853,strips-movie-x-25,crackers_k12,7007853,1,f,1,1,0,0,0,0,2,2,0,0,0,0,3,0
0_6666235,strips-movie-x-25,noop_cheese_z15,6666235,0,a,0,0,0,0,0,0,1,1,0,0,0,0,1,0
2_1239437,strips-movie-x-25,pop_p25,1239437,2,f,1,1,0,0,0,0,0,0,0,0,0,0,1,0
0_7008114,strips-movie-x-25,crackers_k27,7008114,0,f,0,0,0,0,0,0,0,0,0,0,0,0,0,0
0_6840874,strips-movie-x-25,get-crackers_k16,6840874,0,a,0,0,0,0,0,0,1,1,0,0,0,0,1,0
0_1239178,strips-movie-x-25,pop_p12,1239178,0,f,0,0,0,0,0,0,0,0,0,0,0,0,0,0
1_7387869,strips-movie-x-25,noop_dip_d25,7387869,1,a,1,1,0,0,0,0,1,1,0,0,0,0,2,0
1_6666232,strips-movie-x-25,noop_cheese_z12,6666232,1,a,1,1,0,0,0,0,1,1,0,0,0,0,2,0
0_7008110,strips-movie-x-25,crackers_k23,7008110,0,f,0,0,0,0,0,0,0,0,0,0,0,0,0,0
1_3358779,strips-movie-x-25,chips_c24,3358779,1,f,1,1,0,0,0,0,2,2,0,0,0,0,3,0
1_7031418,strips-movie-x-25,get-pop_p13,7031418,1,a,2,1,0,0,1,0,2,1,0,0,1,0,3,0
0_7387873,strips-movie-x-25,noop_dip_d29,7387873,0,a,0,0,0,0,0,0,1,1,0,0,0,0,1,0
2_1239178,strips-movie-x-25,pop_p12,1239178,2,f,1,1,0,0,0,0,0,0,0,0,0,0,1,0
0_7927461,strips-movie-x-25,get-chips_c9,7927461,0,a,0,0,0,0,0,0,1,1,0,0,0,0,1,0
1_7031679,strips-movie-x-25,get-pop_p28,7031679,1,a,2,1,0,0,1,0,2,1,0,0,1,0,3,0
1_1010156,strips-movie-x-25,noop_chips_c6,1010156,1,a,1,1,0,0,0,0,1,1,0,0,0,0,2,0
1_7927456,strips-movie-x-25,get-chips_c4,7927456,1,a,2,1,0,0,1,0,2,1,0,0,1,0,3,0
0_3358776,strips-movie-x-25,chips_c21,3358776,0,f,0,0,0,0,0,0,0,0,0,0,0,0,0,0
1_5295014,strips-movie-x-25,chips_c1,5295014,1,f,1,1,0,0,0,0,2,2,0,0,0,0,3,0
0_726321,strips-movie-x-25,get-dip_d19,726321,0,a,0,0,0,0,0,0,1,1,0,0,0,0,1,0
2_7007853,strips-movie-x-25,crackers_k12,7007853,2,f,1,1,0,0,0,0,0,0,0,0,0,0,1,0
0_838643,strips-movie-x-25,noop_cheese_z5,838643,0,a,0,0,0,0,0,0,1,1,0,0,0,0,1,0
0_1239432,strips-movie-x-25,pop_p20,1239432,0,f,0,0,0,0,0,0,0,0,0,0,0,0,0,0
1_7927460,strips-movie-x-25,get-chips_c8,7927460,1,a,2,1,0,0,1,0,2,1,0,0,1,0,3,0
2_7008109,strips-movie-x-25,crackers_k22,7008109,2,f,1,1,0,0,0,0,0,0,0,0,0,0,1,0
0_1629725,strips-movie-x-25,cheese_z8,1629725,0,f,0,0,0,0,0,0,0,0,0,0,0,0,0,0
1_3613284,strips-movie-x-25,get-cheese_z12,3613284,1,a,2,1,0,0,1,0,2,1,0,0,1,0,3,0
1_3613545,strips-movie-x-25,get-cheese_z27,3613545,1,a,2,1,0,0,1,0,2,1,0,0,1,0,3,0
0_5691739,strips-movie-x-25,noop_pop_p15,5691739,0,a,0,0,0,0,0,0,1,1,0,0,0,0,1,0
2_3358777,strips-movie-x-25,chips_c22,3358777,2,f,1,1,0,0,0,0,0,0,0,0,0,0,1,0
1_2567440,strips-movie-x-25,noop_chips_c10,2567440,1,a,1,1,0,0,0,0,1,1,0,0,0,0,2,0
1_2402020,strips-movie-x-25,get-crackers_k9,2402020,1,a,2,1,0,0,1,0,2,1,0,0,1,0,3,0
0_2935051,strips-movie-x-25,dip_d11,2935051,0,f,0,0,0,0,0,0,0,0,0,0,0,0,0,0
1_5691999,strips-movie-x-25,noop_pop_p29,5691999,1,a,1,1,0,0,0,0,1,1,0,0,0,0,2,0
0_5691736,strips-movie-x-25,noop_pop_p12,5691736,0,a,0,0,0,0,0,0,1,1,0,0,0,0,1,0
1_2567449,strips-movie-x-25,noop_chips_c19,2567449,1,a,1,1,0,0,0,0,1,1,0,0,0,0,2,0
0_3358777,strips-movie-x-25,chips_c22,3358777,0,f,0,0,0,0,0,0,0,0,0,0,0,0,0,0
1_3358522,strips-movie-x-25,chips_c13,3358522,1,f,1,1,0,0,0,0,2,2,0,0,0,0,3,0
1_4409418,strips-movie-x-25,noop_crackers_k25,4409418,1,a,1,1,0,0,0,0,1,1,0,0,0,0,2,0
2_2935051,strips-movie-x-25,dip_d11,2935051,2,f,1,1,0,0,0,0,0,0,0,0,0,0,1,0
0_7861936,strips-movie-x-25,noop_crackers_k6,7861936,0,a,0,0,0,0,0,0,1,1,0,0,0,0,1,0
2_1239180,strips-movie-x-25,pop_p14,1239180,2,f,1,1,0,0,0,0,0,0,0,0,0,0,1,0
1_4253357,strips-movie-x-25,get-dip_d2,4253357,1,a,2,1,0,0,1,0,2,1,0,0,1,0,3,0
1_5684323,strips-movie-x-25,crackers_k9,5684323,1,f,1,1,0,0,0,0,2,2,0,0,0,0,3,0
1_5180843,strips-movie-x-25,get-chips_c18,5180843,1,a,2,1,0,0,1,0,2,1,0,0,1,0,3,0
0_1239179,strips-movie-x-25,pop_p13,1239179,0,f,0,0,0,0,0,0,0,0,0,0,0,0,0,0
0_2199234,strips-movie-x-25,dip_d3,2199234,0,f,0,0,0,0,0,0,0,0,0,0,0,0,0,0
0_3358520,strips-movie-x-25,chips_c11,3358520,0,f,0,0,0,0,0,0,0,0,0,0,0,0,0,0
1_5181100,strips-movie-x-25,get-chips_c29,5181100,1,a,2,1,0,0,1,0,2,1,0,0,1,0,3,0
0_5691735,strips-movie-x-25,noop_pop_p11,5691735,0,a,0,0,0,0,0,0,1,1,0,0,0,0,1,0
0_5181094,strips-movie-x-25,get-chips_c23,5181094,0,a,0,0,0,0,0,0,1,1,0,0,0,0,1,0
1_838643,strips-movie-x-25,noop_cheese_z5,838643,1,a,1,1,0,0,0,0,1,1,0,0,0,0,2,0
0_4253360,strips-movie-x-25,get-dip_d5,4253360,0,a,0,0,0,0,0,0,1,1,0,0,0,0,1,0
0_2935306,strips-movie-x-25,dip_d20,2935306,0,f,0,0,0,0,0,0,0,0,0,0,0,0,0,0
0_1157311,strips-movie-x-25,cheese_z23,1157311,0,f,0,0,0,0,0,0,0,0,0,0,0,0,0,0
1_5691737,strips-movie-x-25,noop_pop_p13,5691737,1,a,1,1,0,0,0,0,1,1,0,0,0,0,2,0
0_4409157,strips-movie-x-25,noop_crackers_k10,4409157,0,a,0,0,0,0,0,0,1,1,0,0,0,0,1,0
0_6841128,strips-movie-x-25,get-crackers_k24,6841128,0,a,0,0,0,0,0,0,1,1,0,0,0,0,1,0
0_5691994,strips-movie-x-25,noop_pop_p24,5691994,0,a,0,0,0,0,0,0,1,1,0,0,0,0,1,0
1_3358527,strips-movie-x-25,chips_c18,3358527,1,f,1,1,0,0,0,0,2,2,0,0,0,0,3,0
2_1157316,strips-movie-x-25,cheese_z28,1157316,2,f,1,1,0,0,0,0,0,0,0,0,0,0,1,0
0_5684317,strips-movie-x-25,crackers_k3,5684317,0,f,0,0,0,0,0,0,0,0,0,0,0,0,0,0
1_726572,strips-movie-x-25,get-dip_d24,726572,1,a,2,1,0,0,1,0,2,1,0,0,1,0,3,0
1_3358782,strips-movie-x-25,chips_c27,3358782,1,f,1,1,0,0,0,0,2,2,0,0,0,0,3,0
1_1254996,strips-movie-x-25,pop_p4,1254996,1,f,1,1,0,0,0,0,2,2,0,0,0,0,3,0
2_7824343,strips-movie-x-25,have-crackers,7824343,2,f,30,30,0,0,0,0,0,0,0,0,0,0,30,0
1_2402012,strips-movie-x-25,get-crackers_k1,2402012,1,a,2,1,0,0,1,0,2,1,0,0,1,0,3,0
0_4253364,strips-movie-x-25,get-dip_d9,4253364,0,a,0,0,0,0,0,0,1,1,0,0,0,0,1,0
1_3613287,strips-movie-x-25,get-cheese_z15,3613287,1,a,2,1,0,0,1,0,2,1,0,0,1,0,3,0
1_2874408,strips-movie-x-25,rewind-movie,2874408,1,a,5,1,0,1,3,0,5,1,0,1,3,0,6,0
2_2199240,strips-movie-x-25,dip_d9,2199240,2,f,1,1,0,0,0,0,0,0,0,0,0,0,1,0
0_3613543,strips-movie-x-25,get-cheese_z25,3613543,0,a,0,0,0,0,0,0,1,1,0,0,0,0,1,0
1_726317,strips-movie-x-25,get-dip_d15,726317,1,a,2,1,0,0,1,0,2,1,0,0,1,0,3,0
1_1239179,strips-movie-x-25,pop_p13,1239179,1,f,1,1,0,0,0,0,2,2,0,0,0,0,3,0
0_1157313,strips-movie-x-25,cheese_z25,1157313,0,f,0,0,0,0,0,0,0,0,0,0,0,0,0,0
1_726312,strips-movie-x-25,get-dip_d10,726312,1,a,2,1,0,0,1,0,2,1,0,0,1,0,3,0
1_7007860,strips-movie-x-25,crackers_k19,7007860,1,f,1,1,0,0,0,0,2,2,0,0,0,0,3,0
2_7007856,strips-movie-x-25,crackers_k15,7007856,2,f,1,1,0,0,0,0,0,0,0,0,0,0,1,0
0_2567444,strips-movie-x-25,noop_chips_c14,2567444,0,a,0,0,0,0,0,0,1,1,0,0,0,0,1,0
1_1239438,strips-movie-x-25,pop_p26,1239438,1,f,1,1,0,0,0,0,2,2,0,0,0,0,3,0
2_7008114,strips-movie-x-25,crackers_k27,7008114,2,f,1,1,0,0,0,0,0,0,0,0,0,0,1,0
1_3358519,strips-movie-x-25,chips_c10,3358519,1,f,1,1,0,0,0,0,2,2,0,0,0,0,3,0
0_3358779,strips-movie-x-25,chips_c24,3358779,0,f,0,0,0,0,0,0,0,0,0,0,0,0,0,0
1_2567705,strips-movie-x-25,noop_chips_c29,2567705,1,a,1,1,0,0,0,0,1,1,0,0,0,0,2,0
0_7008115,strips-movie-x-25,crackers_k28,7008115,0,f,0,0,0,0,0,0,0,0,0,0,0,0,0,0
1_726320,strips-movie-x-25,get-dip_d18,726320,1,a,2,1,0,0,1,0,2,1,0,0,1,0,3,0
0_5835449,strips-movie-x-25,noop_pop_p7,5835449,0,a,0,0,0,0,0,0,1,1,0,0,0,0,1,0
2_2199239,strips-movie-x-25,dip_d8,2199239,2,f,1,1,0,0,0,0,0,0,0,0,0,0,1,0
1_5691736,strips-movie-x-25,noop_pop_p12,5691736,1,a,1,1,0,0,0,0,1,1,0,0,0,0,2,0
0_5181091,strips-movie-x-25,get-chips_c20,5181091,0,a,0,0,0,0,0,0,1,1,0,0,0,0,1,0
0_3613542,strips-movie-x-25,get-cheese_z24,3613542,0,a,0,0,0,0,0,0,1,1,0,0,0,0,1,0
0_5181093,strips-movie-x-25,get-chips_c22,5181093,0,a,0,0,0,0,0,0,1,1,0,0,0,0,1,0
2_5295021,strips-movie-x-25,chips_c8,5295021,2,f,1,1,0,0,0,0,0,0,0,0,0,0,1,0
2_5295017,strips-movie-x-25,chips_c4,5295017,2,f,1,1,0,0,0,0,0,0,0,0,0,0,1,0
1_3452034,strips-movie-x-25,get-cheese_z1,3452034,1,a,2,1,0,0,1,0,2,1,0,0,1,0,3,0
1_1629719,strips-movie-x-25,cheese_z2,1629719,1,f,1,1,0,0,0,0,2,2,0,0,0,0,3,0
0_5691992,strips-movie-x-25,noop_pop_p22,5691992,0,a,0,0,0,0,0,0,1,1,0,0,0,0,1,0
0_2567446,strips-movie-x-25,noop_chips_c16,2567446,0,a,0,0,0,0,0,0,1,1,0,0,0,0,1,0
0_1254996,strips-movie-x-25,pop_p4,1254996,0,f,0,0,0,0,0,0,0,0,0,0,0,0,0,0
1_726319,strips-movie-x-25,get-dip_d17,726319,1,a,2,1,0,0,1,0,2,1,0,0,1,0,3,0
2_3358519,strips-movie-x-25,chips_c10,3358519,2,f,1,1,0,0,0,0,0,0,0,0,0,0,1,0
0_3309124,strips-movie-x-25,get-pop_p8,3309124,0,a,0,0,0,0,0,0,1,1,0,0,0,0,1,0
1_7031419,strips-movie-x-25,get-pop_p14,7031419,1,a,2,1,0,0,1,0,2,1,0,0,1,0,3,0
1_1010151,strips-movie-x-25,noop_chips_c1,1010151,1,a,1,1,0,0,0,0,1,1,0,0,0,0,2,0
1_3452037,strips-movie-x-25,get-cheese_z4,3452037,1,a,2,1,0,0,1,0,2,1,0,0,1,0,3,0
2_2935310,strips-movie-x-25,dip_d24,2935310,2,f,1,1,0,0,0,0,0,0,0,0,0,0,1,0
1_4253362,strips-movie-x-25,get-dip_d7,4253362,1,a,2,1,0,0,1,0,2,1,0,0,1,0,3,0
1_5295021,strips-movie-x-25,chips_c8,5295021,1,f,1,1,0,0,0,0,2,2,0,0,0,0,3,0
0_6666488,strips-movie-x-25,noop_cheese_z22,6666488,0,a,0,0,0,0,0,0,1,1,0,0,0,0,1,0
0_1629724,strips-movie-x-25,cheese_z7,1629724,0,f,0,0,0,0,0,0,0,0,0,0,0,0,0,0
1_6666491,strips-movie-x-25,noop_cheese_z25,6666491,1,a,1,1,0,0,0,0,1,1,0,0,0,0,2,0
0_5691743,strips-movie-x-25,noop_pop_p19,5691743,0,a,0,0,0,0,0,0,1,1,0,0,0,0,1,0
2_2935050,strips-movie-x-25,dip_d10,2935050,2,f,1,1,0,0,0,0,0,0,0,0,0,0,1,0
0_3358784,strips-movie-x-25,chips_c29,3358784,0,f,0,0,0,0,0,0,0,0,0,0,0,0,0,0
1_4409159,strips-movie-x-25,noop_crackers_k12,4409159,1,a,1,1,0,0,0,0,1,1,0,0,0,0,2,0
0_726313,strips-movie-x-25,get-dip_d11,726313,0,a,0,0,0,0,0,0,1,1,0,0,0,0,1,0
1_2935306,strips-movie-x-25,dip_d20,2935306,1,f,1,1,0,0,0,0,2,2,0,0,0,0,3,0
0_726318,strips-movie-x-25,get-dip_d16,726318,0,a,0,0,0,0,0,0,1,1,0,0,0,0,1,0
0_6666492,strips-movie-x-25,noop_cheese_z26,6666492,0,a,0,0,0,0,0,0,1,1,0,0,0,0,1,0
1_1157058,strips-movie-x-25,cheese_z16,1157058,1,f,1,1,0,0,0,0,2,2,0,0,0,0,3,0
1_5835444,strips-movie-x-25,noop_pop_p2,5835444,1,a,1,1,0,0,0,0,1,1,0,0,0,0,2,0
0_3452034,strips-movie-x-25,get-cheese_z1,3452034,0,a,0,0,0,0,0,0,1,1,0,0,0,0,1,0
1_7861936,strips-movie-x-25,noop_crackers_k6,7861936,1,a,1,1,0,0,0,0,1,1,0,0,0,0,2,0
2_1629726,strips-movie-x-25,cheese_z9,1629726,2,f,1,1,0,0,0,0,0,0,0,0,0,0,1,0
1_7007856,strips-movie-x-25,crackers_k15,7007856,1,f,1,1,0,0,0,0,2,2,0,0,0,0,3,0
1_7031423,strips-movie-x-25,get-pop_p18,7031423,1,a,2,1,0,0,1,0,2,1,0,0,1,0,3,0
1_7008107,strips-movie-x-25,crackers_k20,7008107,1,f,1,1,0,0,0,0,2,2,0,0,0,0,3,0
1_3309124,strips-movie-x-25,get-pop_p8,3309124,1,a,2,1,0,0,1,0,2,1,0,0,1,0,3,0
2_3358523,strips-movie-x-25,chips_c14,3358523,2,f,1,1,0,0,0,0,0,0,0,0,0,0,1,0
1_726321,strips-movie-x-25,get-dip_d19,726321,1,a,2,1,0,0,1,0,2,1,0,0,1,0,3,0
1_5691738,strips-movie-x-25,noop_pop_p14,5691738,1,a,1,1,0,0,0,0,1,1,0,0,0,0,2,0
0_5181100,strips-movie-x-25,get-chips_c29,5181100,0,a,0,0,0,0,0,0,1,1,0,0,0,0,1,0
1_2935052,strips-movie-x-25,dip_d12,2935052,1,f,1,1,0,0,0,0,2,2,0,0,0,0,3,0
1_1157055,strips-movie-x-25,cheese_z13,1157055,1,f,1,1,0,0,0,0,2,2,0,0,0,0,3,0
1_2567443,strips-movie-x-25,noop_chips_c13,2567443,1,a,1,1,0,0,0,0,1,1,0,0,0,0,2,0
1_1254995,strips-movie-x-25,pop_p3,1254995,1,f,1,1,0,0,0,0,2,2,0,0,0,0,3,0
0_3613287,strips-movie-x-25,get-cheese_z15,3613287,0,a,0,0,0,0,0,0,1,1,0,0,0,0,1,0
0_2935312,strips-movie-x-25,dip_d26,2935312,0,f,0,0,0,0,0,0,0,0,0,0,0,0,0,0
0_7387869,strips-movie-x-25,noop_dip_d25,7387869,0,a,0,0,0,0,0,0,1,1,0,0,0,0,1,0
0_6841130,strips-movie-x-25,get-crackers_k26,6841130,0,a,0,0,0,0,0,0,1,1,0,0,0,0,1,0
1_1010152,strips-movie-x-25,noop_chips_c2,1010152,1,a,1,1,0,0,0,0,1,1,0,0,0,0,2,0
2_2935311,strips-movie-x-25,dip_d25,2935311,2,f,1,1,0,0,0,0,0,0,0,0,0,0,1,0
0_2402012,strips-movie-x-25,get-crackers_k1,2402012,0,a,0,0,0,0,0,0,1,1,0,0,0,0,1,0
2_5684323,strips-movie-x-25,crackers_k9,5684323,2,f,1,1,0,0,0,0,0,0,0,0,0,0,1,0
0_3309117,strips-movie-x-25,get-pop_p1,3309117,0,a,0,0,0,0,0,0,1,1,0,0,0,0,1,0
0_3613282,strips-movie-x-25,get-cheese_z10,3613282,0,a,0,0,0,0,0,0,1,1,0,0,0,0,1,0
1_7031673,strips-movie-x-25,get-pop_p22,7031673,1,a,2,1,0,0,1,0,2,1,0,0,1,0,3,0
0_4253356,strips-movie-x-25,get-dip_d1,4253356,0,a,0,0,0,0,0,0,1,1,0,0,0,0,1,0
1_726315,strips-movie-x-25,get-dip_d13,726315,1,a,2,1,0,0,1,0,2,1,0,0,1,0,3,0
0_1239440,strips-movie-x-25,pop_p28,1239440,0,f,0,0,0,0,0,0,0,0,0,0,0,0,0,0
0_7861934,strips-movie-x-25,noop_crackers_k4,7861934,0,a,0,0,0,0,0,0,1,1,0,0,0,0,1,0
1_7387612,strips-movie-x-25,noop_dip_d14,7387612,1,a,1,1,0,0,0,0,1,1,0,0,0,0,2,0
0_1239181,strips-movie-x-25,pop_p15,1239181,0,f,0,0,0,0,0,0,0,0,0,0,0,0,0,0
0_6841126,strips-movie-x-25,get-crackers_k22,6841126,0,a,0,0,0,0,0,0,1,1,0,0,0,0,1,0
1_6639770,strips-movie-x-25,noop_have-crackers,6639770,1,a,30,1,0,0,29,0,30,1,0,0,29,0,31,0
1_7008116,strips-movie-x-25,crackers_k29,7008116,1,f,1,1,0,0,0,0,2,2,0,0,0,0,3,0
1_3309122,strips-movie-x-25,get-pop_p6,3309122,1,a,2,1,0,0,1,0,2,1,0,0,1,0,3,0
1_7387615,strips-movie-x-25,noop_dip_d17,7387615,1,a,1,1,0,0,0,0,1,1,0,0,0,0,2,0
1_7031678,strips-movie-x-25,get-pop_p27,7031678,1,a,2,1,0,0,1,0,2,1,0,0,1,0,3,0
0_2567443,strips-movie-x-25,noop_chips_c13,2567443,0,a,0,0,0,0,0,0,1,1,0,0,0,0,1,0
1_6666488,strips-movie-x-25,noop_cheese_z22,6666488,1,a,1,1,0,0,0,0,1,1,0,0,0,0,2,0
0_5691999,strips-movie-x-25,noop_pop_p29,5691999,0,a,0,0,0,0,0,0,1,1,0,0,0,0,1,0
0_3452035,strips-movie-x-25,get-cheese_z2,3452035,0,a,0,0,0,0,0,0,1,1,0,0,0,0,1,0
1_2402017,strips-movie-x-25,get-crackers_k6,2402017,1,a,2,1,0,0,1,0,2,1,0,0,1,0,3,0
0_1157055,strips-movie-x-25,cheese_z13,1157055,0,f,0,0,0,0,0,0,0,0,0,0,0,0,0,0
0_3358522,strips-movie-x-25,chips_c13,3358522,0,f,0,0,0,0,0,0,0,0,0,0,0,0,0,0
0_3358519,strips-movie-x-25,chips_c10,3358519,0,f,0,0,0,0,0,0,0,0,0,0,0,0,0,0
2_3358778,strips-movie-x-25,chips_c23,3358778,2,f,1,1,0,0,0,0,0,0,0,0,0,0,1,0
0_3613540,strips-movie-x-25,get-cheese_z22,3613540,0,a,0,0,0,0,0,0,1,1,0,0,0,0,1,0
0_838645,strips-movie-x-25,noop_cheese_z7,838645,0,a,0,0,0,0,0,0,1,1,0,0,0,0,1,0
1_7008115,strips-movie-x-25,crackers_k28,7008115,1,f,1,1,0,0,0,0,2,2,0,0,0,0,3,0
1_2935308,strips-movie-x-25,dip_d22,2935308,1,f,1,1,0,0,0,0,2,2,0,0,0,0,3,0
0_6840877,strips-movie-x-25,get-crackers_k19,6840877,0,a,0,0,0,0,0,0,1,1,0,0,0,0,1,0
0_7007854,strips-movie-x-25,crackers_k13,7007854,0,f,0,0,0,0,0,0,0,0,0,0,0,0,0,0
2_5295018,strips-movie-x-25,chips_c5,5295018,2,f,1,1,0,0,0,0,0,0,0,0,0,0,1,0
0_7031671,strips-movie-x-25,get-pop_p20,7031671,0,a,0,0,0,0,0,0,1,1,0,0,0,0,1,0
1_7007855,strips-movie-x-25,crackers_k14,7007855,1,f,1,1,0,0,0,0,2,2,0,0,0,0,3,0
1_3309118,strips-movie-x-25,get-pop_p2,3309118,1,a,2,1,0,0,1,0,2,1,0,0,1,0,3,0
2_2935053,strips-movie-x-25,dip_d13,2935053,2,f,1,1,0,0,0,0,0,0,0,0,0,0,1,0
1_3309117,strips-movie-x-25,get-pop_p1,3309117,1,a,2,1,0,0,1,0,2,1,0,0,1,0,3,0
1_5180841,strips-movie-x-25,get-chips_c16,5180841,1,a,2,1,0,0,1,0,2,1,0,0,1,0,3,0
0_7387610,strips-movie-x-25,noop_dip_d12,7387610,0,a,0,0,0,0,0,0,1,1,0,0,0,0,1,0
2_1157311,strips-movie-x-25,cheese_z23,1157311,2,f,1,1,0,0,0,0,0,0,0,0,0,0,1,0
0_2567699,strips-movie-x-25,noop_chips_c23,2567699,0,a,0,0,0,0,0,0,1,1,0,0,0,0,1,0
1_2567445,strips-movie-x-25,noop_chips_c15,2567445,1,a,1,1,0,0,0,0,1,1,0,0,0,0,2,0
0_726570,strips-movie-x-25,get-dip_d22,726570,0,a,0,0,0,0,0,0,1,1,0,0,0,0,1,0
1_7031421,strips-movie-x-25,get-pop_p16,7031421,1,a,2,1,0,0,1,0,2,1,0,0,1,0,3,0
1_7861937,strips-movie-x-25,noop_crackers_k7,7861937,1,a,1,1,0,0,0,0,1,1,0,0,0,0,2,0
1_6666486,strips-movie-x-25,noop_cheese_z20,6666486,1,a,1,1,0,0,0,0,1,1,0,0,0,0,2,0
2_1254996,strips-movie-x-25,pop_p4,1254996,2,f,1,1,0,0,0,0,0,0,0,0,0,0,1,0
1_6779682,strips-movie-x-25,noop_dip_d1,6779682,1,a,1,1,0,0,0,0,1,1,0,0,0,0,2,0
1_3613539,strips-movie-x-25,get-cheese_z21,3613539,1,a,2,1,0,0,1,0,2,1,0,0,1,0,3,0
1_1629721,strips-movie-x-25,cheese_z4,1629721,1,f,1,1,0,0,0,0,2,2,0,0,0,0,3,0
1_1255001,strips-movie-x-25,pop_p9,1255001,1,f,1,1,0,0,0,0,2,2,0,0,0,0,3,0
0_5691741,strips-movie-x-25,noop_pop_p17,5691741,0,a,0,0,0,0,0,0,1,1,0,0,0,0,1,0
0_7387611,strips-movie-x-25,noop_dip_d13,7387611,0,a,0,0,0,0,0,0,1,1,0,0,0,0,1,0
2_1629723,strips-movie-x-25,cheese_z6,1629723,2,f,1,1,0,0,0,0,0,0,0,0,0,0,1,0
2_1157060,strips-movie-x-25,cheese_z18,1157060,2,f,1,1,0,0,0,0,0,0,0,0,0,0,1,0
1_2402018,strips-movie-x-25,get-crackers_k7,2402018,1,a,2,1,0,0,1,0,2,1,0,0,1,0,3,0
2_2935315,strips-movie-x-25,dip_d29,2935315,2,f,1,1,0,0,0,0,0,0,0,0,0,0,1,0
0_5691742,strips-movie-x-25,noop_pop_p18,5691742,0,a,0,0,0,0,0,0,1,1,0,0,0,0,1,0
1_7861939,strips-movie-x-25,noop_crackers_k9,7861939,1,a,1,1,0,0,0,0,1,1,0,0,0,0,2,0
2_3358527,strips-movie-x-25,chips_c18,3358527,2,f,1,1,0,0,0,0,0,0,0,0,0,0,1,0
0_4409416,strips-movie-x-25,noop_crackers_k23,4409416,0,a,0,0,0,0,0,0,1,1,0,0,0,0,1,0
0_5835446,strips-movie-x-25,noop_pop_p4,5835446,0,a,0,0,0,0,0,0,1,1,0,0,0,0,1,0
1_4409163,strips-movie-x-25,noop_crackers_k16,4409163,1,a,1,1,0,0,0,0,1,1,0,0,0,0,2,0
0_3358782,strips-movie-x-25,chips_c27,3358782,0,f,0,0,0,0,0,0,0,0,0,0,0,0,0,0
2_2199238,strips-movie-x-25,dip_d7,2199238,2,f,1,1,0,0,0,0,0,0,0,0,0,0,1,0
0_7387871,strips-movie-x-25,noop_dip_d27,7387871,0,a,0,0,0,0,0,0,1,1,0,0,0,0,1,0
0_4409162,strips-movie-x-25,noop_crackers_k15,4409162,0,a,0,0,0,0,0,0,1,1,0,0,0,0,1,0
0_7031419,strips-movie-x-25,get-pop_p14,7031419,0,a,0,0,0,0,0,0,1,1,0,0,0,0,1,0
1_2935054,strips-movie-x-25,dip_d14,2935054,1,f,1,1,0,0,0,0,2,2,0,0,0,0,3,0
0_1157308,strips-movie-x-25,cheese_z20,1157308,0,f,0,0,0,0,0,0,0,0,0,0,0,0,0,0
2_1157055,strips-movie-x-25,cheese_z13,1157055,2,f,1,1,0,0,0,0,0,0,0,0,0,0,1,0
0_3358525,strips-movie-x-25,chips_c16,3358525,0,f,0,0,0,0,0,0,0,0,0,0,0,0,0,0
1_7387609,strips-movie-x-25,noop_dip_d11,7387609,1,a,1,1,0,0,0,0,1,1,0,0,0,0,2,0
1_4409166,strips-movie-x-25,noop_crackers_k19,4409166,1,a,1,1,0,0,0,0,1,1,0,0,0,0,2,0
0_5691740,strips-movie-x-25,noop_pop_p16,5691740,0,a,0,0,0,0,0,0,1,1,0,0,0,0,1,0
1_3613547,strips-movie-x-25,get-cheese_z29,3613547,1,a,2,1,0,0,1,0,2,1,0,0,1,0,3,0
0_2935057,strips-movie-x-25,dip_d17,2935057,0,f,0,0,0,0,0,0,0,0,0,0,0,0,0,0
0_6779683,strips-movie-x-25,noop_dip_d2,6779683,0,a,0,0,0,0,0,0,1,1,0,0,0,0,1,0
1_7007859,strips-movie-x-25,crackers_k18,7007859,1,f,1,1,0,0,0,0,2,2,0,0,0,0,3,0
0_3309123,strips-movie-x-25,get-pop_p7,3309123,0,a,0,0,0,0,0,0,1,1,0,0,0,0,1,0
1_4409160,strips-movie-x-25,noop_crackers_k13,4409160,1,a,1,1,0,0,0,0,1,1,0,0,0,0,2,0
1_3358781,strips-movie-x-25,chips_c26,3358781,1,f,1,1,0,0,0,0,2,2,0,0,0,0,3,0
1_5181094,strips-movie-x-25,get-chips_c23,5181094,1,a,2,1,0,0,1,0,2,1,0,0,1,0,3,0
1_4409420,strips-movie-x-25,noop_crackers_k27,4409420,1,a,1,1,0,0,0,0,1,1,0,0,0,0,2,0
2_1629720,strips-movie-x-25,cheese_z3,1629720,2,f,1,1,0,0,0,0,0,0,0,0,0,0,1,0
0_7387867,strips-movie-x-25,noop_dip_d23,7387867,0,a,0,0,0,0,0,0,1,1,0,0,0,0,1,0
0_6666490,strips-movie-x-25,noop_cheese_z24,6666490,0,a,0,0,0,0,0,0,1,1,0,0,0,0,1,0
0_1254997,strips-movie-x-25,pop_p5,1254997,0,f,0,0,0,0,0,0,0,0,0,0,0,0,0,0
0_7927460,strips-movie-x-25,get-chips_c8,7927460,0,a,0,0,0,0,0,0,1,1,0,0,0,0,1,0
0_6841124,strips-movie-x-25,get-crackers_k20,6841124,0,a,0,0,0,0,0,0,1,1,0,0,0,0,1,0
0_3613539,strips-movie-x-25,get-cheese_z21,3613539,0,a,0,0,0,0,0,0,1,1,0,0,0,0,1,0
0_7031678,strips-movie-x-25,get-pop_p27,7031678,0,a,0,0,0,0,0,0,1,1,0,0,0,0,1,0
2_3358775,strips-movie-x-25,chips_c20,3358775,2,f,1,1,0,0,0,0,0,0,0,0,0,0,1,0
1_1010157,strips-movie-x-25,noop_chips_c7,1010157,1,a,1,1,0,0,0,0,1,1,0,0,0,0,2,0
1_1157056,strips-movie-x-25,cheese_z14,1157056,1,f,1,1,0,0,0,0,2,2,0,0,0,0,3,0
2_1239182,strips-movie-x-25,pop_p16,1239182,2,f,1,1,0,0,0,0,0,0,0,0,0,0,1,0
1_7031676,strips-movie-x-25,get-pop_p25,7031676,1,a,2,1,0,0,1,0,2,1,0,0,1,0,3,0
1_2567700,strips-movie-x-25,noop_chips_c24,2567700,1,a,1,1,0,0,0,0,1,1,0,0,0,0,2,0
2_1157317,strips-movie-x-25,cheese_z29,1157317,2,f,1,1,0,0,0,0,0,0,0,0,0,0,1,0
2_7007854,strips-movie-x-25,crackers_k13,7007854,2,f,1,1,0,0,0,0,0,0,0,0,0,0,1,0
1_6840868,strips-movie-x-25,get-crackers_k10,6840868,1,a,2,1,0,0,1,0,2,1,0,0,1,0,3,0
0_726314,strips-movie-x-25,get-dip_d12,726314,0,a,0,0,0,0,0,0,1,1,0,0,0,0,1,0
2_1157059,strips-movie-x-25,cheese_z17,1157059,2,f,1,1,0,0,0,0,0,0,0,0,0,0,1,0
0_5180841,strips-movie-x-25,get-chips_c16,5180841,0,a,0,0,0,0,0,0,1,1,0,0,0,0,1,0
0_2935309,strips-movie-x-25,dip_d23,2935309,0,f,0,0,0,0,0,0,0,0,0,0,0,0,0,0
1_1157060,strips-movie-x-25,cheese_z18,1157060,1,f,1,1,0,0,0,0,2,2,0,0,0,0,3,0
0_3452037,strips-movie-x-25,get-cheese_z4,3452037,0,a,0,0,0,0,0,0,1,1,0,0,0,0,1,0
1_5181093,strips-movie-x-25,get-chips_c22,5181093,1,a,2,1,0,0,1,0,2,1,0,0,1,0,3,0
0_5684318,strips-movie-x-25,crackers_k4,5684318,0,f,0,0,0,0,0,0,0,0,0,0,0,0,0,0
0_2567698,strips-movie-x-25,noop_chips_c22,2567698,0,a,0,0,0,0,0,0,1,1,0,0,0,0,1,0
1_5684317,strips-movie-x-25,crackers_k3,5684317,1,f,1,1,0,0,0,0,2,2,0,0,0,0,3,0
1_5684321,strips-movie-x-25,crackers_k7,5684321,1,f,1,1,0,0,0,0,2,2,0,0,0,0,3,0
0_7031674,strips-movie-x-25,get-pop_p23,7031674,0,a,0,0,0,0,0,0,1,1,0,0,0,0,1,0
2_7007859,strips-movie-x-25,crackers_k18,7007859,2,f,1,1,0,0,0,0,0,0,0,0,0,0,1,0
1_5180837,strips-movie-x-25,get-chips_c12,5180837,1,a,2,1,0,0,1,0,2,1,0,0,1,0,3,0
1_4409417,strips-movie-x-25,noop_crackers_k24,4409417,1,a,1,1,0,0,0,0,1,1,0,0,0,0,2,0
2_1157313,strips-movie-x-25,cheese_z25,1157313,2,f,1,1,0,0,0,0,0,0,0,0,0,0,1,0
1_314337,strips-movie-x-25,counter-at-zero,314337,1,f,3,1,0,1,1,0,3,1,0,1,1,0,4,0
0_7387609,strips-movie-x-25,noop_dip_d11,7387609,0,a,0,0,0,0,0,0,1,1,0,0,0,0,1,0
2_1157308,strips-movie-x-25,cheese_z20,1157308,2,f,1,1,0,0,0,0,0,0,0,0,0,0,1,0
1_7007858,strips-movie-x-25,crackers_k17,7007858,1,f,1,1,0,0,0,0,2,2,0,0,0,0,3,0
2_2935308,strips-movie-x-25,dip_d22,2935308,2,f,1,1,0,0,0,0,0,0,0,0,0,0,1,0
1_1239435,strips-movie-x-25,pop_p23,1239435,1,f,1,1,0,0,0,0,2,2,0,0,0,0,3,0
1_3613542,strips-movie-x-25,get-cheese_z24,3613542,1,a,2,1,0,0,1,0,2,1,0,0,1,0,3,0
0_7007860,strips-movie-x-25,crackers_k19,7007860,0,f,0,0,0,0,0,0,0,0,0,0,0,0,0,0
2_1157053,strips-movie-x-25,cheese_z11,1157053,2,f,1,1,0,0,0,0,0,0,0,0,0,0,1,0
2_1239177,strips-movie-x-25,pop_p11,1239177,2,f,1,1,0,0,0,0,0,0,0,0,0,0,1,0
1_2935309,strips-movie-x-25,dip_d23,2935309,1,f,1,1,0,0,0,0,2,2,0,0,0,0,3,0
1_1629723,strips-movie-x-25,cheese_z6,1629723,1,f,1,1,0,0,0,0,2,2,0,0,0,0,3,0
1_7861933,strips-movie-x-25,noop_crackers_k3,7861933,1,a,1,1,0,0,0,0,1,1,0,0,0,0,2,0
0_7031680,strips-movie-x-25,get-pop_p29,7031680,0,a,0,0,0,0,0,0,1,1,0,0,0,0,1,0
1_5180839,strips-movie-x-25,get-chips_c14,5180839,1,a,2,1,0,0,1,0,2,1,0,0,1,0,3,0
2_3358524,strips-movie-x-25,chips_c15,3358524,2,f,1,1,0,0,0,0,0,0,0,0,0,0,1,0
0_5691737,strips-movie-x-25,noop_pop_p13,5691737,0,a,0,0,0,0,0,0,1,1,0,0,0,0,1,0
1_3452039,strips-movie-x-25,get-cheese_z6,3452039,1,a,2,1,0,0,1,0,2,1,0,0,1,0,3,0
1_726318,strips-movie-x-25,get-dip_d16,726318,1,a,2,1,0,0,1,0,2,1,0,0,1,0,3,0
1_7927458,strips-movie-x-25,get-chips_c6,7927458,1,a,2,1,0,0,1,0,2,1,0,0,1,0,3,0
1_6666489,strips-movie-x-25,noop_cheese_z23,6666489,1,a,1,1,0,0,0,0,1,1,0,0,0,0,2,0
0_7031418,strips-movie-x-25,get-pop_p13,7031418,0,a,0,0,0,0,0,0,1,1,0,0,0,0,1,0
0_726317,strips-movie-x-25,get-dip_d15,726317,0,a,0,0,0,0,0,0,1,1,0,0,0,0,1,0
0_5835445,strips-movie-x-25,noop_pop_p3,5835445,0,a,0,0,0,0,0,0,1,1,0,0,0,0,1,0
1_2935053,strips-movie-x-25,dip_d13,2935053,1,f,1,1,0,0,0,0,2,2,0,0,0,0,3,0
0_2935053,strips-movie-x-25,dip_d13,2935053,0,f,0,0,0,0,0,0,0,0,0,0,0,0,0,0
0_3613545,strips-movie-x-25,get-cheese_z27,3613545,0,a,0,0,0,0,0,0,1,1,0,0,0,0,1,0
1_5181099,strips-movie-x-25,get-chips_c28,5181099,1,a,2,1,0,0,1,0,2,1,0,0,1,0,3,0
0_726575,strips-movie-x-25,get-dip_d27,726575,0,a,0,0,0,0,0,0,1,1,0,0,0,0,1,0
0_2935313,strips-movie-x-25,dip_d27,2935313,0,f,0,0,0,0,0,0,0,0,0,0,0,0,0,0
0_5691997,strips-movie-x-25,noop_pop_p27,5691997,0,a,0,0,0,0,0,0,1,1,0,0,0,0,1,0
2_7007851,strips-movie-x-25,crackers_k10,7007851,2,f,1,1,0,0,0,0,0,0,0,0,0,0,1,0
1_7031417,strips-movie-x-25,get-pop_p12,7031417,1,a,2,1,0,0,1,0,2,1,0,0,1,0,3,0
2_2199233,strips-movie-x-25,dip_d2,2199233,2,f,1,1,0,0,0,0,0,0,0,0,0,0,1,0
1_6666238,strips-movie-x-25,noop_cheese_z18,6666238,1,a,1,1,0,0,0,0,1,1,0,0,0,0,2,0
2_5295014,strips-movie-x-25,chips_c1,5295014,2,f,1,1,0,0,0,0,0,0,0,0,0,0,1,0
1_5684315,strips-movie-x-25,crackers_k1,5684315,1,f,1,1,0,0,0,0,2,2,0,0,0,0,3,0
0_7031422,strips-movie-x-25,get-pop_p17,7031422,0,a,0,0,0,0,0,0,1,1,0,0,0,0,1,0
1_4253358,strips-movie-x-25,get-dip_d3,4253358,1,a,2,1,0,0,1,0,2,1,0,0,1,0,3,0
1_2199236,strips-movie-x-25,dip_d5,2199236,1,f,1,1,0,0,0,0,2,2,0,0,0,0,3,0
1_4253364,strips-movie-x-25,get-dip_d9,4253364,1,a,2,1,0,0,1,0,2,1,0,0,1,0,3,0
0_5684319,strips-movie-x-25,crackers_k5,5684319,0,f,0,0,0,0,0,0,0,0,0,0,0,0,0,0
1_1157057,strips-movie-x-25,cheese_z15,1157057,1,f,1,1,0,0,0,0,2,2,0,0,0,0,3,0
0_6666236,strips-movie-x-25,noop_cheese_z16,6666236,0,a,0,0,0,0,0,0,1,1,0,0,0,0,1,0
2_3358780,strips-movie-x-25,chips_c25,3358780,2,f,1,1,0,0,0,0,0,0,0,0,0,0,1,0
1_6779689,strips-movie-x-25,noop_dip_d8,6779689,1,a,1,1,0,0,0,0,1,1,0,0,0,0,2,0
1_726568,strips-movie-x-25,get-dip_d20,726568,1,a,2,1,0,0,1,0,2,1,0,0,1,0,3,0
1_3613289,strips-movie-x-25,get-cheese_z17,3613289,1,a,2,1,0,0,1,0,2,1,0,0,1,0,3,0
1_6841124,strips-movie-x-25,get-crackers_k20,6841124,1,a,2,1,0,0,1,0,2,1,0,0,1,0,3,0
1_1239184,strips-movie-x-25,pop_p18,1239184,1,f,1,1,0,0,0,0,2,2,0,0,0,0,3,0
0_5295014,strips-movie-x-25,chips_c1,5295014,0,f,0,0,0,0,0,0,0,0,0,0,0,0,0,0
1_4409165,strips-movie-x-25,noop_crackers_k18,4409165,1,a,1,1,0,0,0,0,1,1,0,0,0,0,2,0
1_3358520,strips-movie-x-25,chips_c11,3358520,1,f,1,1,0,0,0,0,2,2,0,0,0,0,3,0
0_2567701,strips-movie-x-25,noop_chips_c25,2567701,0,a,0,0,0,0,0,0,1,1,0,0,0,0,1,0
1_2567699,strips-movie-x-25,noop_chips_c23,2567699,1,a,1,1,0,0,0,0,1,1,0,0,0,0,2,0
0_6779685,strips-movie-x-25,noop_dip_d4,6779685,0,a,0,0,0,0,0,0,1,1,0,0,0,0,1,0
0_5835451,strips-movie-x-25,noop_pop_p9,5835451,0,a,0,0,0,0,0,0,1,1,0,0,0,0,1,0
1_3613546,strips-movie-x-25,get-cheese_z28,3613546,1,a,2,1,0,0,1,0,2,1,0,0,1,0,3,0
0_838646,strips-movie-x-25,noop_cheese_z8,838646,0,a,0,0,0,0,0,0,1,1,0,0,0,0,1,0
1_7387611,strips-movie-x-25,noop_dip_d13,7387611,1,a,1,1,0,0,0,0,1,1,0,0,0,0,2,0
1_804664,strips-movie-x-25,noop_movie-rewound,804664,1,a,3,1,0,0,2,0,3,1,0,0,2,0,4,0
0_1157058,strips-movie-x-25,cheese_z16,1157058,0,f,0,0,0,0,0,0,0,0,0,0,0,0,0,0
0_7927456,strips-movie-x-25,get-chips_c4,7927456,0,a,0,0,0,0,0,0,1,1,0,0,0,0,1,0
2_1239176,strips-movie-x-25,pop_p10,1239176,2,f,1,1,0,0,0,0,0,0,0,0,0,0,1,0
1_7387613,strips-movie-x-25,noop_dip_d15,7387613,1,a,1,1,0,0,0,0,1,1,0,0,0,0,2,0
1_5691997,strips-movie-x-25,noop_pop_p27,5691997,1,a,1,1,0,0,0,0,1,1,0,0,0,0,2,0
1_1254993,strips-movie-x-25,pop_p1,1254993,1,f,1,1,0,0,0,0,2,2,0,0,0,0,3,0
1_3358528,strips-movie-x-25,chips_c19,3358528,1,f,1,1,0,0,0,0,2,2,0,0,0,0,3,0
0_5180843,strips-movie-x-25,get-chips_c18,5180843,0,a,0,0,0,0,0,0,1,1,0,0,0,0,1,0
1_1010154,strips-movie-x-25,noop_chips_c4,1010154,1,a,1,1,0,0,0,0,1,1,0,0,0,0,2,0
1_4409164,strips-movie-x-25,noop_crackers_k17,4409164,1,a,1,1,0,0,0,0,1,1,0,0,0,0,2,0
1_7031680,strips-movie-x-25,get-pop_p29,7031680,1,a,2,1,0,0,1,0,2,1,0,0,1,0,3,0
0_5295018,strips-movie-x-25,chips_c5,5295018,0,f,0,0,0,0,0,0,0,0,0,0,0,0,0,0
0_3613289,strips-movie-x-25,get-cheese_z17,3613289,0,a,0,0,0,0,0,0,1,1,0,0,0,0,1,0
1_6840873,strips-movie-x-25,get-crackers_k15,6840873,1,a,2,1,0,0,1,0,2,1,0,0,1,0,3,0
1_5691998,strips-movie-x-25,noop_pop_p28,5691998,1,a,1,1,0,0,0,0,1,1,0,0,0,0,2,0
1_2402019,strips-movie-x-25,get-crackers_k8,2402019,1,a,2,1,0,0,1,0,2,1,0,0,1,0,3,0
2_5295020,strips-movie-x-25,chips_c7,5295020,2,f,1,1,0,0,0,0,0,0,0,0,0,0,1,0
1_4253356,strips-movie-x-25,get-dip_d1,4253356,1,a,2,1,0,0,1,0,2,1,0,0,1,0,3,0
1_4749174,strips-movie-x-25,have-pop,4749174,1,f,29,29,0,0,0,0,1,1,0,0,0,0,30,0
0_4409420,strips-movie-x-25,noop_crackers_k27,4409420,0,a,0,0,0,0,0,0,1,1,0,0,0,0,1,0
2_5684321,strips-movie-x-25,crackers_k7,5684321,2,f,1,1,0,0,0,0,0,0,0,0,0,0,1,0
0_7031420,strips-movie-x-25,get-pop_p15,7031420,0,a,0,0,0,0,0,0,1,1,0,0,0,0,1,0
1_1629724,strips-movie-x-25,cheese_z7,1629724,1,f,1,1,0,0,0,0,2,2,0,0,0,0,3,0
1_726573,strips-movie-x-25,get-dip_d25,726573,1,a,2,1,0,0,1,0,2,1,0,0,1,0,3,0
1_726571,strips-movie-x-25,get-dip_d23,726571,1,a,2,1,0,0,1,0,2,1,0,0,1,0,3,0
0_726315,strips-movie-x-25,get-dip_d13,726315,0,a,0,0,0,0,0,0,1,1,0,0,0,0,1,0
0_2935050,strips-movie-x-25,dip_d10,2935050,0,f,0,0,0,0,0,0,0,0,0,0,0,0,0,0
0_5181092,strips-movie-x-25,get-chips_c21,5181092,0,a,0,0,0,0,0,0,1,1,0,0,0,0,1,0
0_7007852,strips-movie-x-25,crackers_k11,7007852,0,f,0,0,0,0,0,0,0,0,0,0,0,0,0,0
1_4409416,strips-movie-x-25,noop_crackers_k23,4409416,1,a,1,1,0,0,0,0,1,1,0,0,0,0,2,0
0_4409419,strips-movie-x-25,noop_crackers_k26,4409419,0,a,0,0,0,0,0,0,1,1,0,0,0,0,1,0
0_2935307,strips-movie-x-25,dip_d21,2935307,0,f,0,0,0,0,0,0,0,0,0,0,0,0,0,0
0_7031421,strips-movie-x-25,get-pop_p16,7031421,0,a,0,0,0,0,0,0,1,1,0,0,0,0,1,0
1_6666239,strips-movie-x-25,noop_cheese_z19,6666239,1,a,1,1,0,0,0,0,1,1,0,0,0,0,2,0
0_7861931,strips-movie-x-25,noop_crackers_k1,7861931,0,a,0,0,0,0,0,0,1,1,0,0,0,0,1,0
0_1254993,strips-movie-x-25,pop_p1,1254993,0,f,0,0,0,0,0,0,0,0,0,0,0,0,0,0
0_3358780,strips-movie-x-25,chips_c25,3358780,0,f,0,0,0,0,0,0,0,0,0,0,0,0,0,0
0_2935055,strips-movie-x-25,dip_d15,2935055,0,f,0,0,0,0,0,0,0,0,0,0,0,0,0,0
0_3452036,strips-movie-x-25,get-cheese_z3,3452036,0,a,0,0,0,0,0,0,1,1,0,0,0,0,1,0
0_2402019,strips-movie-x-25,get-crackers_k8,2402019,0,a,0,0,0,0,0,0,1,1,0,0,0,0,1,0
1_6666231,strips-movie-x-25,noop_cheese_z11,6666231,1,a,1,1,0,0,0,0,1,1,0,0,0,0,2,0
0_2935308,strips-movie-x-25,dip_d22,2935308,0,f,0,0,0,0,0,0,0,0,0,0,0,0,0,0
0_1010155,strips-movie-x-25,noop_chips_c5,1010155,0,a,0,0,0,0,0,0,1,1,0,0,0,0,1,0
0_7927459,strips-movie-x-25,get-chips_c7,7927459,0,a,0,0,0,0,0,0,1,1,0,0,0,0,1,0
1_3172572,strips-movie-x-25,counter-at-other-than-two-hours,3172572,1,f,1,1,0,0,0,0,2,2,0,0,0,0,3,0
2_1157310,strips-movie-x-25,cheese_z22,1157310,2,f,1,1,0,0,0,0,0,0,0,0,0,0,1,0
0_5180835,strips-movie-x-25,get-chips_c10,5180835,0,a,0,0,0,0,0,0,1,1,0,0,0,0,1,0
1_6779687,strips-movie-x-25,noop_dip_d6,6779687,1,a,1,1,0,0,0,0,1,1,0,0,0,0,2,0
0_5295019,strips-movie-x-25,chips_c6,5295019,0,f,0,0,0,0,0,0,0,0,0,0,0,0,0,0
1_5835447,strips-movie-x-25,noop_pop_p5,5835447,1,a,1,1,0,0,0,0,1,1,0,0,0,0,2,0
1_5835445,strips-movie-x-25,noop_pop_p3,5835445,1,a,1,1,0,0,0,0,1,1,0,0,0,0,2,0
2_3358779,strips-movie-x-25,chips_c24,3358779,2,f,1,1,0,0,0,0,0,0,0,0,0,0,1,0
1_1254994,strips-movie-x-25,pop_p2,1254994,1,f,1,1,0,0,0,0,2,2,0,0,0,0,3,0
1_7008108,strips-movie-x-25,crackers_k21,7008108,1,f,1,1,0,0,0,0,2,2,0,0,0,0,3,0
0_6840873,strips-movie-x-25,get-crackers_k15,6840873,0,a,0,0,0,0,0,0,1,1,0,0,0,0,1,0
1_7387864,strips-movie-x-25,noop_dip_d20,7387864,1,a,1,1,0,0,0,0,1,1,0,0,0,0,2,0
1_6666493,strips-movie-x-25,noop_cheese_z27,6666493,1,a,1,1,0,0,0,0,1,1,0,0,0,0,2,0
1_1010159,strips-movie-x-25,noop_chips_c9,1010159,1,a,1,1,0,0,0,0,1,1,0,0,0,0,2,0
1_2199240,strips-movie-x-25,dip_d9,2199240,1,f,1,1,0,0,0,0,2,2,0,0,0,0,3,0
0_838644,strips-movie-x-25,noop_cheese_z6,838644,0,a,0,0,0,0,0,0,1,1,0,0,0,0,1,0
0_1239435,strips-movie-x-25,pop_p23,1239435,0,f,0,0,0,0,0,0,0,0,0,0,0,0,0,0
1_1157052,strips-movie-x-25,cheese_z10,1157052,1,f,1,1,0,0,0,0,2,2,0,0,0,0,3,0
2_3358781,strips-movie-x-25,chips_c26,3358781,2,f,1,1,0,0,0,0,0,0,0,0,0,0,1,0
2_1629724,strips-movie-x-25,cheese_z7,1629724,2,f,1,1,0,0,0,0,0,0,0,0,0,0,1,0
0_7927454,strips-movie-x-25,get-chips_c2,7927454,0,a,0,0,0,0,0,0,1,1,0,0,0,0,1,0
0_4409163,strips-movie-x-25,noop_crackers_k16,4409163,0,a,0,0,0,0,0,0,1,1,0,0,0,0,1,0
0_6841129,strips-movie-x-25,get-crackers_k25,6841129,0,a,0,0,0,0,0,0,1,1,0,0,0,0,1,0
1_3613538,strips-movie-x-25,get-cheese_z20,3613538,1,a,2,1,0,0,1,0,2,1,0,0,1,0,3,0
2_5295019,strips-movie-x-25,chips_c6,5295019,2,f,1,1,0,0,0,0,0,0,0,0,0,0,1,0
1_7387610,strips-movie-x-25,noop_dip_d12,7387610,1,a,1,1,0,0,0,0,1,1,0,0,0,0,2,0
0_3172572,strips-movie-x-25,counter-at-other-than-two-hours,3172572,0,f,0,0,0,0,0,0,0,0,0,0,0,0,0,0
1_5295020,strips-movie-x-25,chips_c7,5295020,1,f,1,1,0,0,0,0,2,2,0,0,0,0,3,0
0_5835443,strips-movie-x-25,noop_pop_p1,5835443,0,a,0,0,0,0,0,0,1,1,0,0,0,0,1,0
1_5180840,strips-movie-x-25,get-chips_c15,5180840,1,a,2,1,0,0,1,0,2,1,0,0,1,0,3,0
0_1239177,strips-movie-x-25,pop_p11,1239177,0,f,0,0,0,0,0,0,0,0,0,0,0,0,0,0
1_7387871,strips-movie-x-25,noop_dip_d27,7387871,1,a,1,1,0,0,0,0,1,1,0,0,0,0,2,0
2_3358783,strips-movie-x-25,chips_c28,3358783,2,f,1,1,0,0,0,0,0,0,0,0,0,0,1,0
2_5684317,strips-movie-x-25,crackers_k3,5684317,2,f,1,1,0,0,0,0,0,0,0,0,0,0,1,0
1_7008113,strips-movie-x-25,crackers_k26,7008113,1,f,1,1,0,0,0,0,2,2,0,0,0,0,3,0
2_1629718,strips-movie-x-25,cheese_z1,1629718,2,f,1,1,0,0,0,0,0,0,0,0,0,0,1,0
0_1239180,strips-movie-x-25,pop_p14,1239180,0,f,0,0,0,0,0,0,0,0,0,0,0,0,0,0
0_7387866,strips-movie-x-25,noop_dip_d22,7387866,0,a,0,0,0,0,0,0,1,1,0,0,0,0,1,0
0_726576,strips-movie-x-25,get-dip_d28,726576,0,a,0,0,0,0,0,0,1,1,0,0,0,0,1,0
0_1254995,strips-movie-x-25,pop_p3,1254995,0,f,0,0,0,0,0,0,0,0,0,0,0,0,0,0
1_7031424,strips-movie-x-25,get-pop_p19,7031424,1,a,2,1,0,0,1,0,2,1,0,0,1,0,3,0
1_5684316,strips-movie-x-25,crackers_k2,5684316,1,f,1,1,0,0,0,0,2,2,0,0,0,0,3,0
1_2199238,strips-movie-x-25,dip_d7,2199238,1,f,1,1,0,0,0,0,2,2,0,0,0,0,3,0
1_1157317,strips-movie-x-25,cheese_z29,1157317,1,f,1,1,0,0,0,0,2,2,0,0,0,0,3,0
1_2567698,strips-movie-x-25,noop_chips_c22,2567698,1,a,1,1,0,0,0,0,1,1,0,0,0,0,2,0
1_6841126,strips-movie-x-25,get-crackers_k22,6841126,1,a,2,1,0,0,1,0,2,1,0,0,1,0,3,0
1_4253360,strips-movie-x-25,get-dip_d5,4253360,1,a,2,1,0,0,1,0,2,1,0,0,1,0,3,0
1_2567704,strips-movie-x-25,noop_chips_c28,2567704,1,a,1,1,0,0,0,0,1,1,0,0,0,0,2,0
0_5295017,strips-movie-x-25,chips_c4,5295017,0,f,0,0,0,0,0,0,0,0,0,0,0,0,0,0
1_7387870,strips-movie-x-25,noop_dip_d26,7387870,1,a,1,1,0,0,0,0,1,1,0,0,0,0,2,0
1_7861931,strips-movie-x-25,noop_crackers_k1,7861931,1,a,1,1,0,0,0,0,1,1,0,0,0,0,2,0
2_2935309,strips-movie-x-25,dip_d23,2935309,2,f,1,1,0,0,0,0,0,0,0,0,0,0,1,0
0_1239185,strips-movie-x-25,pop_p19,1239185,0,f,0,0,0,0,0,0,0,0,0,0,0,0,0,0
1_5835450,strips-movie-x-25,noop_pop_p8,5835450,1,a,1,1,0,0,0,0,1,1,0,0,0,0,2,0
0_5835448,strips-movie-x-25,noop_pop_p6,5835448,0,a,0,0,0,0,0,0,1,1,0,0,0,0,1,0
1_2402015,strips-movie-x-25,get-crackers_k4,2402015,1,a,2,1,0,0,1,0,2,1,0,0,1,0,3,0
1_1157061,strips-movie-x-25,cheese_z19,1157061,1,f,1,1,0,0,0,0,2,2,0,0,0,0,3,0
0_2199232,strips-movie-x-25,dip_d1,2199232,0,f,0,0,0,0,0,0,0,0,0,0,0,0,0,0
0_3613546,strips-movie-x-25,get-cheese_z28,3613546,0,a,0,0,0,0,0,0,1,1,0,0,0,0,1,0
0_5180842,strips-movie-x-25,get-chips_c17,5180842,0,a,0,0,0,0,0,0,1,1,0,0,0,0,1,0
1_2567702,strips-movie-x-25,noop_chips_c26,2567702,1,a,1,1,0,0,0,0,1,1,0,0,0,0,2,0
1_6666234,strips-movie-x-25,noop_cheese_z14,6666234,1,a,1,1,0,0,0,0,1,1,0,0,0,0,2,0
2_3358521,strips-movie-x-25,chips_c12,3358521,2,f,1,1,0,0,0,0,0,0,0,0,0,0,1,0
0_5691734,strips-movie-x-25,noop_pop_p10,5691734,0,a,0,0,0,0,0,0,1,1,0,0,0,0,1,0
1_1010153,strips-movie-x-25,noop_chips_c3,1010153,1,a,1,1,0,0,0,0,1,1,0,0,0,0,2,0
2_5684319,strips-movie-x-25,crackers_k5,5684319,2,f,1,1,0,0,0,0,0,0,0,0,0,0,1,0
0_3358527,strips-movie-x-25,chips_c18,3358527,0,f,0,0,0,0,0,0,0,0,0,0,0,0,0,0
0_5684320,strips-movie-x-25,crackers_k6,5684320,0,f,0,0,0,0,0,0,0,0,0,0,0,0,0,0
1_7007851,strips-movie-x-25,crackers_k10,7007851,1,f,1,1,0,0,0,0,2,2,0,0,0,0,3,0
0_7008111,strips-movie-x-25,crackers_k24,7008111,0,f,0,0,0,0,0,0,0,0,0,0,0,0,0,0
0_6841125,strips-movie-x-25,get-crackers_k21,6841125,0,a,0,0,0,0,0,0,1,1,0,0,0,0,1,0
1_3613540,strips-movie-x-25,get-cheese_z22,3613540,1,a,2,1,0,0,1,0,2,1,0,0,1,0,3,0
1_7031420,strips-movie-x-25,get-pop_p15,7031420,1,a,2,1,0,0,1,0,2,1,0,0,1,0,3,0
0_7008112,strips-movie-x-25,crackers_k25,7008112,0,f,0,0,0,0,0,0,0,0,0,0,0,0,0,0
1_1239177,strips-movie-x-25,pop_p11,1239177,1,f,1,1,0,0,0,0,2,2,0,0,0,0,3,0
1_1157053,strips-movie-x-25,cheese_z11,1157053,1,f,1,1,0,0,0,0,2,2,0,0,0,0,3,0
1_7927455,strips-movie-x-25,get-chips_c3,7927455,1,a,2,1,0,0,1,0,2,1,0,0,1,0,3,0
1_5691992,strips-movie-x-25,noop_pop_p22,5691992,1,a,1,1,0,0,0,0,1,1,0,0,0,0,2,0
0_2567705,strips-movie-x-25,noop_chips_c29,2567705,0,a,0,0,0,0,0,0,1,1,0,0,0,0,1,0
0_1239433,strips-movie-x-25,pop_p21,1239433,0,f,0,0,0,0,0,0,0,0,0,0,0,0,0,0
0_5181098,strips-movie-x-25,get-chips_c27,5181098,0,a,0,0,0,0,0,0,1,1,0,0,0,0,1,0
1_3358775,strips-movie-x-25,chips_c20,3358775,1,f,1,1,0,0,0,0,2,2,0,0,0,0,3,0
1_3358524,strips-movie-x-25,chips_c15,3358524,1,f,1,1,0,0,0,0,2,2,0,0,0,0,3,0
0_4409413,strips-movie-x-25,noop_crackers_k20,4409413,0,a,0,0,0,0,0,0,1,1,0,0,0,0,1,0
0_1239183,strips-movie-x-25,pop_p17,1239183,0,f,0,0,0,0,0,0,0,0,0,0,0,0,0,0
1_3452036,strips-movie-x-25,get-cheese_z3,3452036,1,a,2,1,0,0,1,0,2,1,0,0,1,0,3,0
0_3358775,strips-movie-x-25,chips_c20,3358775,0,f,0,0,0,0,0,0,0,0,0,0,0,0,0,0
1_6841133,strips-movie-x-25,get-crackers_k29,6841133,1,a,2,1,0,0,1,0,2,1,0,0,1,0,3,0
0_6840868,strips-movie-x-25,get-crackers_k10,6840868,0,a,0,0,0,0,0,0,1,1,0,0,0,0,1,0
2_3358784,strips-movie-x-25,chips_c29,3358784,2,f,1,1,0,0,0,0,0,0,0,0,0,0,1,0
1_726314,strips-movie-x-25,get-dip_d12,726314,1,a,2,1,0,0,1,0,2,1,0,0,1,0,3,0
0_1010153,strips-movie-x-25,noop_chips_c3,1010153,0,a,0,0,0,0,0,0,1,1,0,0,0,0,1,0
1_5295017,strips-movie-x-25,chips_c4,5295017,1,f,1,1,0,0,0,0,2,2,0,0,0,0,3,0
0_6840875,strips-movie-x-25,get-crackers_k17,6840875,0,a,0,0,0,0,0,0,1,1,0,0,0,0,1,0
0_7940288,strips-movie-x-25,noop_counter-at-other-than-two-hours,7940288,0,a,0,0,0,0,0,0,1,1,0,0,0,0,1,0
1_7007857,strips-movie-x-25,crackers_k16,7007857,1,f,1,1,0,0,0,0,2,2,0,0,0,0,3,0
0_7007857,strips-movie-x-25,crackers_k16,7007857,0,f,0,0,0,0,0,0,0,0,0,0,0,0,0,0
0_2567700,strips-movie-x-25,noop_chips_c24,2567700,0,a,0,0,0,0,0,0,1,1,0,0,0,0,1,0
0_6779690,strips-movie-x-25,noop_dip_d9,6779690,0,a,0,0,0,0,0,0,1,1,0,0,0,0,1,0
2_7008116,strips-movie-x-25,crackers_k29,7008116,2,f,1,1,0,0,0,0,0,0,0,0,0,0,1,0
0_2567440,strips-movie-x-25,noop_chips_c10,2567440,0,a,0,0,0,0,0,0,1,1,0,0,0,0,1,0
0_2199233,strips-movie-x-25,dip_d2,2199233,0,f,0,0,0,0,0,0,0,0,0,0,0,0,0,0
0_5691738,strips-movie-x-25,noop_pop_p14,5691738,0,a,0,0,0,0,0,0,1,1,0,0,0,0,1,0
0_5835450,strips-movie-x-25,noop_pop_p8,5835450,0,a,0,0,0,0,0,0,1,1,0,0,0,0,1,0
0_5180838,strips-movie-x-25,get-chips_c13,5180838,0,a,0,0,0,0,0,0,1,1,0,0,0,0,1,0
0_4409415,strips-movie-x-25,noop_crackers_k22,4409415,0,a,0,0,0,0,0,0,1,1,0,0,0,0,1,0
1_5835451,strips-movie-x-25,noop_pop_p9,5835451,1,a,1,1,0,0,0,0,1,1,0,0,0,0,2,0
1_1239181,strips-movie-x-25,pop_p15,1239181,1,f,1,1,0,0,0,0,2,2,0,0,0,0,3,0
0_1239438,strips-movie-x-25,pop_p26,1239438,0,f,0,0,0,0,0,0,0,0,0,0,0,0,0,0
0_7007859,strips-movie-x-25,crackers_k18,7007859,0,f,0,0,0,0,0,0,0,0,0,0,0,0,0,0
1_5691734,strips-movie-x-25,noop_pop_p10,5691734,1,a,1,1,0,0,0,0,1,1,0,0,0,0,2,0
0_6666238,strips-movie-x-25,noop_cheese_z18,6666238,0,a,0,0,0,0,0,0,1,1,0,0,0,0,1,0
0_4253361,strips-movie-x-25,get-dip_d6,4253361,0,a,0,0,0,0,0,0,1,1,0,0,0,0,1,0
0_3358524,strips-movie-x-25,chips_c15,3358524,0,f,0,0,0,0,0,0,0,0,0,0,0,0,0,0
1_2402016,strips-movie-x-25,get-crackers_k5,2402016,1,a,2,1,0,0,1,0,2,1,0,0,1,0,3,0
1_5295022,strips-movie-x-25,chips_c9,5295022,1,f,1,1,0,0,0,0,2,2,0,0,0,0,3,0
1_726313,strips-movie-x-25,get-dip_d11,726313,1,a,2,1,0,0,1,0,2,1,0,0,1,0,3,0
0_7387865,strips-movie-x-25,noop_dip_d21,7387865,0,a,0,0,0,0,0,0,1,1,0,0,0,0,1,0
0_6779689,strips-movie-x-25,noop_dip_d8,6779689,0,a,0,0,0,0,0,0,1,1,0,0,0,0,1,0
0_5180844,strips-movie-x-25,get-chips_c19,5180844,0,a,0,0,0,0,0,0,1,1,0,0,0,0,1,0
2_2935057,strips-movie-x-25,dip_d17,2935057,2,f,1,1,0,0,0,0,0,0,0,0,0,0,1,0
0_1629721,strips-movie-x-25,cheese_z4,1629721,0,f,0,0,0,0,0,0,0,0,0,0,0,0,0,0
0_2567448,strips-movie-x-25,noop_chips_c18,2567448,0,a,0,0,0,0,0,0,1,1,0,0,0,0,1,0
1_7861938,strips-movie-x-25,noop_crackers_k8,7861938,1,a,1,1,0,0,0,0,1,1,0,0,0,0,2,0
2_3172572,strips-movie-x-25,counter-at-other-than-two-hours,3172572,2,f,1,1,0,0,0,0,0,0,0,0,0,0,1,0
0_5691991,strips-movie-x-25,noop_pop_p21,5691991,0,a,0,0,0,0,0,0,1,1,0,0,0,0,1,0
0_2402017,strips-movie-x-25,get-crackers_k6,2402017,0,a,0,0,0,0,0,0,1,1,0,0,0,0,1,0
1_2935307,strips-movie-x-25,dip_d21,2935307,1,f,1,1,0,0,0,0,2,2,0,0,0,0,3,0
1_1157311,strips-movie-x-25,cheese_z23,1157311,1,f,1,1,0,0,0,0,2,2,0,0,0,0,3,0
0_7927453,strips-movie-x-25,get-chips_c1,7927453,0,a,0,0,0,0,0,0,1,1,0,0,0,0,1,0
0_2199240,strips-movie-x-25,dip_d9,2199240,0,f,0,0,0,0,0,0,0,0,0,0,0,0,0,0
0_2567447,strips-movie-x-25,noop_chips_c17,2567447,0,a,0,0,0,0,0,0,1,1,0,0,0,0,1,0
1_7031674,strips-movie-x-25,get-pop_p23,7031674,1,a,2,1,0,0,1,0,2,1,0,0,1,0,3,0
1_5691995,strips-movie-x-25,noop_pop_p25,5691995,1,a,1,1,0,0,0,0,1,1,0,0,0,0,2,0
1_6840871,strips-movie-x-25,get-crackers_k13,6840871,1,a,2,1,0,0,1,0,2,1,0,0,1,0,3,0
1_3961206,strips-movie-x-25,have-dip,3961206,1,f,29,29,0,0,0,0,1,1,0,0,0,0,30,0
2_1157314,strips-movie-x-25,cheese_z26,1157314,2,f,1,1,0,0,0,0,0,0,0,0,0,0,1,0
1_2567697,strips-movie-x-25,noop_chips_c21,2567697,1,a,1,1,0,0,0,0,1,1,0,0,0,0,2,0
0_5691990,strips-movie-x-25,noop_pop_p20,5691990,0,a,0,0,0,0,0,0,1,1,0,0,0,0,1,0
1_3358521,strips-movie-x-25,chips_c12,3358521,1,f,1,1,0,0,0,0,2,2,0,0,0,0,3,0
2_2199234,strips-movie-x-25,dip_d3,2199234,2,f,1,1,0,0,0,0,0,0,0,0,0,0,1,0
1_2935315,strips-movie-x-25,dip_d29,2935315,1,f,1,1,0,0,0,0,2,2,0,0,0,0,3,0
1_6666490,strips-movie-x-25,noop_cheese_z24,6666490,1,a,1,1,0,0,0,0,1,1,0,0,0,0,2,0
0_6666487,strips-movie-x-25,noop_cheese_z21,6666487,0,a,0,0,0,0,0,0,1,1,0,0,0,0,1,0
1_5295018,strips-movie-x-25,chips_c5,5295018,1,f,1,1,0,0,0,0,2,2,0,0,0,0,3,0
1_3452041,strips-movie-x-25,get-cheese_z8,3452041,1,a,2,1,0,0,1,0,2,1,0,0,1,0,3,0
1_2567442,strips-movie-x-25,noop_chips_c12,2567442,1,a,1,1,0,0,0,0,1,1,0,0,0,0,2,0
2_1629722,strips-movie-x-25,cheese_z5,1629722,2,f,1,1,0,0,0,0,0,0,0,0,0,0,1,0
1_3452035,strips-movie-x-25,get-cheese_z2,3452035,1,a,2,1,0,0,1,0,2,1,0,0,1,0,3,0
0_3613538,strips-movie-x-25,get-cheese_z20,3613538,0,a,0,0,0,0,0,0,1,1,0,0,0,0,1,0
0_6779687,strips-movie-x-25,noop_dip_d6,6779687,0,a,0,0,0,0,0,0,1,1,0,0,0,0,1,0
0_1010158,strips-movie-x-25,noop_chips_c8,1010158,0,a,0,0,0,0,0,0,1,1,0,0,0,0,1,0
0_5691998,strips-movie-x-25,noop_pop_p28,5691998,0,a,0,0,0,0,0,0,1,1,0,0,0,0,1,0
1_1629720,strips-movie-x-25,cheese_z3,1629720,1,f,1,1,0,0,0,0,2,2,0,0,0,0,3,0
0_6666234,strips-movie-x-25,noop_cheese_z14,6666234,0,a,0,0,0,0,0,0,1,1,0,0,0,0,1,0
0_4409160,strips-movie-x-25,noop_crackers_k13,4409160,0,a,0,0,0,0,0,0,1,1,0,0,0,0,1,0
0_5295016,strips-movie-x-25,chips_c3,5295016,0,f,0,0,0,0,0,0,0,0,0,0,0,0,0,0
0_1157309,strips-movie-x-25,cheese_z21,1157309,0,f,0,0,0,0,0,0,0,0,0,0,0,0,0,0
2_3358776,strips-movie-x-25,chips_c21,3358776,2,f,1,1,0,0,0,0,0,0,0,0,0,0,1,0
1_7387872,strips-movie-x-25,noop_dip_d28,7387872,1,a,1,1,0,0,0,0,1,1,0,0,0,0,2,0
0_7387872,strips-movie-x-25,noop_dip_d28,7387872,0,a,0,0,0,0,0,0,1,1,0,0,0,0,1,0
1_7031672,strips-movie-x-25,get-pop_p21,7031672,1,a,2,1,0,0,1,0,2,1,0,0,1,0,3,0
1_2199239,strips-movie-x-25,dip_d8,2199239,1,f,1,1,0,0,0,0,2,2,0,0,0,0,3,0
1_7861934,strips-movie-x-25,noop_crackers_k4,7861934,1,a,1,1,0,0,0,0,1,1,0,0,0,0,2,0
0_7031416,strips-movie-x-25,get-pop_p11,7031416,0,a,0,0,0,0,0,0,1,1,0,0,0,0,1,0
2_2199235,strips-movie-x-25,dip_d4,2199235,2,f,1,1,0,0,0,0,0,0,0,0,0,0,1,0
0_5691996,strips-movie-x-25,noop_pop_p26,5691996,0,a,0,0,0,0,0,0,1,1,0,0,0,0,1,0
0_5180839,strips-movie-x-25,get-chips_c14,5180839,0,a,0,0,0,0,0,0,1,1,0,0,0,0,1,0
2_2935058,strips-movie-x-25,dip_d18,2935058,2,f,1,1,0,0,0,0,0,0,0,0,0,0,1,0
0_5180837,strips-movie-x-25,get-chips_c12,5180837,0,a,0,0,0,0,0,0,1,1,0,0,0,0,1,0
1_2567447,strips-movie-x-25,noop_chips_c17,2567447,1,a,1,1,0,0,0,0,1,1,0,0,0,0,2,0
1_2567444,strips-movie-x-25,noop_chips_c14,2567444,1,a,1,1,0,0,0,0,1,1,0,0,0,0,2,0
1_7007854,strips-movie-x-25,crackers_k13,7007854,1,f,1,1,0,0,0,0,2,2,0,0,0,0,3,0
1_2935310,strips-movie-x-25,dip_d24,2935310,1,f,1,1,0,0,0,0,2,2,0,0,0,0,3,0
0_5180840,strips-movie-x-25,get-chips_c15,5180840,0,a,0,0,0,0,0,0,1,1,0,0,0,0,1,0
0_2567441,strips-movie-x-25,noop_chips_c11,2567441,0,a,0,0,0,0,0,0,1,1,0,0,0,0,1,0
0_5684322,strips-movie-x-25,crackers_k8,5684322,0,f,0,0,0,0,0,0,0,0,0,0,0,0,0,0
0_1010156,strips-movie-x-25,noop_chips_c6,1010156,0,a,0,0,0,0,0,0,1,1,0,0,0,0,1,0
1_7927461,strips-movie-x-25,get-chips_c9,7927461,1,a,2,1,0,0,1,0,2,1,0,0,1,0,3,0
1_3613285,strips-movie-x-25,get-cheese_z13,3613285,1,a,2,1,0,0,1,0,2,1,0,0,1,0,3,0
2_7007855,strips-movie-x-25,crackers_k14,7007855,2,f,1,1,0,0,0,0,0,0,0,0,0,0,1,0
2_1254999,strips-movie-x-25,pop_p7,1254999,2,f,1,1,0,0,0,0,0,0,0,0,0,0,1,0
0_3309118,strips-movie-x-25,get-pop_p2,3309118,0,a,0,0,0,0,0,0,1,1,0,0,0,0,1,0
2_5684316,strips-movie-x-25,crackers_k2,5684316,2,f,1,1,0,0,0,0,0,0,0,0,0,0,1,0
0_7007851,strips-movie-x-25,crackers_k10,7007851,0,f,0,0,0,0,0,0,0,0,0,0,0,0,0,0
1_2935059,strips-movie-x-25,dip_d19,2935059,1,f,1,1,0,0,0,0,2,2,0,0,0,0,3,0
0_4409158,strips-movie-x-25,noop_crackers_k11,4409158,0,a,0,0,0,0,0,0,1,1,0,0,0,0,1,0
1_7927453,strips-movie-x-25,get-chips_c1,7927453,1,a,2,1,0,0,1,0,2,1,0,0,1,0,3,0
1_1157054,strips-movie-x-25,cheese_z12,1157054,1,f,1,1,0,0,0,0,2,2,0,0,0,0,3,0
0_6666495,strips-movie-x-25,noop_cheese_z29,6666495,0,a,0,0,0,0,0,0,1,1,0,0,0,0,1,0
2_1254995,strips-movie-x-25,pop_p3,1254995,2,f,1,1,0,0,0,0,0,0,0,0,0,0,1,0
1_5691991,strips-movie-x-25,noop_pop_p21,5691991,1,a,1,1,0,0,0,0,1,1,0,0,0,0,2,0
1_1254999,strips-movie-x-25,pop_p7,1254999,1,f,1,1,0,0,0,0,2,2,0,0,0,0,3,0
1_1989237,strips-movie-x-25,movie-rewound,1989237,1,f,2,1,0,0,1,0,2,1,0,0,1,0,3,0
1_6840872,strips-movie-x-25,get-crackers_k14,6840872,1,a,2,1,0,0,1,0,2,1,0,0,1,0,3,0
2_314337,strips-movie-x-25,counter-at-zero,314337,2,f,3,2,0,1,0,0,1,0,0,1,0,0,3,0
0_1157061,strips-movie-x-25,cheese_z19,1157061,0,f,0,0,0,0,0,0,0,0,0,0,0,0,0,0
0_1010159,strips-movie-x-25,noop_chips_c9,1010159,0,a,0,0,0,0,0,0,1,1,0,0,0,0,1,0
0_4253363,strips-movie-x-25,get-dip_d8,4253363,0,a,0,0,0,0,0,0,1,1,0,0,0,0,1,0
0_5835447,strips-movie-x-25,noop_pop_p5,5835447,0,a,0,0,0,0,0,0,1,1,0,0,0,0,1,0
1_7677320,strips-movie-x-25,noop_have-dip,7677320,1,a,30,1,0,0,29,0,30,1,0,0,29,0,31,0
0_6841131,strips-movie-x-25,get-crackers_k27,6841131,0,a,0,0,0,0,0,0,1,1,0,0,0,0,1,0
1_2567448,strips-movie-x-25,noop_chips_c18,2567448,1,a,1,1,0,0,0,0,1,1,0,0,0,0,2,0
1_3358776,strips-movie-x-25,chips_c21,3358776,1,f,1,1,0,0,0,0,2,2,0,0,0,0,3,0
2_5295016,strips-movie-x-25,chips_c3,5295016,2,f,1,1,0,0,0,0,0,0,0,0,0,0,1,0
0_1157054,strips-movie-x-25,cheese_z12,1157054,0,f,0,0,0,0,0,0,0,0,0,0,0,0,0,0
1_1239441,strips-movie-x-25,pop_p29,1239441,1,f,1,1,0,0,0,0,2,2,0,0,0,0,3,0
0_1629719,strips-movie-x-25,cheese_z2,1629719,0,f,0,0,0,0,0,0,0,0,0,0,0,0,0,0
0_5684323,strips-movie-x-25,crackers_k9,5684323,0,f,0,0,0,0,0,0,0,0,0,0,0,0,0,0
0_2935310,strips-movie-x-25,dip_d24,2935310,0,f,0,0,0,0,0,0,0,0,0,0,0,0,0,0
0_726571,strips-movie-x-25,get-dip_d23,726571,0,a,0,0,0,0,0,0,1,1,0,0,0,0,1,0
1_4409421,strips-movie-x-25,noop_crackers_k28,4409421,1,a,1,1,0,0,0,0,1,1,0,0,0,0,2,0
0_1239439,strips-movie-x-25,pop_p27,1239439,0,f,0,0,0,0,0,0,0,0,0,0,0,0,0,0
0_6779686,strips-movie-x-25,noop_dip_d5,6779686,0,a,0,0,0,0,0,0,1,1,0,0,0,0,1,0
0_6666489,strips-movie-x-25,noop_cheese_z23,6666489,0,a,0,0,0,0,0,0,1,1,0,0,0,0,1,0
1_6779685,strips-movie-x-25,noop_dip_d4,6779685,1,a,1,1,0,0,0,0,1,1,0,0,0,0,2,0
0_1239434,strips-movie-x-25,pop_p22,1239434,0,f,0,0,0,0,0,0,0,0,0,0,0,0,0,0
0_6840870,strips-movie-x-25,get-crackers_k12,6840870,0,a,0,0,0,0,0,0,1,1,0,0,0,0,1,0
2_2935312,strips-movie-x-25,dip_d26,2935312,2,f,1,1,0,0,0,0,0,0,0,0,0,0,1,0
1_1239185,strips-movie-x-25,pop_p19,1239185,1,f,1,1,0,0,0,0,2,2,0,0,0,0,3,0
1_6840870,strips-movie-x-25,get-crackers_k12,6840870,1,a,2,1,0,0,1,0,2,1,0,0,1,0,3,0
1_3358780,strips-movie-x-25,chips_c25,3358780,1,f,1,1,0,0,0,0,2,2,0,0,0,0,3,0
0_2402013,strips-movie-x-25,get-crackers_k2,2402013,0,a,0,0,0,0,0,0,1,1,0,0,0,0,1,0
1_7927459,strips-movie-x-25,get-chips_c7,7927459,1,a,2,1,0,0,1,0,2,1,0,0,1,0,3,0
1_1239439,strips-movie-x-25,pop_p27,1239439,1,f,1,1,0,0,0,0,2,2,0,0,0,0,3,0
1_1239440,strips-movie-x-25,pop_p28,1239440,1,f,1,1,0,0,0,0,2,2,0,0,0,0,3,0
1_3309121,strips-movie-x-25,get-pop_p5,3309121,1,a,2,1,0,0,1,0,2,1,0,0,1,0,3,0
1_7031671,strips-movie-x-25,get-pop_p20,7031671,1,a,2,1,0,0,1,0,2,1,0,0,1,0,3,0
0_3613283,strips-movie-x-25,get-cheese_z11,3613283,0,a,0,0,0,0,0,0,1,1,0,0,0,0,1,0
1_6666495,strips-movie-x-25,noop_cheese_z29,6666495,1,a,1,1,0,0,0,0,1,1,0,0,0,0,2,0
1_5181098,strips-movie-x-25,get-chips_c27,5181098,1,a,2,1,0,0,1,0,2,1,0,0,1,0,3,0
1_5691996,strips-movie-x-25,noop_pop_p26,5691996,1,a,1,1,0,0,0,0,1,1,0,0,0,0,2,0
1_6666233,strips-movie-x-25,noop_cheese_z13,6666233,1,a,1,1,0,0,0,0,1,1,0,0,0,0,2,0
1_5691990,strips-movie-x-25,noop_pop_p20,5691990,1,a,1,1,0,0,0,0,1,1,0,0,0,0,2,0
1_6666487,strips-movie-x-25,noop_cheese_z21,6666487,1,a,1,1,0,0,0,0,1,1,0,0,0,0,2,0
0_4409422,strips-movie-x-25,noop_crackers_k29,4409422,0,a,0,0,0,0,0,0,1,1,0,0,0,0,1,0
1_7757978,strips-movie-x-25,noop_have-chips,7757978,1,a,30,1,0,0,29,0,30,1,0,0,29,0,31,0
0_1157312,strips-movie-x-25,cheese_z24,1157312,0,f,0,0,0,0,0,0,0,0,0,0,0,0,0,0
0_1239176,strips-movie-x-25,pop_p10,1239176,0,f,0,0,0,0,0,0,0,0,0,0,0,0,0,0
0_1239441,strips-movie-x-25,pop_p29,1239441,0,f,0,0,0,0,0,0,0,0,0,0,0,0,0,0
1_726577,strips-movie-x-25,get-dip_d29,726577,1,a,2,1,0,0,1,0,2,1,0,0,1,0,3,0
1_2935314,strips-movie-x-25,dip_d28,2935314,1,f,1,1,0,0,0,0,2,2,0,0,0,0,3,0
1_4409162,strips-movie-x-25,noop_crackers_k15,4409162,1,a,1,1,0,0,0,0,1,1,0,0,0,0,2,0
0_838641,strips-movie-x-25,noop_cheese_z3,838641,0,a,0,0,0,0,0,0,1,1,0,0,0,0,1,0
0_4253358,strips-movie-x-25,get-dip_d3,4253358,0,a,0,0,0,0,0,0,1,1,0,0,0,0,1,0
1_7387617,strips-movie-x-25,noop_dip_d19,7387617,1,a,1,1,0,0,0,0,1,1,0,0,0,0,2,0
2_1239436,strips-movie-x-25,pop_p24,1239436,2,f,1,1,0,0,0,0,0,0,0,0,0,0,1,0
0_5691995,strips-movie-x-25,noop_pop_p25,5691995,0,a,0,0,0,0,0,0,1,1,0,0,0,0,1,0
2_1157312,strips-movie-x-25,cheese_z24,1157312,2,f,1,1,0,0,0,0,0,0,0,0,0,0,1,0
1_6779690,strips-movie-x-25,noop_dip_d9,6779690,1,a,1,1,0,0,0,0,1,1,0,0,0,0,2,0
2_3801590,strips-movie-x-25,have-cheese,3801590,2,f,30,30,0,0,0,0,0,0,0,0,0,0,30,0
1_3613282,strips-movie-x-25,get-cheese_z10,3613282,1,a,2,1,0,0,1,0,2,1,0,0,1,0,3,0
1_4409414,strips-movie-x-25,noop_crackers_k21,4409414,1,a,1,1,0,0,0,0,1,1,0,0,0,0,2,0
0_1157053,strips-movie-x-25,cheese_z11,1157053,0,f,0,0,0,0,0,0,0,0,0,0,0,0,0,0
2_1239184,strips-movie-x-25,pop_p18,1239184,2,f,1,1,0,0,0,0,0,0,0,0,0,0,1,0
0_7387615,strips-movie-x-25,noop_dip_d17,7387615,0,a,0,0,0,0,0,0,1,1,0,0,0,0,1,0
1_7927457,strips-movie-x-25,get-chips_c5,7927457,1,a,2,1,0,0,1,0,2,1,0,0,1,0,3,0
1_1239182,strips-movie-x-25,pop_p16,1239182,1,f,1,1,0,0,0,0,2,2,0,0,0,0,3,0
0_6841127,strips-movie-x-25,get-crackers_k23,6841127,0,a,0,0,0,0,0,0,1,1,0,0,0,0,1,0
0_2199238,strips-movie-x-25,dip_d7,2199238,0,f,0,0,0,0,0,0,0,0,0,0,0,0,0,0
2_1629721,strips-movie-x-25,cheese_z4,1629721,2,f,1,1,0,0,0,0,0,0,0,0,0,0,1,0
1_4253361,strips-movie-x-25,get-dip_d6,4253361,1,a,2,1,0,0,1,0,2,1,0,0,1,0,3,0
0_4409159,strips-movie-x-25,noop_crackers_k12,4409159,0,a,0,0,0,0,0,0,1,1,0,0,0,0,1,0
1_2567441,strips-movie-x-25,noop_chips_c11,2567441,1,a,1,1,0,0,0,0,1,1,0,0,0,0,2,0
1_3358526,strips-movie-x-25,chips_c17,3358526,1,f,1,1,0,0,0,0,2,2,0,0,0,0,3,0
0_2199235,strips-movie-x-25,dip_d4,2199235,0,f,0,0,0,0,0,0,0,0,0,0,0,0,0,0
0_1629720,strips-movie-x-25,cheese_z3,1629720,0,f,0,0,0,0,0,0,0,0,0,0,0,0,0,0
2_7008110,strips-movie-x-25,crackers_k23,7008110,2,f,1,1,0,0,0,0,0,0,0,0,0,0,1,0
2_1239183,strips-movie-x-25,pop_p17,1239183,2,f,1,1,0,0,0,0,0,0,0,0,0,0,1,0
0_2199236,strips-movie-x-25,dip_d5,2199236,0,f,0,0,0,0,0,0,0,0,0,0,0,0,0,0
0_3613291,strips-movie-x-25,get-cheese_z19,3613291,0,a,0,0,0,0,0,0,1,1,0,0,0,0,1,0
0_1254994,strips-movie-x-25,pop_p2,1254994,0,f,0,0,0,0,0,0,0,0,0,0,0,0,0,0
1_6841132,strips-movie-x-25,get-crackers_k28,6841132,1,a,2,1,0,0,1,0,2,1,0,0,1,0,3,0
0_838639,strips-movie-x-25,noop_cheese_z1,838639,0,a,0,0,0,0,0,0,1,1,0,0,0,0,1,0
0_5181099,strips-movie-x-25,get-chips_c28,5181099,0,a,0,0,0,0,0,0,1,1,0,0,0,0,1,0
0_4409417,strips-movie-x-25,noop_crackers_k24,4409417,0,a,0,0,0,0,0,0,1,1,0,0,0,0,1,0
2_1157309,strips-movie-x-25,cheese_z21,1157309,2,f,1,1,0,0,0,0,0,0,0,0,0,0,1,0
0_6666239,strips-movie-x-25,noop_cheese_z19,6666239,0,a,0,0,0,0,0,0,1,1,0,0,0,0,1,0
0_5181097,strips-movie-x-25,get-chips_c26,5181097,0,a,0,0,0,0,0,0,1,1,0,0,0,0,1,0
0_1239436,strips-movie-x-25,pop_p24,1239436,0,f,0,0,0,0,0,0,0,0,0,0,0,0,0,0
1_2567696,strips-movie-x-25,noop_chips_c20,2567696,1,a,1,1,0,0,0,0,1,1,0,0,0,0,2,0
2_1157061,strips-movie-x-25,cheese_z19,1157061,2,f,1,1,0,0,0,0,0,0,0,0,0,0,1,0
0_3452042,strips-movie-x-25,get-cheese_z9,3452042,0,a,0,0,0,0,0,0,1,1,0,0,0,0,1,0
0_1255001,strips-movie-x-25,pop_p9,1255001,0,f,0,0,0,0,0,0,0,0,0,0,0,0,0,0
2_7008107,strips-movie-x-25,crackers_k20,7008107,2,f,1,1,0,0,0,0,0,0,0,0,0,0,1,0
0_7387864,strips-movie-x-25,noop_dip_d20,7387864,0,a,0,0,0,0,0,0,1,1,0,0,0,0,1,0
0_2935315,strips-movie-x-25,dip_d29,2935315,0,f,0,0,0,0,0,0,0,0,0,0,0,0,0,0
1_5684319,strips-movie-x-25,crackers_k5,5684319,1,f,1,1,0,0,0,0,2,2,0,0,0,0,3,0
1_6840869,strips-movie-x-25,get-crackers_k11,6840869,1,a,2,1,0,0,1,0,2,1,0,0,1,0,3,0
0_3309121,strips-movie-x-25,get-pop_p5,3309121,0,a,0,0,0,0,0,0,1,1,0,0,0,0,1,0
1_5835449,strips-movie-x-25,noop_pop_p7,5835449,1,a,1,1,0,0,0,0,1,1,0,0,0,0,2,0
0_5295015,strips-movie-x-25,chips_c2,5295015,0,f,0,0,0,0,0,0,0,0,0,0,0,0,0,0
0_7927458,strips-movie-x-25,get-chips_c6,7927458,0,a,0,0,0,0,0,0,1,1,0,0,0,0,1,0
2_1239435,strips-movie-x-25,pop_p23,1239435,2,f,1,1,0,0,0,0,0,0,0,0,0,0,1,0
0_3309120,strips-movie-x-25,get-pop_p4,3309120,0,a,0,0,0,0,0,0,1,1,0,0,0,0,1,0
1_1239434,strips-movie-x-25,pop_p22,1239434,1,f,1,1,0,0,0,0,2,2,0,0,0,0,3,0
0_6779688,strips-movie-x-25,noop_dip_d7,6779688,0,a,0,0,0,0,0,0,1,1,0,0,0,0,1,0
1_7008114,strips-movie-x-25,crackers_k27,7008114,1,f,1,1,0,0,0,0,2,2,0,0,0,0,3,0
0_3613286,strips-movie-x-25,get-cheese_z14,3613286,0,a,0,0,0,0,0,0,1,1,0,0,0,0,1,0
0_4409421,strips-movie-x-25,noop_crackers_k28,4409421,0,a,0,0,0,0,0,0,1,1,0,0,0,0,1,0
0_7031676,strips-movie-x-25,get-pop_p25,7031676,0,a,0,0,0,0,0,0,1,1,0,0,0,0,1,0
1_726316,strips-movie-x-25,get-dip_d14,726316,1,a,2,1,0,0,1,0,2,1,0,0,1,0,3,0
1_6779683,strips-movie-x-25,noop_dip_d2,6779683,1,a,1,1,0,0,0,0,1,1,0,0,0,0,2,0
2_2199236,strips-movie-x-25,dip_d5,2199236,2,f,1,1,0,0,0,0,0,0,0,0,0,0,1,0
0_6840876,strips-movie-x-25,get-crackers_k18,6840876,0,a,0,0,0,0,0,0,1,1,0,0,0,0,1,0
1_6840876,strips-movie-x-25,get-crackers_k18,6840876,1,a,2,1,0,0,1,0,2,1,0,0,1,0,3,0
2_1254994,strips-movie-x-25,pop_p2,1254994,2,f,1,1,0,0,0,0,0,0,0,0,0,0,1,0
1_1157315,strips-movie-x-25,cheese_z27,1157315,1,f,1,1,0,0,0,0,2,2,0,0,0,0,3,0
1_1157308,strips-movie-x-25,cheese_z20,1157308,1,f,1,1,0,0,0,0,2,2,0,0,0,0,3,0
0_726573,strips-movie-x-25,get-dip_d25,726573,0,a,0,0,0,0,0,0,1,1,0,0,0,0,1,0
1_3801590,strips-movie-x-25,have-cheese,3801590,1,f,29,29,0,0,0,0,1,1,0,0,0,0,30,0
1_5835448,strips-movie-x-25,noop_pop_p6,5835448,1,a,1,1,0,0,0,0,1,1,0,0,0,0,2,0
0_3452041,strips-movie-x-25,get-cheese_z8,3452041,0,a,0,0,0,0,0,0,1,1,0,0,0,0,1,0
2_7007858,strips-movie-x-25,crackers_k17,7007858,2,f,1,1,0,0,0,0,0,0,0,0,0,0,1,0
2_2935306,strips-movie-x-25,dip_d20,2935306,2,f,1,1,0,0,0,0,0,0,0,0,0,0,1,0
0_5684315,strips-movie-x-25,crackers_k1,5684315,0,f,0,0,0,0,0,0,0,0,0,0,0,0,0,0
1_4253359,strips-movie-x-25,get-dip_d4,4253359,1,a,2,1,0,0,1,0,2,1,0,0,1,0,3,0
0_726572,strips-movie-x-25,get-dip_d24,726572,0,a,0,0,0,0,0,0,1,1,0,0,0,0,1,0
0_6666493,strips-movie-x-25,noop_cheese_z27,6666493,0,a,0,0,0,0,0,0,1,1,0,0,0,0,1,0
1_1239183,strips-movie-x-25,pop_p17,1239183,1,f,1,1,0,0,0,0,2,2,0,0,0,0,3,0
1_6841131,strips-movie-x-25,get-crackers_k27,6841131,1,a,2,1,0,0,1,0,2,1,0,0,1,0,3,0
2_1254993,strips-movie-x-25,pop_p1,1254993,2,f,1,1,0,0,0,0,0,0,0,0,0,0,1,0
1_7387608,strips-movie-x-25,noop_dip_d10,7387608,1,a,1,1,0,0,0,0,1,1,0,0,0,0,2,0
1_5691741,strips-movie-x-25,noop_pop_p17,5691741,1,a,1,1,0,0,0,0,1,1,0,0,0,0,2,0
1_726574,strips-movie-x-25,get-dip_d26,726574,1,a,2,1,0,0,1,0,2,1,0,0,1,0,3,0
0_4409166,strips-movie-x-25,noop_crackers_k19,4409166,0,a,0,0,0,0,0,0,1,1,0,0,0,0,1,0
1_3613291,strips-movie-x-25,get-cheese_z19,3613291,1,a,2,1,0,0,1,0,2,1,0,0,1,0,3,0
1_1239432,strips-movie-x-25,pop_p20,1239432,1,f,1,1,0,0,0,0,2,2,0,0,0,0,3,0
1_7387865,strips-movie-x-25,noop_dip_d21,7387865,1,a,1,1,0,0,0,0,1,1,0,0,0,0,2,0
1_6779684,strips-movie-x-25,noop_dip_d3,6779684,1,a,1,1,0,0,0,0,1,1,0,0,0,0,2,0
0_1254998,strips-movie-x-25,pop_p6,1254998,0,f,0,0,0,0,0,0,0,0,0,0,0,0,0,0
1_4409158,strips-movie-x-25,noop_crackers_k11,4409158,1,a,1,1,0,0,0,0,1,1,0,0,0,0,2,0
0_3358526,strips-movie-x-25,chips_c17,3358526,0,f,0,0,0,0,0,0,0,0,0,0,0,0,0,0
2_2935314,strips-movie-x-25,dip_d28,2935314,2,f,1,1,0,0,0,0,0,0,0,0,0,0,1,0
2_2935052,strips-movie-x-25,dip_d12,2935052,2,f,1,1,0,0,0,0,0,0,0,0,0,0,1,0
0_6666486,strips-movie-x-25,noop_cheese_z20,6666486,0,a,0,0,0,0,0,0,1,1,0,0,0,0,1,0
1_4409415,strips-movie-x-25,noop_crackers_k22,4409415,1,a,1,1,0,0,0,0,1,1,0,0,0,0,2,0
1_1157312,strips-movie-x-25,cheese_z24,1157312,1,f,1,1,0,0,0,0,2,2,0,0,0,0,3,0
1_1239178,strips-movie-x-25,pop_p12,1239178,1,f,1,1,0,0,0,0,2,2,0,0,0,0,3,0
1_7387614,strips-movie-x-25,noop_dip_d16,7387614,1,a,1,1,0,0,0,0,1,1,0,0,0,0,2,0
0_838640,strips-movie-x-25,noop_cheese_z2,838640,0,a,0,0,0,0,0,0,1,1,0,0,0,0,1,0
0_1010152,strips-movie-x-25,noop_chips_c2,1010152,0,a,0,0,0,0,0,0,1,1,0,0,0,0,1,0
2_2935059,strips-movie-x-25,dip_d19,2935059,2,f,1,1,0,0,0,0,0,0,0,0,0,0,1,0
1_2567701,strips-movie-x-25,noop_chips_c25,2567701,1,a,1,1,0,0,0,0,1,1,0,0,0,0,2,0
1_2248800,strips-movie-x-25,have-chips,2248800,1,f,29,29,0,0,0,0,1,1,0,0,0,0,30,0
0_1010151,strips-movie-x-25,noop_chips_c1,1010151,0,a,0,0,0,0,0,0,1,1,0,0,0,0,1,0
0_2567442,strips-movie-x-25,noop_chips_c12,2567442,0,a,0,0,0,0,0,0,1,1,0,0,0,0,1,0
1_6840875,strips-movie-x-25,get-crackers_k17,6840875,1,a,2,1,0,0,1,0,2,1,0,0,1,0,3,0
2_3358526,strips-movie-x-25,chips_c17,3358526,2,f,1,1,0,0,0,0,0,0,0,0,0,0,1,0
1_5181092,strips-movie-x-25,get-chips_c21,5181092,1,a,2,1,0,0,1,0,2,1,0,0,1,0,3,0
2_1157058,strips-movie-x-25,cheese_z16,1157058,2,f,1,1,0,0,0,0,0,0,0,0,0,0,1,0
0_6840869,strips-movie-x-25,get-crackers_k11,6840869,0,a,0,0,0,0,0,0,1,1,0,0,0,0,1,0
1_5181095,strips-movie-x-25,get-chips_c24,5181095,1,a,2,1,0,0,1,0,2,1,0,0,1,0,3,0
0_7007856,strips-movie-x-25,crackers_k15,7007856,0,f,0,0,0,0,0,0,0,0,0,0,0,0,0,0
1_1157059,strips-movie-x-25,cheese_z17,1157059,1,f,1,1,0,0,0,0,2,2,0,0,0,0,3,0
1_3613541,strips-movie-x-25,get-cheese_z23,3613541,1,a,2,1,0,0,1,0,2,1,0,0,1,0,3,0
0_7861937,strips-movie-x-25,noop_crackers_k7,7861937,0,a,0,0,0,0,0,0,1,1,0,0,0,0,1,0
0_2402015,strips-movie-x-25,get-crackers_k4,2402015,0,a,0,0,0,0,0,0,1,1,0,0,0,0,1,0
0_7861935,strips-movie-x-25,noop_crackers_k5,7861935,0,a,0,0,0,0,0,0,1,1,0,0,0,0,1,0
2_2935054,strips-movie-x-25,dip_d14,2935054,2,f,1,1,0,0,0,0,0,0,0,0,0,0,1,0
1_5295015,strips-movie-x-25,chips_c2,5295015,1,f,1,1,0,0,0,0,2,2,0,0,0,0,3,0
0_7031424,strips-movie-x-25,get-pop_p19,7031424,0,a,0,0,0,0,0,0,1,1,0,0,0,0,1,0
0_1629722,strips-movie-x-25,cheese_z5,1629722,0,f,0,0,0,0,0,0,0,0,0,0,0,0,0,0
0_2567704,strips-movie-x-25,noop_chips_c28,2567704,0,a,0,0,0,0,0,0,1,1,0,0,0,0,1,0
0_726568,strips-movie-x-25,get-dip_d20,726568,0,a,0,0,0,0,0,0,1,1,0,0,0,0,1,0
0_6840871,strips-movie-x-25,get-crackers_k13,6840871,0,a,0,0,0,0,0,0,1,1,0,0,0,0,1,0
1_6666237,strips-movie-x-25,noop_cheese_z17,6666237,1,a,1,1,0,0,0,0,1,1,0,0,0,0,2,0
2_1239438,strips-movie-x-25,pop_p26,1239438,2,f,1,1,0,0,0,0,0,0,0,0,0,0,1,0
0_4253357,strips-movie-x-25,get-dip_d2,4253357,0,a,0,0,0,0,0,0,1,1,0,0,0,0,1,0
0_726569,strips-movie-x-25,get-dip_d21,726569,0,a,0,0,0,0,0,0,1,1,0,0,0,0,1,0
0_726320,strips-movie-x-25,get-dip_d18,726320,0,a,0,0,0,0,0,0,1,1,0,0,0,0,1,0
1_726575,strips-movie-x-25,get-dip_d27,726575,1,a,2,1,0,0,1,0,2,1,0,0,1,0,3,0
1_2199233,strips-movie-x-25,dip_d2,2199233,1,f,1,1,0,0,0,0,2,2,0,0,0,0,3,0
0_7387868,strips-movie-x-25,noop_dip_d24,7387868,0,a,0,0,0,0,0,0,1,1,0,0,0,0,1,0
1_3358778,strips-movie-x-25,chips_c23,3358778,1,f,1,1,0,0,0,0,2,2,0,0,0,0,3,0
2_2199232,strips-movie-x-25,dip_d1,2199232,2,f,1,1,0,0,0,0,0,0,0,0,0,0,1,0
1_464311,strips-movie-x-25,noop_have-pop,464311,1,a,30,1,0,0,29,0,30,1,0,0,29,0,31,0
0_7031672,strips-movie-x-25,get-pop_p21,7031672,0,a,0,0,0,0,0,0,1,1,0,0,0,0,1,0
1_3309119,strips-movie-x-25,get-pop_p3,3309119,1,a,2,1,0,0,1,0,2,1,0,0,1,0,3,0
0_7861938,strips-movie-x-25,noop_crackers_k8,7861938,0,a,0,0,0,0,0,0,1,1,0,0,0,0,1,0
1_3613544,strips-movie-x-25,get-cheese_z26,3613544,1,a,2,1,0,0,1,0,2,1,0,0,1,0,3,0
0_6666231,strips-movie-x-25,noop_cheese_z11,6666231,0,a,0,0,0,0,0,0,1,1,0,0,0,0,1,0
0_3613288,strips-movie-x-25,get-cheese_z16,3613288,0,a,0,0,0,0,0,0,1,1,0,0,0,0,1,0
1_3358784,strips-movie-x-25,chips_c29,3358784,1,f,1,1,0,0,0,0,2,2,0,0,0,0,3,0
1_1157309,strips-movie-x-25,cheese_z21,1157309,1,f,1,1,0,0,0,0,2,2,0,0,0,0,3,0
0_2874408,strips-movie-x-25,rewind-movie,2874408,0,a,2,0,0,1,1,0,3,1,0,1,1,0,3,0
1_5691743,strips-movie-x-25,noop_pop_p19,5691743,1,a,1,1,0,0,0,0,1,1,0,0,0,0,2,0
1_726570,strips-movie-x-25,get-dip_d22,726570,1,a,2,1,0,0,1,0,2,1,0,0,1,0,3,0
1_5691742,strips-movie-x-25,noop_pop_p18,5691742,1,a,1,1,0,0,0,0,1,1,0,0,0,0,2,0
0_7387614,strips-movie-x-25,noop_dip_d16,7387614,0,a,0,0,0,0,0,0,1,1,0,0,0,0,1,0
1_7387868,strips-movie-x-25,noop_dip_d24,7387868,1,a,1,1,0,0,0,0,1,1,0,0,0,0,2,0
1_2199235,strips-movie-x-25,dip_d4,2199235,1,f,1,1,0,0,0,0,2,2,0,0,0,0,3,0
1_838641,strips-movie-x-25,noop_cheese_z3,838641,1,a,1,1,0,0,0,0,1,1,0,0,0,0,2,0
1_3452040,strips-movie-x-25,get-cheese_z7,3452040,1,a,2,1,0,0,1,0,2,1,0,0,1,0,3,0
2_1239181,strips-movie-x-25,pop_p15,1239181,2,f,1,1,0,0,0,0,0,0,0,0,0,0,1,0
1_6841125,strips-movie-x-25,get-crackers_k21,6841125,1,a,2,1,0,0,1,0,2,1,0,0,1,0,3,0
0_5684321,strips-movie-x-25,crackers_k7,5684321,0,f,0,0,0,0,0,0,0,0,0,0,0,0,0,0
1_7008109,strips-movie-x-25,crackers_k22,7008109,1,f,1,1,0,0,0,0,2,2,0,0,0,0,3,0
2_1239441,strips-movie-x-25,pop_p29,1239441,2,f,1,1,0,0,0,0,0,0,0,0,0,0,1,0
0_2402014,strips-movie-x-25,get-crackers_k3,2402014,0,a,0,0,0,0,0,0,1,1,0,0,0,0,1,0
1_726576,strips-movie-x-25,get-dip_d28,726576,1,a,2,1,0,0,1,0,2,1,0,0,1,0,3,0
0_7008107,strips-movie-x-25,crackers_k20,7008107,0,f,0,0,0,0,0,0,0,0,0,0,0,0,0,0
2_1629719,strips-movie-x-25,cheese_z2,1629719,2,f,1,1,0,0,0,0,0,0,0,0,0,0,1,0
0_1157314,strips-movie-x-25,cheese_z26,1157314,0,f,0,0,0,0,0,0,0,0,0,0,0,0,0,0
1_1618040,strips-movie-x-25,noop_counter-at-zero,1618040,1,a,4,1,0,0,3,0,4,1,0,0,3,0,5,0
1_1157316,strips-movie-x-25,cheese_z28,1157316,1,f,1,1,0,0,0,0,2,2,0,0,0,0,3,0
0_7008113,strips-movie-x-25,crackers_k26,7008113,0,f,0,0,0,0,0,0,0,0,0,0,0,0,0,0
0_7031675,strips-movie-x-25,get-pop_p24,7031675,0,a,0,0,0,0,0,0,1,1,0,0,0,0,1,0
1_7861932,strips-movie-x-25,noop_crackers_k2,7861932,1,a,1,1,0,0,0,0,1,1,0,0,0,0,2,0
1_3452042,strips-movie-x-25,get-cheese_z9,3452042,1,a,2,1,0,0,1,0,2,1,0,0,1,0,3,0
2_4749174,strips-movie-x-25,have-pop,4749174,2,f,30,30,0,0,0,0,0,0,0,0,0,0,30,0
1_838642,strips-movie-x-25,noop_cheese_z4,838642,1,a,1,1,0,0,0,0,1,1,0,0,0,0,2,0
1_5295019,strips-movie-x-25,chips_c6,5295019,1,f,1,1,0,0,0,0,2,2,0,0,0,0,3,0
2_1157056,strips-movie-x-25,cheese_z14,1157056,2,f,1,1,0,0,0,0,0,0,0,0,0,0,1,0
1_2199237,strips-movie-x-25,dip_d6,2199237,1,f,1,1,0,0,0,0,2,2,0,0,0,0,3,0
1_5691740,strips-movie-x-25,noop_pop_p16,5691740,1,a,1,1,0,0,0,0,1,1,0,0,0,0,2,0
1_4409413,strips-movie-x-25,noop_crackers_k20,4409413,1,a,1,1,0,0,0,0,1,1,0,0,0,0,2,0
0_1254999,strips-movie-x-25,pop_p7,1254999,0,f,0,0,0,0,0,0,0,0,0,0,0,0,0,0
0_4253362,strips-movie-x-25,get-dip_d7,4253362,0,a,0,0,0,0,0,0,1,1,0,0,0,0,1,0
2_5684320,strips-movie-x-25,crackers_k6,5684320,2,f,1,1,0,0,0,0,0,0,0,0,0,0,1,0
0_7861933,strips-movie-x-25,noop_crackers_k3,7861933,0,a,0,0,0,0,0,0,1,1,0,0,0,0,1,0
0_1157316,strips-movie-x-25,cheese_z28,1157316,0,f,0,0,0,0,0,0,0,0,0,0,0,0,0,0
1_5684320,strips-movie-x-25,crackers_k6,5684320,1,f,1,1,0,0,0,0,2,2,0,0,0,0,3,0
0_1010154,strips-movie-x-25,noop_chips_c4,1010154,0,a,0,0,0,0,0,0,1,1,0,0,0,0,1,0
1_6841128,strips-movie-x-25,get-crackers_k24,6841128,1,a,2,1,0,0,1,0,2,1,0,0,1,0,3,0
1_2199234,strips-movie-x-25,dip_d3,2199234,1,f,1,1,0,0,0,0,2,2,0,0,0,0,3,0
1_2935055,strips-movie-x-25,dip_d15,2935055,1,f,1,1,0,0,0,0,2,2,0,0,0,0,3,0
0_726312,strips-movie-x-25,get-dip_d10,726312,0,a,0,0,0,0,0,0,1,1,0,0,0,0,1,0
2_5295015,strips-movie-x-25,chips_c2,5295015,2,f,1,1,0,0,0,0,0,0,0,0,0,0,1,0
0_3613290,strips-movie-x-25,get-cheese_z18,3613290,0,a,0,0,0,0,0,0,1,1,0,0,0,0,1,0
0_5295021,strips-movie-x-25,chips_c8,5295021,0,f,0,0,0,0,0,0,0,0,0,0,0,0,0,0
0_7007855,strips-movie-x-25,crackers_k14,7007855,0,f,0,0,0,0,0,0,0,0,0,0,0,0,0,0
1_2935313,strips-movie-x-25,dip_d27,2935313,1,f,1,1,0,0,0,0,2,2,0,0,0,0,3,0
1_838645,strips-movie-x-25,noop_cheese_z7,838645,1,a,1,1,0,0,0,0,1,1,0,0,0,0,2,0
0_6841133,strips-movie-x-25,get-crackers_k29,6841133,0,a,0,0,0,0,0,0,1,1,0,0,0,0,1,0
0_7031677,strips-movie-x-25,get-pop_p26,7031677,0,a,0,0,0,0,0,0,1,1,0,0,0,0,1,0
0_3613544,strips-movie-x-25,get-cheese_z26,3613544,0,a,0,0,0,0,0,0,1,1,0,0,0,0,1,0
2_7007857,strips-movie-x-25,crackers_k16,7007857,2,f,1,1,0,0,0,0,0,0,0,0,0,0,1,0
0_1010157,strips-movie-x-25,noop_chips_c7,1010157,0,a,0,0,0,0,0,0,1,1,0,0,0,0,1,0
0_6779682,strips-movie-x-25,noop_dip_d1,6779682,0,a,0,0,0,0,0,0,1,1,0,0,0,0,1,0
0_7031417,strips-movie-x-25,get-pop_p12,7031417,0,a,0,0,0,0,0,0,1,1,0,0,0,0,1,0
0_2567702,strips-movie-x-25,noop_chips_c26,2567702,0,a,0,0,0,0,0,0,1,1,0,0,0,0,1,0
1_5181096,strips-movie-x-25,get-chips_c25,5181096,1,a,2,1,0,0,1,0,2,1,0,0,1,0,3,0
1_1010155,strips-movie-x-25,noop_chips_c5,1010155,1,a,1,1,0,0,0,0,1,1,0,0,0,0,2,0
0_838647,strips-movie-x-25,noop_cheese_z9,838647,0,a,0,0,0,0,0,0,1,1,0,0,0,0,1,0
2_1157057,strips-movie-x-25,cheese_z15,1157057,2,f,1,1,0,0,0,0,0,0,0,0,0,0,1,0
0_2567696,strips-movie-x-25,noop_chips_c20,2567696,0,a,0,0,0,0,0,0,1,1,0,0,0,0,1,0
0_6841132,strips-movie-x-25,get-crackers_k28,6841132,0,a,0,0,0,0,0,0,1,1,0,0,0,0,1,0
1_1255000,strips-movie-x-25,pop_p8,1255000,1,f,1,1,0,0,0,0,2,2,0,0,0,0,3,0
2_2935313,strips-movie-x-25,dip_d27,2935313,2,f,1,1,0,0,0,0,0,0,0,0,0,0,1,0
2_5684315,strips-movie-x-25,crackers_k1,5684315,2,f,1,1,0,0,0,0,0,0,0,0,0,0,1,0
2_3358782,strips-movie-x-25,chips_c27,3358782,2,f,1,1,0,0,0,0,0,0,0,0,0,0,1,0
0_2935056,strips-movie-x-25,dip_d16,2935056,0,f,0,0,0,0,0,0,0,0,0,0,0,0,0,0
2_1254998,strips-movie-x-25,pop_p6,1254998,2,f,1,1,0,0,0,0,0,0,0,0,0,0,1,0
1_6779688,strips-movie-x-25,noop_dip_d7,6779688,1,a,1,1,0,0,0,0,1,1,0,0,0,0,2,0
1_6841127,strips-movie-x-25,get-crackers_k23,6841127,1,a,2,1,0,0,1,0,2,1,0,0,1,0,3,0
1_6666230,strips-movie-x-25,noop_cheese_z10,6666230,1,a,1,1,0,0,0,0,1,1,0,0,0,0,2,0
1_5691739,strips-movie-x-25,noop_pop_p15,5691739,1,a,1,1,0,0,0,0,1,1,0,0,0,0,2,0
1_7031675,strips-movie-x-25,get-pop_p24,7031675,1,a,2,1,0,0,1,0,2,1,0,0,1,0,3,0
0_2935059,strips-movie-x-25,dip_d19,2935059,0,f,0,0,0,0,0,0,0,0,0,0,0,0,0,0
0_2567697,strips-movie-x-25,noop_chips_c21,2567697,0,a,0,0,0,0,0,0,1,1,0,0,0,0,1,0
0_7387612,strips-movie-x-25,noop_dip_d14,7387612,0,a,0,0,0,0,0,0,1,1,0,0,0,0,1,0
0_3358523,strips-movie-x-25,chips_c14,3358523,0,f,0,0,0,0,0,0,0,0,0,0,0,0,0,0
1_4409157,strips-movie-x-25,noop_crackers_k10,4409157,1,a,1,1,0,0,0,0,1,1,0,0,0,0,2,0
0_3358778,strips-movie-x-25,chips_c23,3358778,0,f,0,0,0,0,0,0,0,0,0,0,0,0,0,0
0_7008116,strips-movie-x-25,crackers_k29,7008116,0,f,0,0,0,0,0,0,0,0,0,0,0,0,0,0
1_7927454,strips-movie-x-25,get-chips_c2,7927454,1,a,2,1,0,0,1,0,2,1,0,0,1,0,3,0
1_838646,strips-movie-x-25,noop_cheese_z8,838646,1,a,1,1,0,0,0,0,1,1,0,0,0,0,2,0
1_3358777,strips-movie-x-25,chips_c22,3358777,1,f,1,1,0,0,0,0,2,2,0,0,0,0,3,0
2_5684318,strips-movie-x-25,crackers_k4,5684318,2,f,1,1,0,0,0,0,0,0,0,0,0,0,1,0
2_5295022,strips-movie-x-25,chips_c9,5295022,2,f,1,1,0,0,0,0,0,0,0,0,0,0,1,0
1_2935057,strips-movie-x-25,dip_d17,2935057,1,f,1,1,0,0,0,0,2,2,0,0,0,0,3,0
0_2935054,strips-movie-x-25,dip_d14,2935054,0,f,0,0,0,0,0,0,0,0,0,0,0,0,0,0
0_7927457,strips-movie-x-25,get-chips_c5,7927457,0,a,0,0,0,0,0,0,1,1,0,0,0,0,1,0
1_6666235,strips-movie-x-25,noop_cheese_z15,6666235,1,a,1,1,0,0,0,0,1,1,0,0,0,0,2,0
1_7387873,strips-movie-x-25,noop_dip_d29,7387873,1,a,1,1,0,0,0,0,1,1,0,0,0,0,2,0
1_838640,strips-movie-x-25,noop_cheese_z2,838640,1,a,1,1,0,0,0,0,1,1,0,0,0,0,2,0
0_7007853,strips-movie-x-25,crackers_k12,7007853,0,f,0,0,0,0,0,0,0,0,0,0,0,0,0,0
0_2402016,strips-movie-x-25,get-crackers_k5,2402016,0,a,0,0,0,0,0,0,1,1,0,0,0,0,1,0
1_7940288,strips-movie-x-25,noop_counter-at-other-than-two-hours,7940288,1,a,1,1,0,0,0,0,1,1,0,0,0,0,2,0
1_1239433,strips-movie-x-25,pop_p21,1239433,1,f,1,1,0,0,0,0,2,2,0,0,0,0,3,0
1_6841129,strips-movie-x-25,get-crackers_k25,6841129,1,a,2,1,0,0,1,0,2,1,0,0,1,0,3,0
1_1010158,strips-movie-x-25,noop_chips_c8,1010158,1,a,1,1,0,0,0,0,1,1,0,0,0,0,2,0
0_3309125,strips-movie-x-25,get-pop_p9,3309125,0,a,0,0,0,0,0,0,1,1,0,0,0,0,1,0
0_1239437,strips-movie-x-25,pop_p25,1239437,0,f,0,0,0,0,0,0,0,0,0,0,0,0,0,0
0_5295022,strips-movie-x-25,chips_c9,5295022,0,f,0,0,0,0,0,0,0,0,0,0,0,0,0,0
0_7031673,strips-movie-x-25,get-pop_p22,7031673,0,a,0,0,0,0,0,0,1,1,0,0,0,0,1,0
1_1629722,strips-movie-x-25,cheese_z5,1629722,1,f,1,1,0,0,0,0,2,2,0,0,0,0,3,0
2_7008111,strips-movie-x-25,crackers_k24,7008111,2,f,1,1,0,0,0,0,0,0,0,0,0,0,1,0
0_2199239,strips-movie-x-25,dip_d8,2199239,0,f,0,0,0,0,0,0,0,0,0,0,0,0,0,0
0_3452040,strips-movie-x-25,get-cheese_z7,3452040,0,a,0,0,0,0,0,0,1,1,0,0,0,0,1,0
0_5295020,strips-movie-x-25,chips_c7,5295020,0,f,0,0,0,0,0,0,0,0,0,0,0,0,0,0
0_3452038,strips-movie-x-25,get-cheese_z5,3452038,0,a,0,0,0,0,0,0,1,1,0,0,0,0,1,0
1_1629718,strips-movie-x-25,cheese_z1,1629718,1,f,1,1,0,0,0,0,2,2,0,0,0,0,3,0
0_3613284,strips-movie-x-25,get-cheese_z12,3613284,0,a,0,0,0,0,0,0,1,1,0,0,0,0,1,0
1_3613290,strips-movie-x-25,get-cheese_z18,3613290,1,a,2,1,0,0,1,0,2,1,0,0,1,0,3,0
2_2935307,strips-movie-x-25,dip_d21,2935307,2,f,1,1,0,0,0,0,0,0,0,0,0,0,1,0
1_2402013,strips-movie-x-25,get-crackers_k2,2402013,1,a,2,1,0,0,1,0,2,1,0,0,1,0,3,0
1_5181091,strips-movie-x-25,get-chips_c20,5181091,1,a,2,1,0,0,1,0,2,1,0,0,1,0,3,0
2_3961206,strips-movie-x-25,have-dip,3961206,2,f,30,30,0,0,0,0,0,0,0,0,0,0,30,0
2_7008112,strips-movie-x-25,crackers_k25,7008112,2,f,1,1,0,0,0,0,0,0,0,0,0,0,1,0
1_5684322,strips-movie-x-25,crackers_k8,5684322,1,f,1,1,0,0,0,0,2,2,0,0,0,0,3,0
2_3358528,strips-movie-x-25,chips_c19,3358528,2,f,1,1,0,0,0,0,0,0,0,0,0,0,1,0
1_7007852,strips-movie-x-25,crackers_k11,7007852,1,f,1,1,0,0,0,0,2,2,0,0,0,0,3,0
1_838644,strips-movie-x-25,noop_cheese_z6,838644,1,a,1,1,0,0,0,0,1,1,0,0,0,0,2,0
0_7008108,strips-movie-x-25,crackers_k21,7008108,0,f,0,0,0,0,0,0,0,0,0,0,0,0,0,0
1_1254997,strips-movie-x-25,pop_p5,1254997,1,f,1,1,0,0,0,0,2,2,0,0,0,0,3,0
0_4409164,strips-movie-x-25,noop_crackers_k17,4409164,0,a,0,0,0,0,0,0,1,1,0,0,0,0,1,0
0_1157059,strips-movie-x-25,cheese_z17,1157059,0,f,0,0,0,0,0,0,0,0,0,0,0,0,0,0
1_1157313,strips-movie-x-25,cheese_z25,1157313,1,f,1,1,0,0,0,0,2,2,0,0,0,0,3,0
1_5835446,strips-movie-x-25,noop_pop_p4,5835446,1,a,1,1,0,0,0,0,1,1,0,0,0,0,2,0
1_5684318,strips-movie-x-25,crackers_k4,5684318,1,f,1,1,0,0,0,0,2,2,0,0,0,0,3,0
0_7387613,strips-movie-x-25,noop_dip_d15,7387613,0,a,0,0,0,0,0,0,1,1,0,0,0,0,1,0
2_1629725,strips-movie-x-25,cheese_z8,1629725,2,f,1,1,0,0,0,0,0,0,0,0,0,0,1,0
1_7008112,strips-movie-x-25,crackers_k25,7008112,1,f,1,1,0,0,0,0,2,2,0,0,0,0,3,0
1_6840874,strips-movie-x-25,get-crackers_k16,6840874,1,a,2,1,0,0,1,0,2,1,0,0,1,0,3,0
0_1239182,strips-movie-x-25,pop_p16,1239182,0,f,0,0,0,0,0,0,0,0,0,0,0,0,0,0
2_5684322,strips-movie-x-25,crackers_k8,5684322,2,f,1,1,0,0,0,0,0,0,0,0,0,0,1,0
0_7387617,strips-movie-x-25,noop_dip_d19,7387617,0,a,0,0,0,0,0,0,1,1,0,0,0,0,1,0
1_1239176,strips-movie-x-25,pop_p10,1239176,1,f,1,1,0,0,0,0,2,2,0,0,0,0,3,0
0_3613547,strips-movie-x-25,get-cheese_z29,3613547,0,a,0,0,0,0,0,0,1,1,0,0,0,0,1,0
1_3358523,strips-movie-x-25,chips_c14,3358523,1,f,1,1,0,0,0,0,2,2,0,0,0,0,3,0
1_7861935,strips-movie-x-25,noop_crackers_k5,7861935,1,a,1,1,0,0,0,0,1,1,0,0,0,0,2,0
0_726316,strips-movie-x-25,get-dip_d14,726316,0,a,0,0,0,0,0,0,1,1,0,0,0,0,1,0
0_7861932,strips-movie-x-25,noop_crackers_k2,7861932,0,a,0,0,0,0,0,0,1,1,0,0,0,0,1,0
0_7387616,strips-movie-x-25,noop_dip_d18,7387616,0,a,0,0,0,0,0,0,1,1,0,0,0,0,1,0
0_726319,strips-movie-x-25,get-dip_d17,726319,0,a,0,0,0,0,0,0,1,1,0,0,0,0,1,0
0_4409161,strips-movie-x-25,noop_crackers_k14,4409161,0,a,0,0,0,0,0,0,1,1,0,0,0,0,1,0
1_5180835,strips-movie-x-25,get-chips_c10,5180835,1,a,2,1,0,0,1,0,2,1,0,0,1,0,3,0
0_1255000,strips-movie-x-25,pop_p8,1255000,0,f,0,0,0,0,0,0,0,0,0,0,0,0,0,0
1_3613286,strips-movie-x-25,get-cheese_z14,3613286,1,a,2,1,0,0,1,0,2,1,0,0,1,0,3,0
0_6779684,strips-movie-x-25,noop_dip_d3,6779684,0,a,0,0,0,0,0,0,1,1,0,0,0,0,1,0
2_2248800,strips-movie-x-25,have-chips,2248800,2,f,30,30,0,0,0,0,0,0,0,0,0,0,30,0
0_726574,strips-movie-x-25,get-dip_d26,726574,0,a,0,0,0,0,0,0,1,1,0,0,0,0,1,0
0_2935314,strips-movie-x-25,dip_d28,2935314,0,f,0,0,0,0,0,0,0,0,0,0,0,0,0,0
0_1157057,strips-movie-x-25,cheese_z15,1157057,0,f,0,0,0,0,0,0,0,0,0,0,0,0,0,0
0_3358781,strips-movie-x-25,chips_c26,3358781,0,f,0,0,0,0,0,0,0,0,0,0,0,0,0,0
0_3613541,strips-movie-x-25,get-cheese_z23,3613541,0,a,0,0,0,0,0,0,1,1,0,0,0,0,1,0
1_3309123,strips-movie-x-25,get-pop_p7,3309123,1,a,2,1,0,0,1,0,2,1,0,0,1,0,3,0
0_4409414,strips-movie-x-25,noop_crackers_k21,4409414,0,a,0,0,0,0,0,0,1,1,0,0,0,0,1,0
1_6840877,strips-movie-x-25,get-crackers_k19,6840877,1,a,2,1,0,0,1,0,2,1,0,0,1,0,3,0
1_7008110,strips-movie-x-25,crackers_k23,7008110,1,f,1,1,0,0,0,0,2,2,0,0,0,0,3,0
1_3613288,strips-movie-x-25,get-cheese_z16,3613288,1,a,2,1,0,0,1,0,2,1,0,0,1,0,3,0
0_4409165,strips-movie-x-25,noop_crackers_k18,4409165,0,a,0,0,0,0,0,0,1,1,0,0,0,0,1,0
1_4409419,strips-movie-x-25,noop_crackers_k26,4409419,1,a,1,1,0,0,0,0,1,1,0,0,0,0,2,0
1_2567446,strips-movie-x-25,noop_chips_c16,2567446,1,a,1,1,0,0,0,0,1,1,0,0,0,0,2,0
2_1239440,strips-movie-x-25,pop_p28,1239440,2,f,1,1,0,0,0,0,0,0,0,0,0,0,1,0
0_6666491,strips-movie-x-25,noop_cheese_z25,6666491,0,a,0,0,0,0,0,0,1,1,0,0,0,0,1,0
1_3452038,strips-movie-x-25,get-cheese_z5,3452038,1,a,2,1,0,0,1,0,2,1,0,0,1,0,3,0
0_5684316,strips-movie-x-25,crackers_k2,5684316,0,f,0,0,0,0,0,0,0,0,0,0,0,0,0,0
1_2935050,strips-movie-x-25,dip_d10,2935050,1,f,1,1,0,0,0,0,2,2,0,0,0,0,3,0
0_7927455,strips-movie-x-25,get-chips_c3,7927455,0,a,0,0,0,0,0,0,1,1,0,0,0,0,1,0
0_2567703,strips-movie-x-25,noop_chips_c27,2567703,0,a,0,0,0,0,0,0,1,1,0,0,0,0,1,0
1_7008111,strips-movie-x-25,crackers_k24,7008111,1,f,1,1,0,0,0,0,2,2,0,0,0,0,3,0
0_1157056,strips-movie-x-25,cheese_z14,1157056,0,f,0,0,0,0,0,0,0,0,0,0,0,0,0,0
1_7031422,strips-movie-x-25,get-pop_p17,7031422,1,a,2,1,0,0,1,0,2,1,0,0,1,0,3,0
2_3358525,strips-movie-x-25,chips_c16,3358525,2,f,1,1,0,0,0,0,0,0,0,0,0,0,1,0
1_7824343,strips-movie-x-25,have-crackers,7824343,1,f,29,29,0,0,0,0,1,1,0,0,0,0,30,0
1_5691994,strips-movie-x-25,noop_pop_p24,5691994,1,a,1,1,0,0,0,0,1,1,0,0,0,0,2,0
0_1157315,strips-movie-x-25,cheese_z27,1157315,0,f,0,0,0,0,0,0,0,0,0,0,0,0,0,0
0_4253359,strips-movie-x-25,get-dip_d4,4253359,0,a,0,0,0,0,0,0,1,1,0,0,0,0,1,0
2_7008108,strips-movie-x-25,crackers_k21,7008108,2,f,1,1,0,0,0,0,0,0,0,0,0,0,1,0
1_1629726,strips-movie-x-25,cheese_z9,1629726,1,f,1,1,0,0,0,0,2,2,0,0,0,0,3,0
1_3309125,strips-movie-x-25,get-pop_p9,3309125,1,a,2,1,0,0,1,0,2,1,0,0,1,0,3,0
2_7007852,strips-movie-x-25,crackers_k11,7007852,2,f,1,1,0,0,0,0,0,0,0,0,0,0,1,0
0_1629723,strips-movie-x-25,cheese_z6,1629723,0,f,0,0,0,0,0,0,0,0,0,0,0,0,0,0
1_726569,strips-movie-x-25,get-dip_d21,726569,1,a,2,1,0,0,1,0,2,1,0,0,1,0,3,0
0_3358783,strips-movie-x-25,chips_c28,3358783,0,f,0,0,0,0,0,0,0,0,0,0,0,0,0,0
0_5007602,strips-movie-x-25,reset-counter,5007602,0,a,1,0,0,0,1,0,2,1,0,0,1,0,2,0
2_1239433,strips-movie-x-25,pop_p21,1239433,2,f,1,1,0,0,0,0,0,0,0,0,0,0,1,0
0_3309122,strips-movie-x-25,get-pop_p6,3309122,0,a,0,0,0,0,0,0,1,1,0,0,0,0,1,0
0_7008109,strips-movie-x-25,crackers_k22,7008109,0,f,0,0,0,0,0,0,0,0,0,0,0,0,0,0
