competition, planner, domain, pn, steps, time
IPC2002, FF.quality, Depots, pfile1, 10, 0
IPC2002, FF.quality, Depots, pfile2, 15, 10
IPC2002, FF.quality, Depots, pfile3, 37, 150
IPC2002, FF.quality, Depots, pfile4, 38, 73250
IPC2002, FF.quality, Depots, pfile5, 94, 256790
IPC2002, FF.quality, Depots, pfile7, 23, 70
IPC2002, FF.quality, Depots, pfile8, 43, 107590
IPC2002, FF.quality, Depots, pfile9, 99, 135350
IPC2002, FF.quality, Depots, pfile10, 32, 16810
IPC2002, FF.quality, Depots, pfile11, 73, 271280
IPC2002, FF.speed, Depots, pfile1, 10, 0
IPC2002, FF.speed, Depots, pfile2, 15, 10
IPC2002, FF.speed, Depots, pfile3, 37, 30
IPC2002, FF.speed, Depots, pfile4, 30, 596930
IPC2002, FF.speed, Depots, pfile5, 72, 52090
IPC2002, FF.speed, Depots, pfile6, 91, 682890
IPC2002, FF.speed, Depots, pfile7, 27, 30
IPC2002, FF.speed, Depots, pfile8, 44, 1168330
IPC2002, FF.speed, Depots, pfile9, 75, 1860
IPC2002, FF.speed, Depots, pfile10, 29, 101310
IPC2002, FF.speed, Depots, pfile11, 63, 390
IPC2002, FF.speed, Depots, pfile12, 94, 9800
IPC2002, FF.speed, Depots, pfile13, 26, 40
IPC2002, FF.speed, Depots, pfile14, 37, 260
IPC2002, FF.speed, Depots, pfile15, 85, 46850
IPC2002, FF.speed, Depots, pfile16, 28, 60
IPC2002, FF.speed, Depots, pfile17, 38, 1840
IPC2002, FF.speed, Depots, pfile18, 60, 1760
IPC2002, FF.speed, Depots, pfile19, 47, 450
IPC2002, FF.speed, Depots, pfile20, 98, 31090
IPC2002, FF.speed, Depots, pfile21, 32, 690
IPC2002, FF.speed, Depots, pfile22, 102, 102960
IPC2002, LPG, Depots, pfile1, 10, 20
IPC2002, LPG, Depots, pfile2, 15, 40
IPC2002, LPG, Depots, pfile3, 28, 60
IPC2002, LPG, Depots, pfile4, 31, 250
IPC2002, LPG, Depots, pfile5, 74, 75460
IPC2002, LPG, Depots, pfile7, 23, 180
IPC2002, LPG, Depots, pfile8, 37, 4170
IPC2002, LPG, Depots, pfile9, 84, 3180
IPC2002, LPG, Depots, pfile10, 24, 1170
IPC2002, LPG, Depots, pfile11, 49, 23490
IPC2002, LPG, Depots, pfile12, 94, 114920
IPC2002, LPG, Depots, pfile13, 25, 140
IPC2002, LPG, Depots, pfile14, 32, 4420
IPC2002, LPG, Depots, pfile15, 90, 5450
IPC2002, LPG, Depots, pfile16, 26, 180
IPC2002, LPG, Depots, pfile17, 24, 3400
IPC2002, LPG, Depots, pfile18, 100, 66280
IPC2002, LPG, Depots, pfile19, 43, 1720
IPC2002, LPG, Depots, pfile20, 87, 40070
IPC2002, LPG, Depots, pfile21, 35, 2950
IPC2002, LPG, Depots, pfile22, 127, 81250
IPC2002, LPG.quality, Depots, pfile1, 10, 20
IPC2002, LPG.quality, Depots, pfile2, 15, 40
IPC2002, LPG.quality, Depots, pfile3, 27, 4180
IPC2002, LPG.quality, Depots, pfile4, 30, 8630
IPC2002, LPG.quality, Depots, pfile5, 46, 357080
IPC2002, LPG.quality, Depots, pfile7, 21, 380
IPC2002, LPG.quality, Depots, pfile8, 35, 164160
IPC2002, LPG.quality, Depots, pfile9, 74, 95290
IPC2002, LPG.quality, Depots, pfile10, 24, 1170
IPC2002, LPG.quality, Depots, pfile11, 48, 174470
IPC2002, LPG.quality, Depots, pfile12, 77, 117900
IPC2002, LPG.quality, Depots, pfile13, 25, 140
IPC2002, LPG.quality, Depots, pfile14, 31, 121390
IPC2002, LPG.quality, Depots, pfile15, 72, 12050
IPC2002, LPG.quality, Depots, pfile16, 25, 70520
IPC2002, LPG.quality, Depots, pfile17, 23, 71910
IPC2002, LPG.quality, Depots, pfile18, 100, 66280
IPC2002, LPG.quality, Depots, pfile19, 42, 2170
IPC2002, LPG.quality, Depots, pfile20, 82, 78370
IPC2002, LPG.quality, Depots, pfile21, 34, 5850
IPC2002, LPG.quality, Depots, pfile22, 114, 396710
IPC2002, LPG.speed, Depots, pfile1, 10, 20
IPC2002, LPG.speed, Depots, pfile2, 16, 30
IPC2002, LPG.speed, Depots, pfile3, 28, 60
IPC2002, LPG.speed, Depots, pfile4, 31, 250
IPC2002, LPG.speed, Depots, pfile5, 85, 4340
IPC2002, LPG.speed, Depots, pfile7, 26, 60
IPC2002, LPG.speed, Depots, pfile8, 43, 720
IPC2002, LPG.speed, Depots, pfile9, 84, 3180
IPC2002, LPG.speed, Depots, pfile10, 28, 90
IPC2002, LPG.speed, Depots, pfile11, 57, 1630
IPC2002, LPG.speed, Depots, pfile12, 126, 53800
IPC2002, LPG.speed, Depots, pfile13, 25, 140
IPC2002, LPG.speed, Depots, pfile14, 34, 520
IPC2002, LPG.speed, Depots, pfile15, 90, 5450
IPC2002, LPG.speed, Depots, pfile16, 26, 180
IPC2002, LPG.speed, Depots, pfile17, 28, 510
IPC2002, LPG.speed, Depots, pfile18, 122, 23740
IPC2002, LPG.speed, Depots, pfile19, 49, 750
IPC2002, LPG.speed, Depots, pfile20, 145, 23820
IPC2002, LPG.speed, Depots, pfile21, 36, 2600
IPC2002, LPG.speed, Depots, pfile22, 127, 81250
IPC2002, MIPS, Depots, pfile1, 13, 270
IPC2002, MIPS, Depots, pfile2, 16, 330
IPC2002, MIPS, Depots, pfile3, 34, 1310
IPC2002, MIPS, Depots, pfile4, 35, 59780
IPC2002, MIPS, Depots, pfile5, 57, 109230
IPC2002, MIPS, Depots, pfile7, 23, 770
IPC2002, MIPS, Depots, pfile8, 48, 1750000
IPC2002, MIPS, Depots, pfile10, 34, 107730
IPC2002, MIPS, Depots, pfile13, 25, 200000
IPC2002, MIPS, Depots, pfile16, 32, 250319
IPC2002, MIPS.plain, Depots, pfile1, 13, 270
IPC2002, MIPS.plain, Depots, pfile2, 16, 330
IPC2002, MIPS.plain, Depots, pfile3, 34, 1310
IPC2002, MIPS.plain, Depots, pfile4, 35, 59780
IPC2002, MIPS.plain, Depots, pfile5, 57, 109230
IPC2002, MIPS.plain, Depots, pfile7, 23, 770
IPC2002, MIPS.plain, Depots, pfile8, 48, 1750
IPC2002, MIPS.plain, Depots, pfile10, 34, 107730
IPC2002, MIPS.plain, Depots, pfile13, 25, 200
IPC2002, MIPS.plain, Depots, pfile16, 32, 250319
IPC2002, SHOP2, Depots, pfile1, 11, 0
IPC2002, SHOP2, Depots, pfile2, 16, 10
IPC2002, SHOP2, Depots, pfile3, 28, 20
IPC2002, SHOP2, Depots, pfile4, 39, 20
IPC2002, SHOP2, Depots, pfile5, 49, 30
IPC2002, SHOP2, Depots, pfile6, 61, 60
IPC2002, SHOP2, Depots, pfile7, 23, 20
IPC2002, SHOP2, Depots, pfile8, 59, 50
IPC2002, SHOP2, Depots, pfile9, 76, 70
IPC2002, SHOP2, Depots, pfile10, 30, 20
IPC2002, SHOP2, Depots, pfile11, 49, 40
IPC2002, SHOP2, Depots, pfile12, 81, 80
IPC2002, SHOP2, Depots, pfile13, 27, 20
IPC2002, SHOP2, Depots, pfile14, 43, 40
IPC2002, SHOP2, Depots, pfile15, 74, 90
IPC2002, SHOP2, Depots, pfile16, 32, 20
IPC2002, SHOP2, Depots, pfile17, 34, 30
IPC2002, SHOP2, Depots, pfile18, 78, 70
IPC2002, SHOP2, Depots, pfile19, 39, 30
IPC2002, SHOP2, Depots, pfile20, 77, 80
IPC2002, SHOP2, Depots, pfile21, 34, 30
IPC2002, SHOP2, Depots, pfile22, 98, 140
IPC2002, SHOP2.quality, Depots, pfile1, 10, 0
IPC2002, SHOP2.quality, Depots, pfile2, 16, 40
IPC2002, SHOP2.quality, Depots, pfile3, 27, 80
IPC2002, SHOP2.quality, Depots, pfile4, 37, 1220
IPC2002, SHOP2.quality, Depots, pfile5, 49, 1730
IPC2002, SHOP2.quality, Depots, pfile6, 61, 350
IPC2002, SHOP2.quality, Depots, pfile7, 23, 40
IPC2002, SHOP2.quality, Depots, pfile8, 56, 100000
IPC2002, SHOP2.quality, Depots, pfile9, 69, 100000
IPC2002, SHOP2.quality, Depots, pfile10, 30, 2690
IPC2002, SHOP2.quality, Depots, pfile11, 47, 3440
IPC2002, SHOP2.quality, Depots, pfile12, 78, 100000
IPC2002, SHOP2.quality, Depots, pfile13, 27, 70
IPC2002, SHOP2.quality, Depots, pfile14, 36, 100000
IPC2002, SHOP2.quality, Depots, pfile15, 66, 100000
IPC2002, SHOP2.quality, Depots, pfile16, 30, 100000
IPC2002, SHOP2.quality, Depots, pfile17, 32, 100000
IPC2002, SHOP2.quality, Depots, pfile18, 78, 100000
IPC2002, SHOP2.quality, Depots, pfile19, 39, 100000
IPC2002, SHOP2.quality, Depots, pfile20, 75, 100000
IPC2002, SHOP2.quality, Depots, pfile21, 34, 100000
IPC2002, SHOP2.quality, Depots, pfile22, 99, 100000
IPC2002, SemSyn, Depots, pfile1, 10, 451
IPC2002, SemSyn, Depots, pfile2, 15, 105798
IPC2002, Simplanner, Depots, pfile1, 11, 0
IPC2002, Simplanner, Depots, pfile2, 16, 9
IPC2002, Simplanner, Depots, pfile3, 31, 159
IPC2002, Simplanner, Depots, pfile4, 52, 110
IPC2002, Simplanner, Depots, pfile5, 196, 3220
IPC2002, Simplanner, Depots, pfile6, 92, 2829
IPC2002, Simplanner, Depots, pfile7, 27, 90
IPC2002, Simplanner, Depots, pfile8, 47, 370
IPC2002, Simplanner, Depots, pfile9, 187, 8889
IPC2002, Simplanner, Depots, pfile10, 26, 129
IPC2002, Simplanner, Depots, pfile11, 80, 1980
IPC2002, Simplanner, Depots, pfile12, 140, 22870
IPC2002, Simplanner, Depots, pfile13, 28, 160
IPC2002, Simplanner, Depots, pfile14, 50, 859
IPC2002, Simplanner, Depots, pfile15, 99, 42059
IPC2002, Simplanner, Depots, pfile16, 38, 250
IPC2002, Simplanner, Depots, pfile17, 31, 1819
IPC2002, Simplanner, Depots, pfile18, 112, 39850
IPC2002, Simplanner, Depots, pfile19, 47, 1179
IPC2002, Simplanner, Depots, pfile20, 101, 34280
IPC2002, Simplanner, Depots, pfile21, 37, 16490
IPC2002, Simplanner, Depots, pfile22, 141, 535179
IPC2002, Stella, Depots, pfile1, 11, 539
IPC2002, Stella, Depots, pfile2, 16, 970
IPC2002, Stella, Depots, pfile3, 33, 2430
IPC2002, Stella, Depots, pfile13, 30, 4010
IPC2002, TALPlanner, Depots, pfile1, 11, 50
IPC2002, TALPlanner, Depots, pfile2, 16, 30
IPC2002, TALPlanner, Depots, pfile3, 29, 50
IPC2002, TALPlanner, Depots, pfile4, 32, 40
IPC2002, TALPlanner, Depots, pfile5, 49, 70
IPC2002, TALPlanner, Depots, pfile6, 60, 60
IPC2002, TALPlanner, Depots, pfile7, 22, 40
IPC2002, TALPlanner, Depots, pfile8, 34, 40
IPC2002, TALPlanner, Depots, pfile9, 66, 30
IPC2002, TALPlanner, Depots, pfile10, 26, 30
IPC2002, TALPlanner, Depots, pfile11, 50, 40
IPC2002, TALPlanner, Depots, pfile12, 64, 60
IPC2002, TALPlanner, Depots, pfile13, 25, 40
IPC2002, TALPlanner, Depots, pfile14, 32, 20
IPC2002, TALPlanner, Depots, pfile15, 64, 50
IPC2002, TALPlanner, Depots, pfile16, 28, 20
IPC2002, TALPlanner, Depots, pfile17, 28, 40
IPC2002, TALPlanner, Depots, pfile18, 64, 50
IPC2002, TALPlanner, Depots, pfile19, 43, 30
IPC2002, TALPlanner, Depots, pfile20, 73, 40
IPC2002, TALPlanner, Depots, pfile21, 36, 20
IPC2002, TALPlanner, Depots, pfile22, 90, 40
IPC2002, TLPlan, Depots, pfile1, 11, 20
IPC2002, TLPlan, Depots, pfile2, 15, 10
IPC2002, TLPlan, Depots, pfile3, 32, 20
IPC2002, TLPlan, Depots, pfile4, 30, 10
IPC2002, TLPlan, Depots, pfile5, 69, 10
IPC2002, TLPlan, Depots, pfile6, 77, 30
IPC2002, TLPlan, Depots, pfile7, 21, 10
IPC2002, TLPlan, Depots, pfile8, 33, 10
IPC2002, TLPlan, Depots, pfile9, 60, 30
IPC2002, TLPlan, Depots, pfile10, 28, 10
IPC2002, TLPlan, Depots, pfile11, 51, 20
IPC2002, TLPlan, Depots, pfile12, 73, 20
IPC2002, TLPlan, Depots, pfile13, 25, 20
IPC2002, TLPlan, Depots, pfile14, 34, 10
IPC2002, TLPlan, Depots, pfile15, 69, 20
IPC2002, TLPlan, Depots, pfile16, 28, 10
IPC2002, TLPlan, Depots, pfile17, 25, 10
IPC2002, TLPlan, Depots, pfile18, 69, 30
IPC2002, TLPlan, Depots, pfile19, 44, 20
IPC2002, TLPlan, Depots, pfile20, 70, 50
IPC2002, TLPlan, Depots, pfile21, 34, 20
IPC2002, TLPlan, Depots, pfile22, 100, 110
IPC2002, VHPOP, Depots, pfile1, 10, 90
IPC2002, VHPOP, Depots, pfile2, 15, 59310
IPC2002, VHPOP, Depots, pfile7, 25, 159300
IPC2002, VHPOP, Depots, upfile1, 111, 230
IPC2002, VHPOP, Depots, upfile2, 200, 530
IPC2002, VHPOP, Depots, upfile3, 330, 1310
IPC2002, VHPOP, Depots, upfile4, 421, 1810
IPC2002, VHPOP, Depots, upfile5, 509, 3040
IPC2002, VHPOP, Depots, upfile6, 784, 5900
IPC2002, VHPOP, Depots, upfile7, 221, 560
IPC2002, VHPOP, Depots, upfile8, 211, 470
IPC2002, VHPOP, Depots, upfile9, 200, 410
IPC2002, VHPOP, Depots, upfile10, 187, 230
IPC2002, VHPOP, Depots, upfile11, 270, 1040
IPC2002, VHPOP, Depots, upfile12, 358, 1650
IPC2002, VHPOP, Depots, upfile13, 302, 710
IPC2002, VHPOP, Depots, upfile14, 392, 1730
IPC2002, VHPOP, Depots, upfile15, 498, 2910
IPC2002, VHPOP, Depots, upfile16, 688, 5970
IPC2002, VHPOP, Depots, upfile17, 584, 4370
IPC2002, VHPOP, Depots, upfile18, 1094, 22560
IPC2002, VHPOP, Depots, upfile19, 416, 1930
IPC2002, VHPOP, Depots, upfile20, 520, 2320
IPC2002, VHPOP, Depots, upfile21, 772, 5490
IPC2002, VHPOP, Depots, upfile22, 1069, 11190
IPC2002, VHPOP, Depots, upfile1, 109, 60
IPC2002, VHPOP, Depots, upfile2, 189, 80
IPC2002, VHPOP, Depots, upfile3, 276, 60
IPC2002, VHPOP, Depots, upfile4, 365, 100
IPC2002, VHPOP, Depots, upfile5, 456, 110
IPC2002, VHPOP, Depots, upfile6, 708, 190
IPC2002, VHPOP, Depots, upfile7, 216, 60
IPC2002, VHPOP, Depots, upfile8, 196, 40
IPC2002, VHPOP, Depots, upfile9, 206, 60
IPC2002, VHPOP, Depots, upfile10, 172, 40
IPC2002, VHPOP, Depots, upfile11, 270, 40
IPC2002, VHPOP, Depots, upfile12, 371, 70
IPC2002, VHPOP, Depots, upfile13, 256, 50
IPC2002, VHPOP, Depots, upfile14, 352, 60
IPC2002, VHPOP, Depots, upfile15, 447, 130
IPC2002, VHPOP, Depots, upfile16, 405, 80
IPC2002, VHPOP, Depots, upfile17, 431, 80
IPC2002, VHPOP, Depots, upfile18, 501, 120
IPC2002, VHPOP, Depots, upfile19, 400, 80
IPC2002, VHPOP, Depots, upfile20, 455, 120
IPC2002, VHPOP, Depots, upfile21, 719, 180
IPC2002, VHPOP, Depots, upfile22, 934, 330
IPC2002, VHPOP, Depots, upfile1, 98, 110
IPC2002, VHPOP, Depots, upfile2, 173, 290
IPC2002, VHPOP, Depots, upfile3, 299, 600
IPC2002, VHPOP, Depots, upfile4, 423, 940
IPC2002, VHPOP, Depots, upfile5, 599, 1710
IPC2002, VHPOP, Depots, upfile6, 993, 3920
IPC2002, VHPOP, Depots, upfile7, 216, 300
IPC2002, VHPOP, Depots, upfile8, 230, 360
IPC2002, VHPOP, Depots, upfile9, 208, 190
IPC2002, VHPOP, Depots, upfile10, 244, 110
IPC2002, VHPOP, Depots, upfile11, 409, 270
IPC2002, VHPOP, Depots, upfile12, 601, 520
IPC2002, VHPOP, Depots, upfile13, 348, 300
IPC2002, VHPOP, Depots, upfile14, 552, 620
IPC2002, VHPOP, Depots, upfile15, 866, 1190
IPC2002, VHPOP, Depots, upfile16, 335, 270
IPC2002, VHPOP, Depots, upfile17, 431, 350
IPC2002, VHPOP, Depots, upfile18, 588, 730
IPC2002, VHPOP, Depots, upfile19, 397, 1500
IPC2002, VHPOP, Depots, upfile20, 549, 2200
IPC2002, VHPOP, Depots, upfile21, 917, 4890
IPC2002, VHPOP, Depots, upfile22, 1393, 9750
IPC2002, FF.quality, DriverLog, pfile1, 8, 230
IPC2002, FF.quality, DriverLog, pfile2, 21, 30
IPC2002, FF.quality, DriverLog, pfile3, 12, 60
IPC2002, FF.quality, DriverLog, pfile4, 17, 220
IPC2002, FF.quality, DriverLog, pfile5, 20, 10
IPC2002, FF.quality, DriverLog, pfile6, 13, 230
IPC2002, FF.quality, DriverLog, pfile7, 14, 60
IPC2002, FF.quality, DriverLog, pfile8, 23, 160
IPC2002, FF.quality, DriverLog, pfile9, 29, 260
IPC2002, FF.quality, DriverLog, pfile10, 18, 160
IPC2002, FF.quality, DriverLog, pfile11, 30, 440
IPC2002, FF.quality, DriverLog, pfile12, 59, 1480
IPC2002, FF.quality, DriverLog, pfile13, 36, 1080
IPC2002, FF.quality, DriverLog, pfile14, 37, 620
IPC2002, FF.quality, DriverLog, pfile15, 48, 40640
IPC2002, FF.speed, DriverLog, pfile1, 8, 10
IPC2002, FF.speed, DriverLog, pfile2, 22, 10
IPC2002, FF.speed, DriverLog, pfile3, 12, 10
IPC2002, FF.speed, DriverLog, pfile4, 16, 10
IPC2002, FF.speed, DriverLog, pfile5, 22, 10
IPC2002, FF.speed, DriverLog, pfile6, 13, 20
IPC2002, FF.speed, DriverLog, pfile7, 17, 10
IPC2002, FF.speed, DriverLog, pfile8, 23, 20
IPC2002, FF.speed, DriverLog, pfile9, 31, 30
IPC2002, FF.speed, DriverLog, pfile10, 20, 10
IPC2002, FF.speed, DriverLog, pfile11, 25, 10
IPC2002, FF.speed, DriverLog, pfile12, 52, 550
IPC2002, FF.speed, DriverLog, pfile13, 36, 220
IPC2002, FF.speed, DriverLog, pfile14, 38, 320
IPC2002, FF.speed, DriverLog, pfile15, 48, 110
IPC2002, LPG, DriverLog, pfile1, 7, 20
IPC2002, LPG, DriverLog, pfile2, 21, 90
IPC2002, LPG, DriverLog, pfile3, 12, 10
IPC2002, LPG, DriverLog, pfile4, 16, 1590
IPC2002, LPG, DriverLog, pfile5, 19, 30
IPC2002, LPG, DriverLog, pfile6, 17, 40
IPC2002, LPG, DriverLog, pfile7, 13, 20
IPC2002, LPG, DriverLog, pfile8, 23, 40
IPC2002, LPG, DriverLog, pfile9, 23, 840
IPC2002, LPG, DriverLog, pfile10, 17, 40
IPC2002, LPG, DriverLog, pfile11, 23, 100
IPC2002, LPG, DriverLog, pfile12, 58, 3890
IPC2002, LPG, DriverLog, pfile13, 28, 9150
IPC2002, LPG, DriverLog, pfile14, 29, 12410
IPC2002, LPG, DriverLog, pfile15, 43, 2490
IPC2002, LPG, DriverLog, pfile17, 110, 2320
IPC2002, LPG, DriverLog, pfile18, 149, 3680
IPC2002, LPG, DriverLog, pfile20, 229, 86600
IPC2002, LPG.quality, DriverLog, pfile1, 7, 20
IPC2002, LPG.quality, DriverLog, pfile2, 20, 36140
IPC2002, LPG.quality, DriverLog, pfile3, 12, 10
IPC2002, LPG.quality, DriverLog, pfile4, 16, 1590
IPC2002, LPG.quality, DriverLog, pfile5, 18, 30110
IPC2002, LPG.quality, DriverLog, pfile6, 17, 40
IPC2002, LPG.quality, DriverLog, pfile7, 13, 20
IPC2002, LPG.quality, DriverLog, pfile8, 22, 1050
IPC2002, LPG.quality, DriverLog, pfile9, 23, 840
IPC2002, LPG.quality, DriverLog, pfile10, 17, 40
IPC2002, LPG.quality, DriverLog, pfile11, 21, 8320
IPC2002, LPG.quality, DriverLog, pfile12, 52, 176080
IPC2002, LPG.quality, DriverLog, pfile13, 28, 9150
IPC2002, LPG.quality, DriverLog, pfile14, 29, 12410
IPC2002, LPG.quality, DriverLog, pfile15, 43, 2490
IPC2002, LPG.quality, DriverLog, pfile17, 102, 3240
IPC2002, LPG.quality, DriverLog, pfile18, 149, 3680
IPC2002, LPG.quality, DriverLog, pfile20, 229, 86600
IPC2002, LPG.speed, DriverLog, pfile1, 8, 10
IPC2002, LPG.speed, DriverLog, pfile2, 24, 20
IPC2002, LPG.speed, DriverLog, pfile3, 12, 10
IPC2002, LPG.speed, DriverLog, pfile4, 32, 20
IPC2002, LPG.speed, DriverLog, pfile5, 22, 20
IPC2002, LPG.speed, DriverLog, pfile6, 63, 20
IPC2002, LPG.speed, DriverLog, pfile7, 13, 20
IPC2002, LPG.speed, DriverLog, pfile8, 25, 20
IPC2002, LPG.speed, DriverLog, pfile9, 25, 30
IPC2002, LPG.speed, DriverLog, pfile10, 20, 30
IPC2002, LPG.speed, DriverLog, pfile11, 25, 20
IPC2002, LPG.speed, DriverLog, pfile12, 58, 3890
IPC2002, LPG.speed, DriverLog, pfile13, 34, 90
IPC2002, LPG.speed, DriverLog, pfile14, 34, 90
IPC2002, LPG.speed, DriverLog, pfile15, 47, 310
IPC2002, LPG.speed, DriverLog, pfile17, 110, 2320
IPC2002, LPG.speed, DriverLog, pfile18, 149, 3680
IPC2002, LPG.speed, DriverLog, pfile20, 272, 58770
IPC2002, MIPS, DriverLog, pfile1, 7, 59
IPC2002, MIPS, DriverLog, pfile2, 22, 80
IPC2002, MIPS, DriverLog, pfile3, 18, 70
IPC2002, MIPS, DriverLog, pfile4, 19, 70
IPC2002, MIPS, DriverLog, pfile5, 27, 89
IPC2002, MIPS, DriverLog, pfile6, 13, 70
IPC2002, MIPS, DriverLog, pfile7, 15, 80
IPC2002, MIPS, DriverLog, pfile8, 27, 619
IPC2002, MIPS, DriverLog, pfile9, 22, 100
IPC2002, MIPS, DriverLog, pfile10, 21, 119
IPC2002, MIPS, DriverLog, pfile11, 22, 130
IPC2002, MIPS, DriverLog, pfile12, 42, 1689
IPC2002, MIPS, DriverLog, pfile13, 36, 680
IPC2002, MIPS, DriverLog, pfile14, 40, 880
IPC2002, MIPS, DriverLog, pfile15, 42, 2040
IPC2002, MIPS.plain, DriverLog, pfile1, 7, 29
IPC2002, MIPS.plain, DriverLog, pfile2, 22, 40
IPC2002, MIPS.plain, DriverLog, pfile3, 18, 40
IPC2002, MIPS.plain, DriverLog, pfile4, 19, 50
IPC2002, MIPS.plain, DriverLog, pfile5, 27, 59
IPC2002, MIPS.plain, DriverLog, pfile6, 13, 59
IPC2002, MIPS.plain, DriverLog, pfile7, 15, 100
IPC2002, MIPS.plain, DriverLog, pfile8, 27, 390
IPC2002, MIPS.plain, DriverLog, pfile9, 22, 119
IPC2002, MIPS.plain, DriverLog, pfile10, 21, 309
IPC2002, MIPS.plain, DriverLog, pfile11, 22, 179
IPC2002, MIPS.plain, DriverLog, pfile12, 42, 1780
IPC2002, MIPS.plain, DriverLog, pfile13, 36, 760
IPC2002, MIPS.plain, DriverLog, pfile14, 40, 1389
IPC2002, MIPS.plain, DriverLog, pfile15, 42, 13259
IPC2002, SHOP2, DriverLog, pfile1, 7, 0
IPC2002, SHOP2, DriverLog, pfile2, 23, 10
IPC2002, SHOP2, DriverLog, pfile3, 25, 10
IPC2002, SHOP2, DriverLog, pfile4, 27, 10
IPC2002, SHOP2, DriverLog, pfile5, 22, 10
IPC2002, SHOP2, DriverLog, pfile6, 16, 10
IPC2002, SHOP2, DriverLog, pfile7, 18, 10
IPC2002, SHOP2, DriverLog, pfile8, 33, 30
IPC2002, SHOP2, DriverLog, pfile9, 32, 20
IPC2002, SHOP2, DriverLog, pfile10, 26, 10
IPC2002, SHOP2, DriverLog, pfile11, 29, 20
IPC2002, SHOP2, DriverLog, pfile12, 56, 40
IPC2002, SHOP2, DriverLog, pfile13, 48, 20
IPC2002, SHOP2, DriverLog, pfile14, 51, 30
IPC2002, SHOP2, DriverLog, pfile15, 58, 40
IPC2002, SHOP2, DriverLog, pfile16, 116, 140
IPC2002, SHOP2, DriverLog, pfile17, 122, 170
IPC2002, SHOP2, DriverLog, pfile18, 138, 220
IPC2002, SHOP2, DriverLog, pfile19, 186, 420
IPC2002, SHOP2, DriverLog, pfile20, 170, 350
IPC2002, SemSyn, DriverLog, pfile1, 7, 88
IPC2002, Simplanner, DriverLog, pfile1, 8, 0
IPC2002, Simplanner, DriverLog, pfile2, 32, 239
IPC2002, Simplanner, DriverLog, pfile3, 12, 100
IPC2002, Simplanner, DriverLog, pfile4, 19, 79
IPC2002, Simplanner, DriverLog, pfile5, 21, 9
IPC2002, Simplanner, DriverLog, pfile6, 17, 19
IPC2002, Simplanner, DriverLog, pfile7, 14, 19
IPC2002, Simplanner, DriverLog, pfile8, 31, 50
IPC2002, Simplanner, DriverLog, pfile10, 20, 39
IPC2002, Simplanner, DriverLog, pfile11, 41, 290
IPC2002, Simplanner, DriverLog, pfile15, 49, 2150
IPC2002, Stella, DriverLog, pfile1, 7, 1029
IPC2002, Stella, DriverLog, pfile2, 28, 4259
IPC2002, Stella, DriverLog, pfile3, 13, 1639
IPC2002, Stella, DriverLog, pfile4, 30, 4200
IPC2002, Stella, DriverLog, pfile5, 22, 2009
IPC2002, Stella, DriverLog, pfile6, 16, 3180
IPC2002, Stella, DriverLog, pfile7, 21, 3660
IPC2002, Stella, DriverLog, pfile8, 38, 7060
IPC2002, Stella, DriverLog, pfile10, 26, 2769
IPC2002, Stella, DriverLog, pfile11, 35, 4459
IPC2002, TALPlanner, DriverLog, pfile1, 7, 120
IPC2002, TALPlanner, DriverLog, pfile2, 21, 110
IPC2002, TALPlanner, DriverLog, pfile3, 13, 40
IPC2002, TALPlanner, DriverLog, pfile4, 19, 40
IPC2002, TALPlanner, DriverLog, pfile5, 20, 20
IPC2002, TALPlanner, DriverLog, pfile6, 18, 30
IPC2002, TALPlanner, DriverLog, pfile7, 20, 30
IPC2002, TALPlanner, DriverLog, pfile8, 27, 20
IPC2002, TALPlanner, DriverLog, pfile9, 24, 40
IPC2002, TALPlanner, DriverLog, pfile10, 17, 50
IPC2002, TALPlanner, DriverLog, pfile11, 23, 30
IPC2002, TALPlanner, DriverLog, pfile12, 41, 40
IPC2002, TALPlanner, DriverLog, pfile13, 28, 30
IPC2002, TALPlanner, DriverLog, pfile14, 32, 20
IPC2002, TALPlanner, DriverLog, pfile15, 54, 50
IPC2002, TALPlanner, DriverLog, pfile16, 98, 50
IPC2002, TALPlanner, DriverLog, pfile17, 86, 30
IPC2002, TALPlanner, DriverLog, pfile18, 108, 70
IPC2002, TALPlanner, DriverLog, pfile19, 130, 90
IPC2002, TALPlanner, DriverLog, pfile20, 155, 70
IPC2002, TLPlan, DriverLog, pfile1, 7, 0
IPC2002, TLPlan, DriverLog, pfile2, 22, 20
IPC2002, TLPlan, DriverLog, pfile3, 13, 10
IPC2002, TLPlan, DriverLog, pfile4, 20, 10
IPC2002, TLPlan, DriverLog, pfile5, 21, 10
IPC2002, TLPlan, DriverLog, pfile6, 14, 10
IPC2002, TLPlan, DriverLog, pfile7, 20, 10
IPC2002, TLPlan, DriverLog, pfile8, 29, 10
IPC2002, TLPlan, DriverLog, pfile9, 26, 10
IPC2002, TLPlan, DriverLog, pfile10, 22, 20
IPC2002, TLPlan, DriverLog, pfile11, 24, 20
IPC2002, TLPlan, DriverLog, pfile12, 39, 10
IPC2002, TLPlan, DriverLog, pfile13, 27, 20
IPC2002, TLPlan, DriverLog, pfile14, 37, 10
IPC2002, TLPlan, DriverLog, pfile15, 44, 20
IPC2002, TLPlan, DriverLog, pfile16, 102, 30
IPC2002, TLPlan, DriverLog, pfile17, 87, 30
IPC2002, TLPlan, DriverLog, pfile18, 105, 20
IPC2002, TLPlan, DriverLog, pfile19, 140, 40
IPC2002, TLPlan, DriverLog, pfile20, 133, 30
IPC2002, VHPOP, DriverLog, pfile1, 7, 0
IPC2002, VHPOP, DriverLog, pfile2, 21, 3410
IPC2002, VHPOP, DriverLog, pfile3, 13, 20
IPC2002, VHPOP, DriverLog, pfile4, 16, 12780
IPC2002, VHPOP, DriverLog, pfile5, 18, 270
IPC2002, VHPOP, DriverLog, pfile6, 11, 50
IPC2002, VHPOP, DriverLog, pfile7, 15, 120
IPC2002, VHPOP, DriverLog, pfile8, 25, 2340
IPC2002, VHPOP, DriverLog, pfile9, 22, 120
IPC2002, VHPOP, DriverLog, pfile10, 21, 550
IPC2002, VHPOP, DriverLog, pfile11, 23, 5110
IPC2002, VHPOP, DriverLog, pfile13, 29, 2460
IPC2002, VHPOP, DriverLog, pfile14, 41, 118220
IPC2002, VHPOP, DriverLog, pfile15, 44, 8450
IPC2002, VHPOP, DriverLog, upfile1, 273, 630
IPC2002, VHPOP, DriverLog, upfile2, 313, 900
IPC2002, VHPOP, DriverLog, upfile3, 444, 1960
IPC2002, VHPOP, DriverLog, upfile4, 439, 1020
IPC2002, VHPOP, DriverLog, upfile5, 451, 2020
IPC2002, VHPOP, DriverLog, upfile6, 468, 2540
IPC2002, VHPOP, DriverLog, upfile7, 540, 2270
IPC2002, VHPOP, DriverLog, upfile8, 580, 3290
IPC2002, VHPOP, DriverLog, upfile9, 622, 2190
IPC2002, VHPOP, DriverLog, upfile10, 725, 3130
IPC2002, VHPOP, DriverLog, upfile11, 736, 3320
IPC2002, VHPOP, DriverLog, upfile12, 821, 5570
IPC2002, VHPOP, DriverLog, upfile13, 757, 7240
IPC2002, VHPOP, DriverLog, upfile14, 601, 3170
IPC2002, VHPOP, DriverLog, upfile15, 772, 8710
IPC2002, VHPOP, DriverLog, upfile16, 1171, 19060
IPC2002, VHPOP, DriverLog, upfile17, 1592, 63750
IPC2002, VHPOP, DriverLog, upfile18, 2104, 81200
IPC2002, VHPOP, DriverLog, upfile19, 2442, 113050
IPC2002, VHPOP, DriverLog, upfile20, 2859, 2861680
IPC2002, VHPOP, DriverLog, upfile1, 217, 170
IPC2002, VHPOP, DriverLog, upfile2, 244, 130
IPC2002, VHPOP, DriverLog, upfile3, 317, 160
IPC2002, VHPOP, DriverLog, upfile4, 350, 150
IPC2002, VHPOP, DriverLog, upfile5, 404, 240
IPC2002, VHPOP, DriverLog, upfile6, 404, 230
IPC2002, VHPOP, DriverLog, upfile7, 475, 240
IPC2002, VHPOP, DriverLog, upfile8, 471, 280
IPC2002, VHPOP, DriverLog, upfile9, 450, 340
IPC2002, VHPOP, DriverLog, upfile10, 499, 560
IPC2002, VHPOP, DriverLog, upfile11, 543, 700
IPC2002, VHPOP, DriverLog, upfile12, 570, 1320
IPC2002, VHPOP, DriverLog, upfile13, 549, 1830
IPC2002, VHPOP, DriverLog, upfile14, 510, 1400
IPC2002, VHPOP, DriverLog, upfile15, 609, 2420
IPC2002, VHPOP, DriverLog, upfile16, 857, 3520
IPC2002, VHPOP, DriverLog, upfile17, 1086, 4030
IPC2002, VHPOP, DriverLog, upfile18, 1527, 8730
IPC2002, VHPOP, DriverLog, upfile19, 1787, 9500
IPC2002, VHPOP, DriverLog, upfile20, 2256, 11050
IPC2002, VHPOP, DriverLog, upfile1, 205, 60
IPC2002, VHPOP, DriverLog, upfile2, 255, 80
IPC2002, VHPOP, DriverLog, upfile3, 322, 110
IPC2002, VHPOP, DriverLog, upfile4, 314, 150
IPC2002, VHPOP, DriverLog, upfile5, 372, 180
IPC2002, VHPOP, DriverLog, upfile6, 393, 180
IPC2002, VHPOP, DriverLog, upfile7, 462, 180
IPC2002, VHPOP, DriverLog, upfile8, 460, 230
IPC2002, VHPOP, DriverLog, upfile9, 508, 560
IPC2002, VHPOP, DriverLog, upfile10, 543, 740
IPC2002, VHPOP, DriverLog, upfile11, 519, 190
IPC2002, VHPOP, DriverLog, upfile12, 579, 700
IPC2002, VHPOP, DriverLog, upfile13, 576, 1550
IPC2002, VHPOP, DriverLog, upfile14, 487, 580
IPC2002, VHPOP, DriverLog, upfile15, 623, 1250
IPC2002, VHPOP, DriverLog, upfile16, 963, 8480
IPC2002, VHPOP, DriverLog, upfile17, 1271, 14900
IPC2002, VHPOP, DriverLog, upfile18, 1493, 2840
IPC2002, VHPOP, DriverLog, upfile19, 1760, 3010
IPC2002, VHPOP, DriverLog, upfile20, 2113, 15520
IPC2002, FF.quality, FreeCell, pfile1, 10, 20
IPC2002, FF.quality, FreeCell, pfile2, 16, 60
IPC2002, FF.quality, FreeCell, pfile3, 19, 120
IPC2002, FF.quality, FreeCell, pfile4, 29, 250
IPC2002, FF.quality, FreeCell, pfile5, 36, 1110
IPC2002, FF.quality, FreeCell, pfile6, 44, 2670
IPC2002, FF.quality, FreeCell, pfile7, 46, 1980
IPC2002, FF.quality, FreeCell, pfile8, 48, 8960
IPC2002, FF.quality, FreeCell, pfile9, 55, 3290
IPC2002, FF.quality, FreeCell, pfile10, 69, 39870
IPC2002, FF.quality, FreeCell, pfile11, 69, 19090
IPC2002, FF.quality, FreeCell, pfile12, 54, 12960
IPC2002, FF.quality, FreeCell, pfile13, 79, 35340
IPC2002, FF.quality, FreeCell, pfile14, 75, 38170
IPC2002, FF.quality, FreeCell, pfile15, 73, 130670
IPC2002, FF.quality, FreeCell, pfile16, 72, 58210
IPC2002, FF.quality, FreeCell, pfile17, 72, 22110
IPC2002, FF.quality, FreeCell, pfile18, 98, 169810
IPC2002, FF.quality, FreeCell, pfile19, 139, 13912640
IPC2002, FF.speed, FreeCell, pfile1, 9, 20
IPC2002, FF.speed, FreeCell, pfile2, 17, 20
IPC2002, FF.speed, FreeCell, pfile3, 23, 40
IPC2002, FF.speed, FreeCell, pfile4, 33, 70
IPC2002, FF.speed, FreeCell, pfile5, 35, 130
IPC2002, FF.speed, FreeCell, pfile6, 39, 310
IPC2002, FF.speed, FreeCell, pfile7, 57, 560
IPC2002, FF.speed, FreeCell, pfile8, 59, 600
IPC2002, FF.speed, FreeCell, pfile9, 49, 1480
IPC2002, FF.speed, FreeCell, pfile10, 61, 1470
IPC2002, FF.speed, FreeCell, pfile11, 82, 3920
IPC2002, FF.speed, FreeCell, pfile12, 52, 580
IPC2002, FF.speed, FreeCell, pfile13, 77, 65010
IPC2002, FF.speed, FreeCell, pfile14, 69, 4100
IPC2002, FF.speed, FreeCell, pfile15, 76, 44350
IPC2002, FF.speed, FreeCell, pfile16, 71, 2980
IPC2002, FF.speed, FreeCell, pfile17, 81, 5660
IPC2002, FF.speed, FreeCell, pfile18, 105, 236450
IPC2002, FF.speed, FreeCell, pfile19, 129, 927620
IPC2002, FF.speed, FreeCell, pfile20, 156, 1711970
IPC2002, LPG, FreeCell, pfile1, 14, 10
IPC2002, LPG, FreeCell, pfile2, 23, 30
IPC2002, LPG, FreeCell, pfile3, 21, 50
IPC2002, LPG, FreeCell, pfile4, 43, 110
IPC2002, LPG, FreeCell, pfile5, 50, 440
IPC2002, LPG, FreeCell, pfile6, 50, 1050
IPC2002, LPG, FreeCell, pfile7, 63, 4660
IPC2002, LPG, FreeCell, pfile8, 62, 1330
IPC2002, LPG, FreeCell, pfile9, 58, 1810
IPC2002, LPG, FreeCell, pfile10, 61, 2680
IPC2002, LPG, FreeCell, pfile11, 81, 4250
IPC2002, LPG, FreeCell, pfile12, 70, 4470
IPC2002, LPG, FreeCell, pfile13, 81, 17120
IPC2002, LPG, FreeCell, pfile14, 81, 14620
IPC2002, LPG, FreeCell, pfile15, 91, 22320
IPC2002, LPG, FreeCell, pfile16, 90, 26060
IPC2002, LPG, FreeCell, pfile17, 137, 43320
IPC2002, LPG, FreeCell, pfile20, 149, 93140
IPC2002, LPG.quality, FreeCell, pfile1, 14, 10
IPC2002, LPG.quality, FreeCell, pfile2, 23, 30
IPC2002, LPG.quality, FreeCell, pfile3, 21, 50
IPC2002, LPG.quality, FreeCell, pfile4, 43, 110
IPC2002, LPG.quality, FreeCell, pfile5, 50, 440
IPC2002, LPG.quality, FreeCell, pfile6, 50, 1050
IPC2002, LPG.quality, FreeCell, pfile7, 63, 4660
IPC2002, LPG.quality, FreeCell, pfile8, 62, 1330
IPC2002, LPG.quality, FreeCell, pfile9, 58, 1810
IPC2002, LPG.quality, FreeCell, pfile10, 61, 2680
IPC2002, LPG.quality, FreeCell, pfile11, 81, 4250
IPC2002, LPG.quality, FreeCell, pfile12, 70, 4470
IPC2002, LPG.quality, FreeCell, pfile13, 81, 17120
IPC2002, LPG.quality, FreeCell, pfile14, 81, 14620
IPC2002, LPG.quality, FreeCell, pfile15, 91, 22320
IPC2002, LPG.quality, FreeCell, pfile16, 90, 26060
IPC2002, LPG.quality, FreeCell, pfile17, 137, 43320
IPC2002, LPG.quality, FreeCell, pfile20, 149, 93140
IPC2002, LPG.speed, FreeCell, pfile1, 14, 10
IPC2002, LPG.speed, FreeCell, pfile2, 23, 30
IPC2002, LPG.speed, FreeCell, pfile3, 21, 50
IPC2002, LPG.speed, FreeCell, pfile4, 43, 110
IPC2002, LPG.speed, FreeCell, pfile5, 50, 440
IPC2002, LPG.speed, FreeCell, pfile6, 50, 1050
IPC2002, LPG.speed, FreeCell, pfile7, 63, 4660
IPC2002, LPG.speed, FreeCell, pfile8, 62, 1330
IPC2002, LPG.speed, FreeCell, pfile9, 58, 1810
IPC2002, LPG.speed, FreeCell, pfile10, 61, 2680
IPC2002, LPG.speed, FreeCell, pfile11, 81, 4250
IPC2002, LPG.speed, FreeCell, pfile12, 70, 4470
IPC2002, LPG.speed, FreeCell, pfile13, 81, 17120
IPC2002, LPG.speed, FreeCell, pfile14, 81, 14620
IPC2002, LPG.speed, FreeCell, pfile15, 91, 22320
IPC2002, LPG.speed, FreeCell, pfile16, 90, 26060
IPC2002, LPG.speed, FreeCell, pfile17, 137, 43320
IPC2002, LPG.speed, FreeCell, pfile20, 149, 93140
IPC2002, MIPS, FreeCell, pfile1, 12, 59
IPC2002, MIPS, FreeCell, pfile2, 20, 100
IPC2002, MIPS, FreeCell, pfile3, 23, 140
IPC2002, MIPS, FreeCell, pfile4, 37, 440
IPC2002, MIPS, FreeCell, pfile5, 49, 1409
IPC2002, MIPS, FreeCell, pfile6, 54, 4150
IPC2002, MIPS, FreeCell, pfile7, 60, 6860
IPC2002, MIPS, FreeCell, pfile8, 77, 55890
IPC2002, MIPS, FreeCell, pfile9, 67, 16820
IPC2002, MIPS, FreeCell, pfile10, 80, 56390
IPC2002, MIPS, FreeCell, pfile11, 96, 150050
IPC2002, MIPS, FreeCell, pfile12, 68, 15480
IPC2002, MIPS, FreeCell, pfile13, 105, 139449
IPC2002, MIPS, FreeCell, pfile14, 91, 70819
IPC2002, MIPS, FreeCell, pfile15, 107, 303860
IPC2002, MIPS, FreeCell, pfile16, 104, 1772000
IPC2002, MIPS, FreeCell, pfile17, 113, 50979
IPC2002, MIPS, FreeCell, pfile18, 123, 430230
IPC2002, MIPS, FreeCell, pfile20, 125, 7204
IPC2002, Simplanner, FreeCell, pfile1, 10, 9
IPC2002, Simplanner, FreeCell, pfile2, 18, 110
IPC2002, Simplanner, FreeCell, pfile3, 21, 239
IPC2002, Simplanner, FreeCell, pfile4, 36, 880
IPC2002, Simplanner, FreeCell, pfile5, 41, 4130
IPC2002, Simplanner, FreeCell, pfile6, 43, 12789
IPC2002, Simplanner, FreeCell, pfile8, 109, 72130
IPC2002, Simplanner, FreeCell, pfile9, 58, 26539
IPC2002, Simplanner, FreeCell, pfile10, 68, 58560
IPC2002, Simplanner, FreeCell, pfile13, 81, 137059
IPC2002, Simplanner, FreeCell, pfile14, 86, 144309
IPC2002, Simplanner, FreeCell, pfile16, 75, 229560
IPC2002, Stella, FreeCell, pfile1, 10, 890
IPC2002, Stella, FreeCell, pfile2, 17, 1250
IPC2002, Stella, FreeCell, pfile3, 19, 669
IPC2002, Stella, FreeCell, pfile4, 40, 8300
IPC2002, VHPOP, FreeCell, pfile1, 11, 15680
IPC2002, FF.quality, Rovers, pfile1, 10, 10
IPC2002, FF.quality, Rovers, pfile2, 8, 10
IPC2002, FF.quality, Rovers, pfile3, 13, 10
IPC2002, FF.quality, Rovers, pfile4, 8, 10
IPC2002, FF.quality, Rovers, pfile5, 22, 30
IPC2002, FF.quality, Rovers, pfile6, 37, 30
IPC2002, FF.quality, Rovers, pfile7, 18, 20
IPC2002, FF.quality, Rovers, pfile8, 26, 60
IPC2002, FF.quality, Rovers, pfile9, 34, 260
IPC2002, FF.quality, Rovers, pfile10, 35, 110
IPC2002, FF.quality, Rovers, pfile11, 34, 390
IPC2002, FF.quality, Rovers, pfile12, 19, 50
IPC2002, FF.quality, Rovers, pfile13, 46, 560
IPC2002, FF.quality, Rovers, pfile14, 28, 120
IPC2002, FF.quality, Rovers, pfile15, 43, 1490
IPC2002, FF.quality, Rovers, pfile16, 43, 290
IPC2002, FF.quality, Rovers, pfile17, 49, 3950
IPC2002, FF.quality, Rovers, pfile18, 46, 24270
IPC2002, FF.quality, Rovers, pfile19, 79, 497850
IPC2002, FF.speed, Rovers, pfile1, 10, 10
IPC2002, FF.speed, Rovers, pfile2, 8, 10
IPC2002, FF.speed, Rovers, pfile3, 13, 10
IPC2002, FF.speed, Rovers, pfile4, 8, 10
IPC2002, FF.speed, Rovers, pfile5, 22, 0
IPC2002, FF.speed, Rovers, pfile6, 38, 0
IPC2002, FF.speed, Rovers, pfile7, 18, 0
IPC2002, FF.speed, Rovers, pfile8, 28, 10
IPC2002, FF.speed, Rovers, pfile9, 33, 20
IPC2002, FF.speed, Rovers, pfile10, 37, 40
IPC2002, FF.speed, Rovers, pfile11, 37, 20
IPC2002, FF.speed, Rovers, pfile12, 19, 10
IPC2002, FF.speed, Rovers, pfile13, 46, 60
IPC2002, FF.speed, Rovers, pfile14, 28, 20
IPC2002, FF.speed, Rovers, pfile15, 42, 90
IPC2002, FF.speed, Rovers, pfile16, 46, 90
IPC2002, FF.speed, Rovers, pfile17, 49, 140
IPC2002, FF.speed, Rovers, pfile18, 42, 160
IPC2002, FF.speed, Rovers, pfile19, 74, 1290
IPC2002, FF.speed, Rovers, pfile20, 96, 4220
IPC2002, LPG, Rovers, pfile1, 11, 20
IPC2002, LPG, Rovers, pfile2, 9, 10
IPC2002, LPG, Rovers, pfile4, 11, 0
IPC2002, LPG, Rovers, pfile5, 24, 40
IPC2002, LPG, Rovers, pfile8, 30, 780
IPC2002, LPG, Rovers, pfile12, 22, 110
IPC2002, LPG, Rovers, pfile14, 34, 120
IPC2002, LPG, Rovers, pfile15, 44, 70
IPC2002, LPG, Rovers, pfile16, 45, 100
IPC2002, LPG, Rovers, pfile17, 55, 760
IPC2002, LPG, Rovers, pfile18, 46, 2330
IPC2002, LPG, Rovers, pfile20, 98, 800
IPC2002, LPG.quality, Rovers, pfile1, 11, 10
IPC2002, LPG.quality, Rovers, pfile2, 9, 0
IPC2002, LPG.quality, Rovers, pfile4, 11, 0
IPC2002, LPG.quality, Rovers, pfile5, 24, 40
IPC2002, LPG.quality, Rovers, pfile8, 29, 6790
IPC2002, LPG.quality, Rovers, pfile12, 21, 3700
IPC2002, LPG.quality, Rovers, pfile14, 33, 3110
IPC2002, LPG.quality, Rovers, pfile15, 43, 60
IPC2002, LPG.quality, Rovers, pfile16, 44, 6320
IPC2002, LPG.quality, Rovers, pfile17, 50, 43490
IPC2002, LPG.quality, Rovers, pfile18, 45, 71420
IPC2002, LPG.quality, Rovers, pfile20, 92, 105030
IPC2002, LPG.speed, Rovers, pfile1, 11, 10
IPC2002, LPG.speed, Rovers, pfile2, 9, 0
IPC2002, LPG.speed, Rovers, pfile4, 11, 0
IPC2002, LPG.speed, Rovers, pfile5, 26, 20
IPC2002, LPG.speed, Rovers, pfile8, 34, 30
IPC2002, LPG.speed, Rovers, pfile12, 26, 30
IPC2002, LPG.speed, Rovers, pfile14, 38, 30
IPC2002, LPG.speed, Rovers, pfile15, 44, 70
IPC2002, LPG.speed, Rovers, pfile16, 47, 60
IPC2002, LPG.speed, Rovers, pfile17, 57, 120
IPC2002, LPG.speed, Rovers, pfile18, 49, 180
IPC2002, LPG.speed, Rovers, pfile20, 98, 800
IPC2002, MIPS, Rovers, pfile1, 18, 59
IPC2002, MIPS, Rovers, pfile2, 9, 29
IPC2002, MIPS, Rovers, pfile3, 12, 29
IPC2002, MIPS, Rovers, pfile4, 8, 29
IPC2002, MIPS, Rovers, pfile5, 24, 40
IPC2002, MIPS, Rovers, pfile6, 39, 89
IPC2002, MIPS, Rovers, pfile7, 18, 40
IPC2002, MIPS, Rovers, pfile8, 33, 349
IPC2002, MIPS, Rovers, pfile9, 36, 17230
IPC2002, MIPS, Rovers, pfile10, 41, 149
IPC2002, MIPS, Rovers, pfile13, 53, 52450
IPC2002, MIPS, Rovers, pfile15, 51, 17969
IPC2002, MIPS.plain, Rovers, pfile1, 18, 70
IPC2002, MIPS.plain, Rovers, pfile2, 8, 29
IPC2002, MIPS.plain, Rovers, pfile3, 12, 40
IPC2002, MIPS.plain, Rovers, pfile4, 8, 20
IPC2002, MIPS.plain, Rovers, pfile5, 23, 50
IPC2002, MIPS.plain, Rovers, pfile6, 40, 149
IPC2002, MIPS.plain, Rovers, pfile7, 18, 40
IPC2002, MIPS.plain, Rovers, pfile8, 33, 939
IPC2002, MIPS.plain, Rovers, pfile9, 36, 45619
IPC2002, MIPS.plain, Rovers, pfile10, 41, 429
IPC2002, MIPS.plain, Rovers, pfile13, 55, 154719
IPC2002, SHOP2, Rovers, pfile1, 10, 30
IPC2002, SHOP2, Rovers, pfile2, 8, 20
IPC2002, SHOP2, Rovers, pfile3, 12, 30
IPC2002, SHOP2, Rovers, pfile4, 10, 20
IPC2002, SHOP2, Rovers, pfile5, 23, 110
IPC2002, SHOP2, Rovers, pfile6, 37, 200
IPC2002, SHOP2, Rovers, pfile7, 18, 110
IPC2002, SHOP2, Rovers, pfile8, 30, 240
IPC2002, SHOP2, Rovers, pfile9, 36, 270
IPC2002, SHOP2, Rovers, pfile10, 36, 410
IPC2002, SHOP2, Rovers, pfile11, 37, 270
IPC2002, SHOP2, Rovers, pfile12, 26, 250
IPC2002, SHOP2, Rovers, pfile13, 50, 670
IPC2002, SHOP2, Rovers, pfile14, 36, 490
IPC2002, SHOP2, Rovers, pfile15, 45, 470
IPC2002, SHOP2, Rovers, pfile16, 48, 600
IPC2002, SHOP2, Rovers, pfile17, 56, 1470
IPC2002, SHOP2, Rovers, pfile18, 53, 2340
IPC2002, SHOP2, Rovers, pfile19, 83, 5210
IPC2002, SHOP2, Rovers, pfile20, 104, 7080
IPC2002, Simplanner, Rovers, pfile4, 11, 9
IPC2002, Simplanner, Rovers, pfile5, 24, 19
IPC2002, Simplanner, Rovers, pfile12, 23, 39
IPC2002, Simplanner, Rovers, pfile14, 37, 129
IPC2002, Simplanner, Rovers, pfile15, 53, 160
IPC2002, Simplanner, Rovers, pfile16, 56, 160
IPC2002, Simplanner, Rovers, pfile17, 70, 430
IPC2002, Simplanner, Rovers, pfile18, 60, 460
IPC2002, Simplanner, Rovers, pfile20, 101, 11109
IPC2002, TALPlanner, Rovers, pfile1, 10, 50
IPC2002, TALPlanner, Rovers, pfile2, 8, 50
IPC2002, TALPlanner, Rovers, pfile3, 14, 30
IPC2002, TALPlanner, Rovers, pfile4, 9, 60
IPC2002, TALPlanner, Rovers, pfile5, 22, 60
IPC2002, TALPlanner, Rovers, pfile6, 57, 70
IPC2002, TALPlanner, Rovers, pfile7, 22, 50
IPC2002, TALPlanner, Rovers, pfile8, 34, 40
IPC2002, TALPlanner, Rovers, pfile9, 43, 70
IPC2002, TALPlanner, Rovers, pfile10, 49, 40
IPC2002, TALPlanner, Rovers, pfile11, 61, 70
IPC2002, TALPlanner, Rovers, pfile12, 27, 40
IPC2002, TALPlanner, Rovers, pfile13, 55, 40
IPC2002, TALPlanner, Rovers, pfile14, 42, 30
IPC2002, TALPlanner, Rovers, pfile15, 55, 30
IPC2002, TALPlanner, Rovers, pfile16, 61, 40
IPC2002, TALPlanner, Rovers, pfile17, 108, 90
IPC2002, TALPlanner, Rovers, pfile18, 82, 70
IPC2002, TALPlanner, Rovers, pfile19, 115, 120
IPC2002, TALPlanner, Rovers, pfile20, 124, 110
IPC2002, TLPlan, Rovers, pfile1, 11, 10
IPC2002, TLPlan, Rovers, pfile2, 9, 10
IPC2002, TLPlan, Rovers, pfile3, 15, 10
IPC2002, TLPlan, Rovers, pfile4, 10, 10
IPC2002, TLPlan, Rovers, pfile5, 24, 10
IPC2002, TLPlan, Rovers, pfile6, 39, 30
IPC2002, TLPlan, Rovers, pfile7, 21, 20
IPC2002, TLPlan, Rovers, pfile8, 29, 20
IPC2002, TLPlan, Rovers, pfile9, 35, 40
IPC2002, TLPlan, Rovers, pfile10, 39, 40
IPC2002, TLPlan, Rovers, pfile11, 36, 40
IPC2002, TLPlan, Rovers, pfile12, 22, 30
IPC2002, TLPlan, Rovers, pfile13, 49, 60
IPC2002, TLPlan, Rovers, pfile14, 32, 40
IPC2002, TLPlan, Rovers, pfile15, 44, 50
IPC2002, TLPlan, Rovers, pfile16, 45, 60
IPC2002, TLPlan, Rovers, pfile17, 55, 130
IPC2002, TLPlan, Rovers, pfile18, 45, 140
IPC2002, TLPlan, Rovers, pfile19, 74, 250
IPC2002, TLPlan, Rovers, pfile20, 89, 420
IPC2002, VHPOP, Rovers, pfile1, 12, 30
IPC2002, VHPOP, Rovers, pfile2, 8, 10
IPC2002, VHPOP, Rovers, pfile3, 13, 40
IPC2002, VHPOP, Rovers, pfile4, 10, 30
IPC2002, VHPOP, Rovers, pfile5, 25, 80
IPC2002, VHPOP, Rovers, pfile6, 41, 2500
IPC2002, VHPOP, Rovers, pfile7, 18, 770
IPC2002, VHPOP, Rovers, pfile8, 29, 320
IPC2002, VHPOP, Rovers, pfile9, 36, 1360
IPC2002, VHPOP, Rovers, pfile10, 35, 9870
IPC2002, VHPOP, Rovers, pfile11, 35, 3430
IPC2002, VHPOP, Rovers, pfile12, 23, 590
IPC2002, VHPOP, Rovers, pfile13, 48, 56260
IPC2002, VHPOP, Rovers, pfile14, 33, 3150
IPC2002, VHPOP, Rovers, pfile15, 43, 614020
IPC2002, VHPOP, Rovers, pfile16, 43, 83820
IPC2002, VHPOP, Rovers, pfile17, 51, 17430
IPC2002, VHPOP, Rovers, pfile18, 42, 55940
IPC2002, VHPOP, Rovers, pfile19, 70, 158970
IPC2002, VHPOP, Rovers, pfile20, 90, 934750
IPC2002, VHPOP, Rovers, upfile1, 24, 40
IPC2002, VHPOP, Rovers, upfile2, 43, 150
IPC2002, VHPOP, Rovers, upfile3, 59, 810
IPC2002, VHPOP, Rovers, upfile4, 47, 400
IPC2002, VHPOP, Rovers, upfile5, 32, 70
IPC2002, VHPOP, Rovers, upfile6, 24, 90
IPC2002, VHPOP, Rovers, upfile7, 45, 300
IPC2002, VHPOP, Rovers, upfile8, 64, 1220
IPC2002, VHPOP, Rovers, upfile9, 56, 1420
IPC2002, VHPOP, Rovers, upfile10, 109, 4180
IPC2002, VHPOP, Rovers, upfile11, 63, 2260
IPC2002, VHPOP, Rovers, upfile12, 70, 3020
IPC2002, VHPOP, Rovers, upfile13, 81, 5290
IPC2002, VHPOP, Rovers, upfile14, 127, 21190
IPC2002, VHPOP, Rovers, upfile15, 32, 500
IPC2002, VHPOP, Rovers, upfile16, 61, 1010
IPC2002, VHPOP, Rovers, upfile17, 98, 3570
IPC2002, VHPOP, Rovers, upfile18, 74, 9020
IPC2002, VHPOP, Rovers, upfile19, 56, 2960
IPC2002, VHPOP, Rovers, upfile20, 116, 12700
IPC2002, VHPOP, Rovers, upfile1, 27, 900
IPC2002, VHPOP, Rovers, upfile2, 47, 1770
IPC2002, VHPOP, Rovers, upfile3, 61, 1860
IPC2002, VHPOP, Rovers, upfile4, 53, 1770
IPC2002, VHPOP, Rovers, upfile5, 38, 1780
IPC2002, VHPOP, Rovers, upfile6, 34, 2380
IPC2002, VHPOP, Rovers, upfile7, 46, 3210
IPC2002, VHPOP, Rovers, upfile8, 73, 8970
IPC2002, VHPOP, Rovers, upfile9, 69, 6760
IPC2002, VHPOP, Rovers, upfile10, 125, 15050
IPC2002, VHPOP, Rovers, upfile11, 75, 7170
IPC2002, VHPOP, Rovers, upfile12, 87, 10890
IPC2002, VHPOP, Rovers, upfile13, 99, 18760
IPC2002, VHPOP, Rovers, upfile14, 131, 13500
IPC2002, VHPOP, Rovers, upfile15, 50, 7270
IPC2002, VHPOP, Rovers, upfile16, 83, 8290
IPC2002, VHPOP, Rovers, upfile17, 114, 11430
IPC2002, VHPOP, Rovers, upfile18, 100, 21060
IPC2002, VHPOP, Rovers, upfile19, 72, 31920
IPC2002, VHPOP, Rovers, upfile20, 140, 38740
IPC2002, VHPOP, Rovers, upfile1, 36, 60
IPC2002, VHPOP, Rovers, upfile2, 84, 90
IPC2002, VHPOP, Rovers, upfile3, 64, 70
IPC2002, VHPOP, Rovers, upfile4, 68, 80
IPC2002, VHPOP, Rovers, upfile5, 63, 60
IPC2002, VHPOP, Rovers, upfile6, 49, 70
IPC2002, VHPOP, Rovers, upfile7, 65, 70
IPC2002, VHPOP, Rovers, upfile8, 93, 70
IPC2002, VHPOP, Rovers, upfile9, 86, 90
IPC2002, VHPOP, Rovers, upfile10, 146, 170
IPC2002, VHPOP, Rovers, upfile11, 94, 90
IPC2002, VHPOP, Rovers, upfile12, 99, 90
IPC2002, VHPOP, Rovers, upfile13, 128, 130
IPC2002, VHPOP, Rovers, upfile14, 199, 160
IPC2002, VHPOP, Rovers, upfile15, 67, 60
IPC2002, VHPOP, Rovers, upfile16, 83, 80
IPC2002, VHPOP, Rovers, upfile17, 145, 130
IPC2002, VHPOP, Rovers, upfile18, 122, 150
IPC2002, VHPOP, Rovers, upfile19, 100, 140
IPC2002, VHPOP, Rovers, upfile20, 189, 180
IPC2002, VHPOP, Rovers, upfile1, 28, 60
IPC2002, VHPOP, Rovers, upfile2, 43, 120
IPC2002, VHPOP, Rovers, upfile3, 56, 150
IPC2002, VHPOP, Rovers, upfile4, 47, 100
IPC2002, VHPOP, Rovers, upfile5, 33, 110
IPC2002, VHPOP, Rovers, upfile6, 27, 130
IPC2002, VHPOP, Rovers, upfile7, 46, 190
IPC2002, VHPOP, Rovers, upfile8, 63, 420
IPC2002, VHPOP, Rovers, upfile9, 56, 410
IPC2002, VHPOP, Rovers, upfile10, 109, 750
IPC2002, VHPOP, Rovers, upfile11, 67, 380
IPC2002, VHPOP, Rovers, upfile12, 76, 490
IPC2002, VHPOP, Rovers, upfile13, 82, 790
IPC2002, VHPOP, Rovers, upfile14, 112, 810
IPC2002, VHPOP, Rovers, upfile15, 36, 430
IPC2002, VHPOP, Rovers, upfile16, 65, 550
IPC2002, VHPOP, Rovers, upfile17, 99, 810
IPC2002, VHPOP, Rovers, upfile18, 81, 1060
IPC2002, VHPOP, Rovers, upfile19, 64, 1140
IPC2002, VHPOP, Rovers, upfile20, 111, 1760
IPC2002, FF.quality, Satellite, pfile1, 9, 0
IPC2002, FF.quality, Satellite, pfile2, 13, 10
IPC2002, FF.quality, Satellite, pfile3, 12, 20
IPC2002, FF.quality, Satellite, pfile4, 18, 20
IPC2002, FF.quality, Satellite, pfile5, 16, 60
IPC2002, FF.quality, Satellite, pfile6, 20, 90
IPC2002, FF.quality, Satellite, pfile7, 22, 230
IPC2002, FF.quality, Satellite, pfile8, 27, 1290
IPC2002, FF.quality, Satellite, pfile9, 33, 2080
IPC2002, FF.quality, Satellite, pfile10, 31, 2120
IPC2002, FF.quality, Satellite, pfile11, 32, 7710
IPC2002, FF.quality, Satellite, pfile12, 43, 26870
IPC2002, FF.quality, Satellite, pfile13, 61, 119500
IPC2002, FF.quality, Satellite, pfile14, 43, 55740
IPC2002, FF.quality, Satellite, pfile15, 53, 368340
IPC2002, FF.quality, Satellite, pfile16, 48, 101550
IPC2002, FF.quality, Satellite, pfile17, 43, 378680
IPC2002, FF.quality, Satellite, pfile18, 35, 43390
IPC2002, FF.speed, Satellite, pfile1, 9, 0
IPC2002, FF.speed, Satellite, pfile2, 13, 0
IPC2002, FF.speed, Satellite, pfile3, 11, 10
IPC2002, FF.speed, Satellite, pfile4, 18, 10
IPC2002, FF.speed, Satellite, pfile5, 16, 10
IPC2002, FF.speed, Satellite, pfile6, 20, 10
IPC2002, FF.speed, Satellite, pfile7, 22, 20
IPC2002, FF.speed, Satellite, pfile8, 28, 20
IPC2002, FF.speed, Satellite, pfile9, 35, 40
IPC2002, FF.speed, Satellite, pfile10, 35, 40
IPC2002, FF.speed, Satellite, pfile11, 34, 80
IPC2002, FF.speed, Satellite, pfile12, 43, 160
IPC2002, FF.speed, Satellite, pfile13, 61, 710
IPC2002, FF.speed, Satellite, pfile14, 42, 210
IPC2002, FF.speed, Satellite, pfile15, 52, 710
IPC2002, FF.speed, Satellite, pfile16, 53, 1000
IPC2002, FF.speed, Satellite, pfile17, 48, 1000
IPC2002, FF.speed, Satellite, pfile18, 35, 140
IPC2002, FF.speed, Satellite, pfile19, 73, 760
IPC2002, FF.speed, Satellite, pfile20, 107, 13760
IPC2002, LPG, Satellite, pfile1, 9, 10
IPC2002, LPG, Satellite, pfile2, 14, 210
IPC2002, LPG, Satellite, pfile3, 11, 0
IPC2002, LPG, Satellite, pfile4, 20, 20
IPC2002, LPG, Satellite, pfile5, 16, 10
IPC2002, LPG, Satellite, pfile6, 20, 30
IPC2002, LPG, Satellite, pfile7, 22, 30
IPC2002, LPG, Satellite, pfile8, 26, 50
IPC2002, LPG, Satellite, pfile9, 31, 60
IPC2002, LPG, Satellite, pfile10, 31, 160
IPC2002, LPG, Satellite, pfile11, 33, 330
IPC2002, LPG, Satellite, pfile12, 47, 230
IPC2002, LPG, Satellite, pfile13, 63, 570
IPC2002, LPG, Satellite, pfile14, 43, 1500
IPC2002, LPG, Satellite, pfile15, 49, 1400
IPC2002, LPG, Satellite, pfile16, 52, 910
IPC2002, LPG, Satellite, pfile17, 46, 820
IPC2002, LPG, Satellite, pfile18, 33, 380
IPC2002, LPG, Satellite, pfile19, 77, 450
IPC2002, LPG, Satellite, pfile20, 115, 1010
IPC2002, LPG.quality, Satellite, pfile1, 9, 10
IPC2002, LPG.quality, Satellite, pfile2, 13, 10
IPC2002, LPG.quality, Satellite, pfile3, 11, 0
IPC2002, LPG.quality, Satellite, pfile4, 18, 1270
IPC2002, LPG.quality, Satellite, pfile5, 16, 10
IPC2002, LPG.quality, Satellite, pfile6, 20, 30
IPC2002, LPG.quality, Satellite, pfile7, 21, 33950
IPC2002, LPG.quality, Satellite, pfile8, 26, 50
IPC2002, LPG.quality, Satellite, pfile9, 30, 31510
IPC2002, LPG.quality, Satellite, pfile10, 30, 5750
IPC2002, LPG.quality, Satellite, pfile11, 32, 1240
IPC2002, LPG.quality, Satellite, pfile12, 43, 290
IPC2002, LPG.quality, Satellite, pfile13, 61, 710
IPC2002, LPG.quality, Satellite, pfile14, 42, 3110
IPC2002, LPG.quality, Satellite, pfile15, 48, 135170
IPC2002, LPG.quality, Satellite, pfile16, 51, 560
IPC2002, LPG.quality, Satellite, pfile17, 43, 13620
IPC2002, LPG.quality, Satellite, pfile18, 32, 250
IPC2002, LPG.quality, Satellite, pfile19, 75, 600
IPC2002, LPG.quality, Satellite, pfile20, 110, 1150
IPC2002, LPG.speed, Satellite, pfile1, 9, 10
IPC2002, LPG.speed, Satellite, pfile2, 13, 10
IPC2002, LPG.speed, Satellite, pfile3, 11, 0
IPC2002, LPG.speed, Satellite, pfile4, 21, 10
IPC2002, LPG.speed, Satellite, pfile5, 17, 30
IPC2002, LPG.speed, Satellite, pfile6, 20, 30
IPC2002, LPG.speed, Satellite, pfile7, 22, 50
IPC2002, LPG.speed, Satellite, pfile8, 26, 50
IPC2002, LPG.speed, Satellite, pfile9, 31, 60
IPC2002, LPG.speed, Satellite, pfile10, 34, 80
IPC2002, LPG.speed, Satellite, pfile11, 36, 120
IPC2002, LPG.speed, Satellite, pfile12, 47, 220
IPC2002, LPG.speed, Satellite, pfile13, 64, 440
IPC2002, LPG.speed, Satellite, pfile14, 45, 280
IPC2002, LPG.speed, Satellite, pfile15, 49, 410
IPC2002, LPG.speed, Satellite, pfile16, 51, 560
IPC2002, LPG.speed, Satellite, pfile17, 49, 670
IPC2002, LPG.speed, Satellite, pfile18, 35, 210
IPC2002, LPG.speed, Satellite, pfile19, 80, 360
IPC2002, LPG.speed, Satellite, pfile20, 116, 460
IPC2002, MIPS, Satellite, pfile1, 9, 250
IPC2002, MIPS, Satellite, pfile2, 13, 260
IPC2002, MIPS, Satellite, pfile3, 11, 270
IPC2002, MIPS, Satellite, pfile4, 18, 270
IPC2002, MIPS, Satellite, pfile5, 16, 299
IPC2002, MIPS, Satellite, pfile6, 21, 450
IPC2002, MIPS, Satellite, pfile7, 23, 429
IPC2002, MIPS, Satellite, pfile8, 27, 3520
IPC2002, MIPS, Satellite, pfile9, 35, 24039
IPC2002, MIPS, Satellite, pfile10, 35, 93409
IPC2002, MIPS, Satellite, pfile11, 35, 11960
IPC2002, MIPS, Satellite, pfile13, 60, 93450
IPC2002, MIPS, Satellite, pfile14, 44, 75549
IPC2002, MIPS, Satellite, pfile15, 50, 139479
IPC2002, MIPS.plain, Satellite, pfile1, 9, 40
IPC2002, MIPS.plain, Satellite, pfile2, 13, 29
IPC2002, MIPS.plain, Satellite, pfile3, 11, 40
IPC2002, MIPS.plain, Satellite, pfile4, 18, 29
IPC2002, MIPS.plain, Satellite, pfile5, 16, 59
IPC2002, MIPS.plain, Satellite, pfile6, 21, 209
IPC2002, MIPS.plain, Satellite, pfile7, 23, 170
IPC2002, MIPS.plain, Satellite, pfile8, 27, 4160
IPC2002, MIPS.plain, Satellite, pfile9, 35, 23410
IPC2002, MIPS.plain, Satellite, pfile10, 35, 95560
IPC2002, MIPS.plain, Satellite, pfile11, 35, 11679
IPC2002, MIPS.plain, Satellite, pfile13, 60, 93189
IPC2002, MIPS.plain, Satellite, pfile14, 44, 77810
IPC2002, MIPS.plain, Satellite, pfile15, 50, 139969
IPC2002, MIPS.plain, Satellite, pfile19, 69, 516320
IPC2002, SHOP2, Satellite, pfile1, 9, 10
IPC2002, SHOP2, Satellite, pfile2, 13, 10
IPC2002, SHOP2, Satellite, pfile3, 14, 0
IPC2002, SHOP2, Satellite, pfile4, 21, 0
IPC2002, SHOP2, Satellite, pfile5, 20, 0
IPC2002, SHOP2, Satellite, pfile6, 23, 0
IPC2002, SHOP2, Satellite, pfile7, 25, 10
IPC2002, SHOP2, Satellite, pfile8, 31, 10
IPC2002, SHOP2, Satellite, pfile9, 35, 20
IPC2002, SHOP2, Satellite, pfile10, 37, 20
IPC2002, SHOP2, Satellite, pfile11, 40, 10
IPC2002, SHOP2, Satellite, pfile12, 46, 20
IPC2002, SHOP2, Satellite, pfile13, 65, 30
IPC2002, SHOP2, Satellite, pfile14, 45, 20
IPC2002, SHOP2, Satellite, pfile15, 56, 30
IPC2002, SHOP2, Satellite, pfile16, 57, 60
IPC2002, SHOP2, Satellite, pfile17, 52, 40
IPC2002, SHOP2, Satellite, pfile18, 38, 20
IPC2002, SHOP2, Satellite, pfile19, 73, 60
IPC2002, SHOP2, Satellite, pfile20, 106, 110
IPC2002, SemSyn, Satellite, pfile1, 9, 5
IPC2002, SemSyn, Satellite, pfile2, 13, 255
IPC2002, Simplanner, Satellite, pfile1, 9, 0
IPC2002, Simplanner, Satellite, pfile2, 14, 9
IPC2002, Simplanner, Satellite, pfile4, 21, 59
IPC2002, Simplanner, Satellite, pfile6, 24, 29
IPC2002, Simplanner, Satellite, pfile7, 24, 39
IPC2002, Simplanner, Satellite, pfile9, 41, 100
IPC2002, Simplanner, Satellite, pfile10, 40, 129
IPC2002, Simplanner, Satellite, pfile11, 36, 199
IPC2002, Simplanner, Satellite, pfile12, 52, 930
IPC2002, Simplanner, Satellite, pfile13, 75, 2639
IPC2002, Simplanner, Satellite, pfile14, 46, 1150
IPC2002, Simplanner, Satellite, pfile15, 58, 2139
IPC2002, Simplanner, Satellite, pfile16, 53, 2770
IPC2002, Simplanner, Satellite, pfile17, 57, 3829
IPC2002, Simplanner, Satellite, pfile18, 40, 709
IPC2002, Simplanner, Satellite, pfile19, 90, 5379
IPC2002, Simplanner, Satellite, pfile20, 111, 17999
IPC2002, Stella, Satellite, pfile1, 9, 429
IPC2002, Stella, Satellite, pfile2, 13, 649
IPC2002, Stella, Satellite, pfile4, 18, 1960
IPC2002, Stella, Satellite, pfile5, 19, 2180
IPC2002, Stella, Satellite, pfile6, 26, 1179
IPC2002, Stella, Satellite, pfile7, 26, 3029
IPC2002, Stella, Satellite, pfile9, 31, 2859
IPC2002, Stella, Satellite, pfile10, 48, 9169
IPC2002, Stella, Satellite, pfile12, 71, 53939
IPC2002, Stella, Satellite, pfile13, 84, 93269
IPC2002, Stella, Satellite, pfile14, 51, 38040
IPC2002, Stella, Satellite, pfile15, 56, 47409
IPC2002, Stella, Satellite, pfile16, 74, 175299
IPC2002, Stella, Satellite, pfile17, 70, 136760
IPC2002, TALPlanner, Satellite, pfile1, 9, 40
IPC2002, TALPlanner, Satellite, pfile2, 13, 50
IPC2002, TALPlanner, Satellite, pfile3, 15, 50
IPC2002, TALPlanner, Satellite, pfile4, 18, 50
IPC2002, TALPlanner, Satellite, pfile5, 23, 50
IPC2002, TALPlanner, Satellite, pfile6, 24, 80
IPC2002, TALPlanner, Satellite, pfile7, 30, 90
IPC2002, TALPlanner, Satellite, pfile8, 33, 70
IPC2002, TALPlanner, Satellite, pfile9, 35, 80
IPC2002, TALPlanner, Satellite, pfile10, 41, 150
IPC2002, TALPlanner, Satellite, pfile11, 35, 100
IPC2002, TALPlanner, Satellite, pfile12, 58, 210
IPC2002, TALPlanner, Satellite, pfile13, 64, 260
IPC2002, TALPlanner, Satellite, pfile14, 50, 140
IPC2002, TALPlanner, Satellite, pfile15, 62, 200
IPC2002, TALPlanner, Satellite, pfile16, 62, 120
IPC2002, TALPlanner, Satellite, pfile17, 52, 120
IPC2002, TALPlanner, Satellite, pfile18, 36, 90
IPC2002, TALPlanner, Satellite, pfile19, 77, 100
IPC2002, TALPlanner, Satellite, pfile20, 100, 140
IPC2002, TLPlan, Satellite, pfile1, 9, 0
IPC2002, TLPlan, Satellite, pfile2, 13, 0
IPC2002, TLPlan, Satellite, pfile3, 12, 0
IPC2002, TLPlan, Satellite, pfile4, 21, 10
IPC2002, TLPlan, Satellite, pfile5, 16, 0
IPC2002, TLPlan, Satellite, pfile6, 20, 10
IPC2002, TLPlan, Satellite, pfile7, 28, 10
IPC2002, TLPlan, Satellite, pfile8, 29, 10
IPC2002, TLPlan, Satellite, pfile9, 32, 10
IPC2002, TLPlan, Satellite, pfile10, 34, 10
IPC2002, TLPlan, Satellite, pfile11, 36, 10
IPC2002, TLPlan, Satellite, pfile12, 43, 10
IPC2002, TLPlan, Satellite, pfile13, 60, 20
IPC2002, TLPlan, Satellite, pfile14, 47, 10
IPC2002, TLPlan, Satellite, pfile15, 51, 20
IPC2002, TLPlan, Satellite, pfile16, 51, 20
IPC2002, TLPlan, Satellite, pfile17, 49, 30
IPC2002, TLPlan, Satellite, pfile18, 35, 0
IPC2002, TLPlan, Satellite, pfile19, 70, 30
IPC2002, TLPlan, Satellite, pfile20, 97, 50
IPC2002, VHPOP, Satellite, pfile1, 9, 0
IPC2002, VHPOP, Satellite, pfile2, 13, 10
IPC2002, VHPOP, Satellite, pfile3, 11, 10
IPC2002, VHPOP, Satellite, pfile4, 22, 110
IPC2002, VHPOP, Satellite, pfile5, 16, 90
IPC2002, VHPOP, Satellite, pfile6, 21, 360
IPC2002, VHPOP, Satellite, pfile7, 25, 160
IPC2002, VHPOP, Satellite, pfile8, 29, 560
IPC2002, VHPOP, Satellite, pfile10, 37, 1340
IPC2002, VHPOP, Satellite, pfile11, 33, 1370
IPC2002, VHPOP, Satellite, pfile12, 47, 3890
IPC2002, VHPOP, Satellite, pfile13, 64, 10570
IPC2002, VHPOP, Satellite, pfile14, 41, 3760
IPC2002, VHPOP, Satellite, pfile15, 50, 149750
IPC2002, VHPOP, Satellite, pfile16, 52, 7270
IPC2002, VHPOP, Satellite, pfile17, 43, 5200
IPC2002, VHPOP, Satellite, pfile18, 32, 1680
IPC2002, VHPOP, Satellite, upfile1, 77, 1300
IPC2002, VHPOP, Satellite, upfile2, 92, 2410
IPC2002, VHPOP, Satellite, upfile3, 107, 5700
IPC2002, VHPOP, Satellite, upfile4, 141, 17370
IPC2002, VHPOP, Satellite, upfile5, 133, 20970
IPC2002, VHPOP, Satellite, upfile6, 144, 21990
IPC2002, VHPOP, Satellite, upfile7, 138, 20750
IPC2002, VHPOP, Satellite, upfile8, 200, 50520
IPC2002, VHPOP, Satellite, upfile9, 195, 171330
IPC2002, VHPOP, Satellite, upfile10, 235, 229560
IPC2002, VHPOP, Satellite, upfile11, 274, 388730
IPC2002, VHPOP, Satellite, upfile12, 371, 983520
IPC2002, VHPOP, Satellite, upfile13, 473, 2241350
IPC2002, VHPOP, Satellite, upfile14, 291, 197460
IPC2002, VHPOP, Satellite, upfile15, 382, 446640
IPC2002, VHPOP, Satellite, upfile16, 365, 281510
IPC2002, VHPOP, Satellite, upfile1, 77, 120
IPC2002, VHPOP, Satellite, upfile2, 97, 110
IPC2002, VHPOP, Satellite, upfile3, 107, 220
IPC2002, VHPOP, Satellite, upfile4, 145, 420
IPC2002, VHPOP, Satellite, upfile5, 130, 490
IPC2002, VHPOP, Satellite, upfile6, 144, 390
IPC2002, VHPOP, Satellite, upfile7, 140, 320
IPC2002, VHPOP, Satellite, upfile8, 199, 910
IPC2002, VHPOP, Satellite, upfile9, 195, 610
IPC2002, VHPOP, Satellite, upfile10, 237, 1080
IPC2002, VHPOP, Satellite, upfile11, 278, 2080
IPC2002, VHPOP, Satellite, upfile12, 372, 2470
IPC2002, VHPOP, Satellite, upfile13, 472, 5260
IPC2002, VHPOP, Satellite, upfile14, 293, 360
IPC2002, VHPOP, Satellite, upfile15, 383, 1300
IPC2002, VHPOP, Satellite, upfile16, 368, 1840
IPC2002, VHPOP, Satellite, upfile1, 87, 170
IPC2002, VHPOP, Satellite, upfile2, 95, 120
IPC2002, VHPOP, Satellite, upfile3, 110, 110
IPC2002, VHPOP, Satellite, upfile4, 160, 140
IPC2002, VHPOP, Satellite, upfile5, 151, 110
IPC2002, VHPOP, Satellite, upfile6, 152, 130
IPC2002, VHPOP, Satellite, upfile7, 142, 180
IPC2002, VHPOP, Satellite, upfile8, 203, 230
IPC2002, VHPOP, Satellite, upfile9, 195, 350
IPC2002, VHPOP, Satellite, upfile10, 246, 370
IPC2002, VHPOP, Satellite, upfile11, 306, 380
IPC2002, VHPOP, Satellite, upfile12, 389, 960
IPC2002, VHPOP, Satellite, upfile13, 495, 1090
IPC2002, VHPOP, Satellite, upfile14, 288, 680
IPC2002, VHPOP, Satellite, upfile15, 402, 710
IPC2002, VHPOP, Satellite, upfile16, 378, 640
IPC2002, VHPOP, Satellite, upfile1, 74, 30
IPC2002, VHPOP, Satellite, upfile2, 97, 50
IPC2002, VHPOP, Satellite, upfile3, 103, 80
IPC2002, VHPOP, Satellite, upfile4, 139, 130
IPC2002, VHPOP, Satellite, upfile5, 127, 110
IPC2002, VHPOP, Satellite, upfile6, 138, 150
IPC2002, VHPOP, Satellite, upfile7, 137, 160
IPC2002, VHPOP, Satellite, upfile8, 193, 260
IPC2002, VHPOP, Satellite, upfile9, 192, 620
IPC2002, VHPOP, Satellite, upfile10, 231, 750
IPC2002, VHPOP, Satellite, upfile11, 272, 1010
IPC2002, VHPOP, Satellite, upfile12, 369, 1960
IPC2002, VHPOP, Satellite, upfile13, 466, 3530
IPC2002, VHPOP, Satellite, upfile14, 290, 720
IPC2002, VHPOP, Satellite, upfile15, 383, 1560
IPC2002, VHPOP, Satellite, upfile16, 362, 1470
IPC2002, FF.quality, ZenoTravel, pfile1, 1, 0
IPC2002, FF.quality, ZenoTravel, pfile2, 6, 10
IPC2002, FF.quality, ZenoTravel, pfile3, 6, 20
IPC2002, FF.quality, ZenoTravel, pfile4, 8, 10
IPC2002, FF.quality, ZenoTravel, pfile5, 11, 20
IPC2002, FF.quality, ZenoTravel, pfile6, 13, 40
IPC2002, FF.quality, ZenoTravel, pfile7, 18, 30
IPC2002, FF.quality, ZenoTravel, pfile8, 17, 90
IPC2002, FF.quality, ZenoTravel, pfile9, 26, 130
IPC2002, FF.quality, ZenoTravel, pfile10, 27, 120
IPC2002, FF.quality, ZenoTravel, pfile11, 16, 320
IPC2002, FF.quality, ZenoTravel, pfile12, 23, 370
IPC2002, FF.quality, ZenoTravel, pfile13, 30, 470
IPC2002, FF.quality, ZenoTravel, pfile14, 32, 25130
IPC2002, FF.quality, ZenoTravel, pfile15, 44, 180200
IPC2002, FF.quality, ZenoTravel, pfile16, 47, 71440
IPC2002, FF.quality, ZenoTravel, pfile17, 80, 209000
IPC2002, FF.quality, ZenoTravel, pfile18, 73, 103130
IPC2002, FF.quality, ZenoTravel, pfile19, 100, 352560
IPC2002, FF.quality, ZenoTravel, pfile20, 105, 1073350
IPC2002, FF.speed, ZenoTravel, pfile1, 1, 0
IPC2002, FF.speed, ZenoTravel, pfile2, 6, 0
IPC2002, FF.speed, ZenoTravel, pfile3, 6, 0
IPC2002, FF.speed, ZenoTravel, pfile4, 11, 20
IPC2002, FF.speed, ZenoTravel, pfile5, 11, 10
IPC2002, FF.speed, ZenoTravel, pfile6, 12, 0
IPC2002, FF.speed, ZenoTravel, pfile7, 16, 10
IPC2002, FF.speed, ZenoTravel, pfile8, 12, 10
IPC2002, FF.speed, ZenoTravel, pfile9, 24, 20
IPC2002, FF.speed, ZenoTravel, pfile10, 24, 10
IPC2002, FF.speed, ZenoTravel, pfile11, 14, 30
IPC2002, FF.speed, ZenoTravel, pfile12, 23, 20
IPC2002, FF.speed, ZenoTravel, pfile13, 28, 30
IPC2002, FF.speed, ZenoTravel, pfile14, 34, 390
IPC2002, FF.speed, ZenoTravel, pfile15, 41, 790
IPC2002, FF.speed, ZenoTravel, pfile16, 45, 820
IPC2002, FF.speed, ZenoTravel, pfile17, 69, 2820
IPC2002, FF.speed, ZenoTravel, pfile18, 62, 2760
IPC2002, FF.speed, ZenoTravel, pfile19, 83, 8470
IPC2002, FF.speed, ZenoTravel, pfile20, 90, 8080
IPC2002, LPG, ZenoTravel, pfile1, 1, 10
IPC2002, LPG, ZenoTravel, pfile2, 6, 270
IPC2002, LPG, ZenoTravel, pfile3, 6, 20
IPC2002, LPG, ZenoTravel, pfile4, 11, 50
IPC2002, LPG, ZenoTravel, pfile5, 11, 30
IPC2002, LPG, ZenoTravel, pfile6, 12, 80
IPC2002, LPG, ZenoTravel, pfile7, 16, 1890
IPC2002, LPG, ZenoTravel, pfile8, 12, 90
IPC2002, LPG, ZenoTravel, pfile9, 29, 8840
IPC2002, LPG, ZenoTravel, pfile10, 32, 650
IPC2002, LPG, ZenoTravel, pfile11, 19, 200
IPC2002, LPG, ZenoTravel, pfile12, 35, 1720
IPC2002, LPG, ZenoTravel, pfile13, 38, 2600
IPC2002, LPG, ZenoTravel, pfile14, 45, 4530
IPC2002, LPG, ZenoTravel, pfile15, 67, 16740
IPC2002, LPG, ZenoTravel, pfile16, 63, 16100
IPC2002, LPG, ZenoTravel, pfile17, 98, 71590
IPC2002, LPG, ZenoTravel, pfile18, 91, 93890
IPC2002, LPG, ZenoTravel, pfile19, 113, 178440
IPC2002, LPG, ZenoTravel, pfile20, 126, 427950
IPC2002, LPG.quality, ZenoTravel, pfile1, 1, 10
IPC2002, LPG.quality, ZenoTravel, pfile2, 6, 100
IPC2002, LPG.quality, ZenoTravel, pfile3, 6, 20
IPC2002, LPG.quality, ZenoTravel, pfile4, 8, 590
IPC2002, LPG.quality, ZenoTravel, pfile5, 11, 30
IPC2002, LPG.quality, ZenoTravel, pfile6, 12, 80
IPC2002, LPG.quality, ZenoTravel, pfile7, 15, 360160
IPC2002, LPG.quality, ZenoTravel, pfile8, 12, 60
IPC2002, LPG.quality, ZenoTravel, pfile9, 23, 67480
IPC2002, LPG.quality, ZenoTravel, pfile10, 30, 530140
IPC2002, LPG.quality, ZenoTravel, pfile11, 15, 120
IPC2002, LPG.quality, ZenoTravel, pfile12, 33, 78400
IPC2002, LPG.quality, ZenoTravel, pfile13, 38, 459290
IPC2002, LPG.quality, ZenoTravel, pfile14, 34, 273210
IPC2002, LPG.quality, ZenoTravel, pfile15, 54, 439000
IPC2002, LPG.quality, ZenoTravel, pfile16, 63, 16100
IPC2002, LPG.quality, ZenoTravel, pfile17, 96, 367160
IPC2002, LPG.quality, ZenoTravel, pfile18, 91, 93890
IPC2002, LPG.quality, ZenoTravel, pfile19, 113, 178440
IPC2002, LPG.quality, ZenoTravel, pfile20, 126, 427950
IPC2002, LPG.speed, ZenoTravel, pfile1, 1, 10
IPC2002, LPG.speed, ZenoTravel, pfile2, 7, 20
IPC2002, LPG.speed, ZenoTravel, pfile3, 6, 20
IPC2002, LPG.speed, ZenoTravel, pfile4, 11, 20
IPC2002, LPG.speed, ZenoTravel, pfile5, 14, 20
IPC2002, LPG.speed, ZenoTravel, pfile6, 13, 30
IPC2002, LPG.speed, ZenoTravel, pfile7, 18, 50
IPC2002, LPG.speed, ZenoTravel, pfile8, 13, 70
IPC2002, LPG.speed, ZenoTravel, pfile9, 25, 200
IPC2002, LPG.speed, ZenoTravel, pfile10, 38, 230
IPC2002, LPG.speed, ZenoTravel, pfile11, 15, 120
IPC2002, LPG.speed, ZenoTravel, pfile12, 37, 450
IPC2002, LPG.speed, ZenoTravel, pfile13, 57, 1770
IPC2002, LPG.speed, ZenoTravel, pfile14, 45, 4530
IPC2002, LPG.speed, ZenoTravel, pfile15, 63, 14810
IPC2002, LPG.speed, ZenoTravel, pfile16, 63, 16100
IPC2002, LPG.speed, ZenoTravel, pfile17, 98, 71590
IPC2002, LPG.speed, ZenoTravel, pfile18, 91, 93890
IPC2002, LPG.speed, ZenoTravel, pfile19, 113, 178440
IPC2002, LPG.speed, ZenoTravel, pfile20, 126, 427950
IPC2002, MIPS, ZenoTravel, pfile1, 1, 70
IPC2002, MIPS, ZenoTravel, pfile2, 6, 59
IPC2002, MIPS, ZenoTravel, pfile3, 9, 89
IPC2002, MIPS, ZenoTravel, pfile4, 10, 80
IPC2002, MIPS, ZenoTravel, pfile5, 16, 130
IPC2002, MIPS, ZenoTravel, pfile6, 15, 369
IPC2002, MIPS, ZenoTravel, pfile7, 16, 110
IPC2002, MIPS, ZenoTravel, pfile8, 12, 280
IPC2002, MIPS, ZenoTravel, pfile9, 25, 760
IPC2002, MIPS, ZenoTravel, pfile10, 32, 340
IPC2002, MIPS, ZenoTravel, pfile11, 18, 1159
IPC2002, MIPS, ZenoTravel, pfile12, 26, 2459
IPC2002, MIPS, ZenoTravel, pfile13, 33, 3350
IPC2002, MIPS, ZenoTravel, pfile14, 41, 89730
IPC2002, MIPS, ZenoTravel, pfile15, 54, 218159
IPC2002, MIPS, ZenoTravel, pfile18, 79, 379110
IPC2002, MIPS.plain, ZenoTravel, pfile1, 1, 20
IPC2002, MIPS.plain, ZenoTravel, pfile2, 6, 20
IPC2002, MIPS.plain, ZenoTravel, pfile3, 9, 29
IPC2002, MIPS.plain, ZenoTravel, pfile4, 10, 59
IPC2002, MIPS.plain, ZenoTravel, pfile5, 16, 130
IPC2002, MIPS.plain, ZenoTravel, pfile6, 15, 230
IPC2002, MIPS.plain, ZenoTravel, pfile7, 16, 40
IPC2002, MIPS.plain, ZenoTravel, pfile8, 12, 440
IPC2002, MIPS.plain, ZenoTravel, pfile9, 25, 1520
IPC2002, MIPS.plain, ZenoTravel, pfile10, 31, 650
IPC2002, MIPS.plain, ZenoTravel, pfile11, 18, 1879
IPC2002, MIPS.plain, ZenoTravel, pfile12, 28, 3109
IPC2002, MIPS.plain, ZenoTravel, pfile13, 36, 3049
IPC2002, MIPS.plain, ZenoTravel, pfile14, 40, 83000
IPC2002, MIPS.plain, ZenoTravel, pfile15, 53, 341879
IPC2002, MIPS.plain, ZenoTravel, pfile17, 80, 281500
IPC2002, MIPS.plain, ZenoTravel, pfile18, 79, 1622000
IPC2002, SHOP2, ZenoTravel, pfile1, 1, 0
IPC2002, SHOP2, ZenoTravel, pfile2, 6, 0
IPC2002, SHOP2, ZenoTravel, pfile3, 8, 10
IPC2002, SHOP2, ZenoTravel, pfile4, 13, 10
IPC2002, SHOP2, ZenoTravel, pfile5, 17, 10
IPC2002, SHOP2, ZenoTravel, pfile6, 12, 10
IPC2002, SHOP2, ZenoTravel, pfile7, 18, 10
IPC2002, SHOP2, ZenoTravel, pfile8, 16, 10
IPC2002, SHOP2, ZenoTravel, pfile9, 30, 10
IPC2002, SHOP2, ZenoTravel, pfile10, 28, 10
IPC2002, SHOP2, ZenoTravel, pfile11, 16, 0
IPC2002, SHOP2, ZenoTravel, pfile12, 23, 10
IPC2002, SHOP2, ZenoTravel, pfile13, 30, 10
IPC2002, SHOP2, ZenoTravel, pfile14, 39, 20
IPC2002, SHOP2, ZenoTravel, pfile15, 48, 40
IPC2002, SHOP2, ZenoTravel, pfile16, 51, 30
IPC2002, SHOP2, ZenoTravel, pfile17, 83, 90
IPC2002, SHOP2, ZenoTravel, pfile18, 84, 100
IPC2002, SHOP2, ZenoTravel, pfile19, 102, 200
IPC2002, SHOP2, ZenoTravel, pfile20, 109, 170
IPC2002, SemSyn, ZenoTravel, pfile1, 1, 7
IPC2002, Simplanner, ZenoTravel, pfile1, 1, 0
IPC2002, Simplanner, ZenoTravel, pfile2, 6, 170
IPC2002, Simplanner, ZenoTravel, pfile3, 11, 19
IPC2002, Simplanner, ZenoTravel, pfile4, 12, 9
IPC2002, Simplanner, ZenoTravel, pfile5, 12, 9
IPC2002, Simplanner, ZenoTravel, pfile6, 24, 29
IPC2002, Simplanner, ZenoTravel, pfile7, 28, 230
IPC2002, Simplanner, ZenoTravel, pfile8, 16, 139
IPC2002, Simplanner, ZenoTravel, pfile9, 32, 90
IPC2002, Simplanner, ZenoTravel, pfile10, 28, 90
IPC2002, Simplanner, ZenoTravel, pfile11, 16, 49
IPC2002, Simplanner, ZenoTravel, pfile12, 26, 69
IPC2002, Simplanner, ZenoTravel, pfile13, 29, 129
IPC2002, Simplanner, ZenoTravel, pfile14, 38, 3809
IPC2002, Simplanner, ZenoTravel, pfile15, 83, 92299
IPC2002, Simplanner, ZenoTravel, pfile16, 84, 114379
IPC2002, Simplanner, ZenoTravel, pfile17, 89, 351989
IPC2002, Simplanner, ZenoTravel, pfile18, 117, 1007099
IPC2002, Simplanner, ZenoTravel, pfile19, 105, 1154469
IPC2002, Simplanner, ZenoTravel, pfile20, 129, 2796099
IPC2002, Stella, ZenoTravel, pfile1, 1, 70
IPC2002, Stella, ZenoTravel, pfile2, 9, 449
IPC2002, Stella, ZenoTravel, pfile3, 6, 689
IPC2002, Stella, ZenoTravel, pfile4, 13, 1319
IPC2002, Stella, ZenoTravel, pfile5, 15, 1659
IPC2002, Stella, ZenoTravel, pfile6, 15, 1279
IPC2002, Stella, ZenoTravel, pfile7, 16, 659
IPC2002, Stella, ZenoTravel, pfile8, 15, 1220
IPC2002, Stella, ZenoTravel, pfile9, 32, 2440
IPC2002, Stella, ZenoTravel, pfile10, 31, 1870
IPC2002, Stella, ZenoTravel, pfile11, 18, 1799
IPC2002, Stella, ZenoTravel, pfile12, 28, 2490
IPC2002, Stella, ZenoTravel, pfile13, 35, 2460
IPC2002, Stella, ZenoTravel, pfile14, 41, 12739
IPC2002, Stella, ZenoTravel, pfile15, 61, 55260
IPC2002, Stella, ZenoTravel, pfile16, 65, 118000
IPC2002, Stella, ZenoTravel, pfile19, 117, 1292349
IPC2002, Stella, ZenoTravel, pfile20, 148, 2101240
IPC2002, TALPlanner, ZenoTravel, pfile1, 1, 40
IPC2002, TALPlanner, ZenoTravel, pfile2, 6, 30
IPC2002, TALPlanner, ZenoTravel, pfile3, 6, 40
IPC2002, TALPlanner, ZenoTravel, pfile4, 9, 20
IPC2002, TALPlanner, ZenoTravel, pfile5, 12, 30
IPC2002, TALPlanner, ZenoTravel, pfile6, 12, 40
IPC2002, TALPlanner, ZenoTravel, pfile7, 17, 20
IPC2002, TALPlanner, ZenoTravel, pfile8, 15, 30
IPC2002, TALPlanner, ZenoTravel, pfile9, 25, 30
IPC2002, TALPlanner, ZenoTravel, pfile10, 25, 20
IPC2002, TALPlanner, ZenoTravel, pfile11, 16, 30
IPC2002, TALPlanner, ZenoTravel, pfile12, 23, 20
IPC2002, TALPlanner, ZenoTravel, pfile13, 29, 20
IPC2002, TALPlanner, ZenoTravel, pfile14, 35, 50
IPC2002, TALPlanner, ZenoTravel, pfile15, 46, 50
IPC2002, TALPlanner, ZenoTravel, pfile16, 46, 30
IPC2002, TALPlanner, ZenoTravel, pfile17, 73, 50
IPC2002, TALPlanner, ZenoTravel, pfile18, 80, 40
IPC2002, TALPlanner, ZenoTravel, pfile19, 94, 50
IPC2002, TALPlanner, ZenoTravel, pfile20, 108, 40
IPC2002, TLPlan, ZenoTravel, pfile1, 1, 0
IPC2002, TLPlan, ZenoTravel, pfile2, 6, 10
IPC2002, TLPlan, ZenoTravel, pfile3, 6, 0
IPC2002, TLPlan, ZenoTravel, pfile4, 8, 0
IPC2002, TLPlan, ZenoTravel, pfile5, 12, 10
IPC2002, TLPlan, ZenoTravel, pfile6, 14, 0
IPC2002, TLPlan, ZenoTravel, pfile7, 16, 0
IPC2002, TLPlan, ZenoTravel, pfile8, 14, 0
IPC2002, TLPlan, ZenoTravel, pfile9, 23, 10
IPC2002, TLPlan, ZenoTravel, pfile10, 27, 0
IPC2002, TLPlan, ZenoTravel, pfile11, 18, 10
IPC2002, TLPlan, ZenoTravel, pfile12, 24, 10
IPC2002, TLPlan, ZenoTravel, pfile13, 32, 0
IPC2002, TLPlan, ZenoTravel, pfile14, 33, 0
IPC2002, TLPlan, ZenoTravel, pfile15, 53, 10
IPC2002, TLPlan, ZenoTravel, pfile16, 49, 20
IPC2002, TLPlan, ZenoTravel, pfile17, 75, 20
IPC2002, TLPlan, ZenoTravel, pfile18, 74, 10
IPC2002, TLPlan, ZenoTravel, pfile19, 104, 40
IPC2002, TLPlan, ZenoTravel, pfile20, 116, 40
IPC2002, VHPOP, ZenoTravel, pfile1, 1, 40
IPC2002, VHPOP, ZenoTravel, pfile2, 6, 1270
IPC2002, VHPOP, ZenoTravel, pfile3, 6, 100
IPC2002, VHPOP, ZenoTravel, pfile4, 8, 1930
IPC2002, VHPOP, ZenoTravel, pfile5, 12, 800
IPC2002, VHPOP, ZenoTravel, pfile6, 12, 690
IPC2002, VHPOP, ZenoTravel, pfile7, 16, 33200
IPC2002, VHPOP, ZenoTravel, pfile8, 13, 9670
IPC2002, VHPOP, ZenoTravel, pfile9, 21, 5520
IPC2002, VHPOP, ZenoTravel, pfile10, 25, 8490
IPC2002, VHPOP, ZenoTravel, pfile11, 16, 45710
IPC2002, VHPOP, ZenoTravel, pfile12, 25, 25710
IPC2002, VHPOP, ZenoTravel, pfile13, 27, 14820
IPC2002, VHPOP, ZenoTravel, upfile1, 57, 680
IPC2002, VHPOP, ZenoTravel, upfile2, 89, 2890
IPC2002, VHPOP, ZenoTravel, upfile3, 107, 2070
IPC2002, VHPOP, ZenoTravel, upfile4, 138, 28030
IPC2002, VHPOP, ZenoTravel, upfile5, 166, 26940
IPC2002, VHPOP, ZenoTravel, upfile6, 185, 16090
IPC2002, VHPOP, ZenoTravel, upfile7, 215, 32130
IPC2002, VHPOP, ZenoTravel, upfile8, 206, 23310
IPC2002, VHPOP, ZenoTravel, upfile9, 252, 220010
IPC2002, VHPOP, ZenoTravel, upfile10, 177, 49960
IPC2002, VHPOP, ZenoTravel, upfile11, 165, 13170
IPC2002, VHPOP, ZenoTravel, upfile12, 198, 626590
IPC2002, VHPOP, ZenoTravel, upfile13, 182, 137750
IPC2002, VHPOP, ZenoTravel, upfile14, 231, 5151880
IPC2002, VHPOP, ZenoTravel, upfile16, 237, 541310
IPC2002, VHPOP, ZenoTravel, upfile17, 249, 1769850
IPC2002, VHPOP, ZenoTravel, upfile18, 237, 1902910
IPC2002, VHPOP, ZenoTravel, upfile19, 233, 625120
IPC2002, VHPOP, ZenoTravel, upfile20, 221, 922520
IPC2002, VHPOP, ZenoTravel, upfile1, 72, 30
IPC2002, VHPOP, ZenoTravel, upfile2, 98, 180
IPC2002, VHPOP, ZenoTravel, upfile3, 135, 530
IPC2002, VHPOP, ZenoTravel, upfile4, 157, 1550
IPC2002, VHPOP, ZenoTravel, upfile5, 200, 3090
IPC2002, VHPOP, ZenoTravel, upfile6, 252, 3850
IPC2002, VHPOP, ZenoTravel, upfile7, 277, 7490
IPC2002, VHPOP, ZenoTravel, upfile8, 291, 6460
IPC2002, VHPOP, ZenoTravel, upfile9, 329, 17490
IPC2002, VHPOP, ZenoTravel, upfile10, 221, 2030
IPC2002, VHPOP, ZenoTravel, upfile11, 233, 2540
IPC2002, VHPOP, ZenoTravel, upfile12, 231, 1550
IPC2002, VHPOP, ZenoTravel, upfile13, 249, 1250
IPC2002, VHPOP, ZenoTravel, upfile14, 265, 1750
IPC2002, VHPOP, ZenoTravel, upfile15, 275, 5470
IPC2002, VHPOP, ZenoTravel, upfile16, 267, 4650
IPC2002, VHPOP, ZenoTravel, upfile17, 261, 2640
IPC2002, VHPOP, ZenoTravel, upfile18, 244, 610
IPC2002, VHPOP, ZenoTravel, upfile19, 234, 600
IPC2002, VHPOP, ZenoTravel, upfile20, 239, 760
IPC2002, VHPOP, ZenoTravel, upfile1, 67, 30
IPC2002, VHPOP, ZenoTravel, upfile2, 83, 40
IPC2002, VHPOP, ZenoTravel, upfile3, 123, 40
IPC2002, VHPOP, ZenoTravel, upfile4, 131, 40
IPC2002, VHPOP, ZenoTravel, upfile5, 166, 50
IPC2002, VHPOP, ZenoTravel, upfile6, 214, 50
IPC2002, VHPOP, ZenoTravel, upfile7, 219, 50
IPC2002, VHPOP, ZenoTravel, upfile8, 237, 50
IPC2002, VHPOP, ZenoTravel, upfile9, 253, 60
IPC2002, VHPOP, ZenoTravel, upfile10, 199, 30
IPC2002, VHPOP, ZenoTravel, upfile11, 210, 40
IPC2002, VHPOP, ZenoTravel, upfile12, 209, 60
IPC2002, VHPOP, ZenoTravel, upfile13, 219, 60
IPC2002, VHPOP, ZenoTravel, upfile14, 235, 80
IPC2002, VHPOP, ZenoTravel, upfile15, 242, 80
IPC2002, VHPOP, ZenoTravel, upfile16, 239, 130
IPC2002, VHPOP, ZenoTravel, upfile17, 247, 170
IPC2002, VHPOP, ZenoTravel, upfile18, 253, 400
IPC2002, VHPOP, ZenoTravel, upfile19, 233, 520
IPC2002, VHPOP, ZenoTravel, upfile20, 237, 580
IPC2002, VHPOP, ZenoTravel, upfile1, 75, 20
IPC2002, VHPOP, ZenoTravel, upfile2, 94, 20
IPC2002, VHPOP, ZenoTravel, upfile3, 133, 30
IPC2002, VHPOP, ZenoTravel, upfile4, 163, 40
IPC2002, VHPOP, ZenoTravel, upfile5, 181, 50
IPC2002, VHPOP, ZenoTravel, upfile6, 242, 80
IPC2002, VHPOP, ZenoTravel, upfile7, 255, 110
IPC2002, VHPOP, ZenoTravel, upfile8, 263, 120
IPC2002, VHPOP, ZenoTravel, upfile9, 298, 140
IPC2002, VHPOP, ZenoTravel, upfile10, 237, 100
IPC2002, VHPOP, ZenoTravel, upfile11, 246, 90
IPC2002, VHPOP, ZenoTravel, upfile12, 249, 130
IPC2002, VHPOP, ZenoTravel, upfile13, 269, 140
IPC2002, VHPOP, ZenoTravel, upfile14, 277, 180
IPC2002, VHPOP, ZenoTravel, upfile15, 279, 280
IPC2002, VHPOP, ZenoTravel, upfile16, 274, 400
IPC2002, VHPOP, ZenoTravel, upfile17, 265, 480
IPC2002, VHPOP, ZenoTravel, upfile18, 251, 750
IPC2002, VHPOP, ZenoTravel, upfile19, 242, 1130
IPC2002, VHPOP, ZenoTravel, upfile20, 230, 1430
