com,dom,gn,fap,pl,gl
IPC1998,gripper,strips-gripper-x-1,3,11,7
IPC1998,gripper,strips-gripper-x-10,3,0,50
IPC1998,gripper,strips-gripper-x-11,3,0,43
IPC1998,gripper,strips-gripper-x-12,3,0,38
IPC1998,gripper,strips-gripper-x-13,3,0,34
IPC1998,gripper,strips-gripper-x-14,3,0,31
IPC1998,gripper,strips-gripper-x-15,3,0,28
IPC1998,gripper,strips-gripper-x-16,3,0,26
IPC1998,gripper,strips-gripper-x-17,3,0,24
IPC1998,gripper,strips-gripper-x-18,3,0,22
IPC1998,gripper,strips-gripper-x-19,3,0,21
IPC1998,gripper,strips-gripper-x-2,3,17,11
IPC1998,gripper,strips-gripper-x-20,3,0,19
IPC1998,gripper,strips-gripper-x-3,3,23,15
IPC1998,gripper,strips-gripper-x-4,3,0,37
IPC1998,gripper,strips-gripper-x-4,3,0,50
IPC1998,gripper,strips-gripper-x-5,3,0,50
IPC1998,gripper,strips-gripper-x-6,3,0,50
IPC1998,gripper,strips-gripper-x-7,3,0,50
IPC1998,gripper,strips-gripper-x-8,3,0,50
IPC1998,gripper,strips-gripper-x-9,3,0,50
IPC1998,logistics,strips-log-x-1,9,27,9
IPC1998,logistics,strips-log-x-10,9,0,10
IPC1998,logistics,strips-log-x-11,9,32,9
IPC1998,logistics,strips-log-x-12,9,43,9
IPC1998,logistics,strips-log-x-13,0,0,0
IPC1998,logistics,strips-log-x-14,9,0,10
IPC1998,logistics,strips-log-x-15,11,0,18
IPC1998,logistics,strips-log-x-16,10,65,10
IPC1998,logistics,strips-log-x-17,9,59,9
IPC1998,logistics,strips-log-x-18,0,0,0
IPC1998,logistics,strips-log-x-19,10,0,12
IPC1998,logistics,strips-log-x-2,7,32,7
IPC1998,logistics,strips-log-x-20,0,0,0
IPC1998,logistics,strips-log-x-21,10,112,10
IPC1998,logistics,strips-log-x-22,0,0,0
IPC1998,logistics,strips-log-x-23,9,0,12
IPC1998,logistics,strips-log-x-24,10,43,10
IPC1998,logistics,strips-log-x-25,0,0,0
IPC1998,logistics,strips-log-x-3,10,0,13
IPC1998,logistics,strips-log-x-4,10,0,13
IPC1998,logistics,strips-log-x-5,8,23,12
IPC1998,logistics,strips-log-x-6,10,0,13
IPC1998,logistics,strips-log-x-7,9,42,9
IPC1998,logistics,strips-log-x-8,10,0,11
IPC1998,logistics,strips-log-x-9,10,0,13
IPC1998,logistics,strips-log-y-1,6,13,6
IPC1998,logistics,strips-log-y-2,9,20,9
IPC1998,logistics,strips-log-y-3,8,27,8
IPC1998,logistics,strips-log-y-4,9,52,11
IPC1998,movie,strips-movie-x-1,2,7,2
IPC1998,movie,strips-movie-x-10,2,7,2
IPC1998,movie,strips-movie-x-11,2,7,2
IPC1998,movie,strips-movie-x-12,2,7,2
IPC1998,movie,strips-movie-x-13,2,7,2
IPC1998,movie,strips-movie-x-14,2,7,2
IPC1998,movie,strips-movie-x-15,2,7,2
IPC1998,movie,strips-movie-x-16,2,7,2
IPC1998,movie,strips-movie-x-17,2,7,2
IPC1998,movie,strips-movie-x-18,2,7,2
IPC1998,movie,strips-movie-x-19,2,7,2
IPC1998,movie,strips-movie-x-2,2,7,2
IPC1998,movie,strips-movie-x-20,2,7,2
IPC1998,movie,strips-movie-x-21,2,7,2
IPC1998,movie,strips-movie-x-22,2,7,2
IPC1998,movie,strips-movie-x-23,2,7,2
IPC1998,movie,strips-movie-x-24,2,7,2
IPC1998,movie,strips-movie-x-25,2,7,2
IPC1998,movie,strips-movie-x-26,2,7,2
IPC1998,movie,strips-movie-x-27,2,7,2
IPC1998,movie,strips-movie-x-28,2,7,2
IPC1998,movie,strips-movie-x-29,2,7,2
IPC1998,movie,strips-movie-x-3,2,7,2
IPC1998,movie,strips-movie-x-30,2,7,2
IPC1998,movie,strips-movie-x-4,2,7,2
IPC1998,movie,strips-movie-x-5,2,7,2
IPC1998,movie,strips-movie-x-6,2,7,2
IPC1998,movie,strips-movie-x-7,2,7,2
IPC1998,movie,strips-movie-x-8,2,7,2
IPC1998,movie,strips-movie-x-9,2,7,2
IPC1998,mprime,strips-mprime-x-1,5,9,5
IPC1998,mprime,strips-mprime-x-10,0,0,0
IPC1998,mprime,strips-mprime-x-11,7,8,7
IPC1998,mprime,strips-mprime-x-12,5,10,5
IPC1998,mprime,strips-mprime-x-13,8,16,8
IPC1998,mprime,strips-mprime-x-14,0,0,0
IPC1998,mprime,strips-mprime-x-15,6,9,6
IPC1998,mprime,strips-mprime-x-16,4,11,5
IPC1998,mprime,strips-mprime-x-17,4,4,4
IPC1998,mprime,strips-mprime-x-18,0,0,0
IPC1998,mprime,strips-mprime-x-19,6,8,6
IPC1998,mprime,strips-mprime-x-2,5,9,5
IPC1998,mprime,strips-mprime-x-20,0,0,0
IPC1998,mprime,strips-mprime-x-21,0,0,0
IPC1998,mprime,strips-mprime-x-22,8,13,8
IPC1998,mprime,strips-mprime-x-23,8,15,8
IPC1998,mprime,strips-mprime-x-24,6,18,6
IPC1998,mprime,strips-mprime-x-25,4,4,4
IPC1998,mprime,strips-mprime-x-26,5,8,5
IPC1998,mprime,strips-mprime-x-27,4,8,4
IPC1998,mprime,strips-mprime-x-28,6,11,7
IPC1998,mprime,strips-mprime-x-29,4,5,4
IPC1998,mprime,strips-mprime-x-3,4,4,4
IPC1998,mprime,strips-mprime-x-30,6,20,6
IPC1998,mprime,strips-mprime-x-4,7,9,7
IPC1998,mprime,strips-mprime-x-5,0,0,0
IPC1998,mprime,strips-mprime-x-6,8,0,9
IPC1998,mprime,strips-mprime-x-7,0,0,0
IPC1998,mprime,strips-mprime-x-8,5,7,5
IPC1998,mprime,strips-mprime-x-9,5,8,5
IPC1998,mprime,strips-mprime-y-1,4,5,4
IPC1998,mprime,strips-mprime-y-2,7,7,7
IPC1998,mprime,strips-mprime-y-3,10,20,10
IPC1998,mprime,strips-mprime-y-4,4,5,4
IPC1998,mprime,strips-mprime-y-5,4,6,4
IPC1998,mystery,strips-mysty-x-1,5,5,5
IPC1998,mystery,strips-mysty-x-10,0,0,0
IPC1998,mystery,strips-mysty-x-11,7,7,7
IPC1998,mystery,strips-mysty-x-12,0,0,0
IPC1998,mystery,strips-mysty-x-13,8,16,8
IPC1998,mystery,strips-mysty-x-14,0,0,0
IPC1998,mystery,strips-mysty-x-15,6,6,6
IPC1998,mystery,strips-mysty-x-16,0,0,0
IPC1998,mystery,strips-mysty-x-17,4,4,4
IPC1998,mystery,strips-mysty-x-18,0,0,0
IPC1998,mystery,strips-mysty-x-19,6,8,6
IPC1998,mystery,strips-mysty-x-2,5,9,5
IPC1998,mystery,strips-mysty-x-20,7,18,7
IPC1998,mystery,strips-mysty-x-21,0,0,0
IPC1998,mystery,strips-mysty-x-22,0,0,0
IPC1998,mystery,strips-mysty-x-23,0,0,0
IPC1998,mystery,strips-mysty-x-24,0,0,0
IPC1998,mystery,strips-mysty-x-25,4,4,4
IPC1998,mystery,strips-mysty-x-26,6,8,6
IPC1998,mystery,strips-mysty-x-27,4,7,4
IPC1998,mystery,strips-mysty-x-28,6,7,7
IPC1998,mystery,strips-mysty-x-29,4,4,4
IPC1998,mystery,strips-mysty-x-3,4,4,4
IPC1998,mystery,strips-mysty-x-30,6,12,6
IPC1998,mystery,strips-mysty-x-4,0,0,0
IPC1998,mystery,strips-mysty-x-5,0,0,0
IPC1998,mystery,strips-mysty-x-6,9,17,9
IPC1998,mystery,strips-mysty-x-7,0,0,0
IPC1998,mystery,strips-mysty-x-8,0,0,0
IPC1998,mystery,strips-mysty-x-9,5,8,5
IPC2000,blocks,BLOCKS-10-0,20,34,34
IPC2000,blocks,BLOCKS-10-1,16,32,32
IPC2000,blocks,BLOCKS-10-2,20,34,34
IPC2000,blocks,BLOCKS-11-0,16,32,32
IPC2000,blocks,BLOCKS-11-1,9,0,29
IPC2000,blocks,BLOCKS-11-2,18,34,34
IPC2000,blocks,BLOCKS-12-0,20,34,34
IPC2000,blocks,BLOCKS-12-1,22,34,34
IPC2000,blocks,BLOCKS-13-0,22,0,42
IPC2000,blocks,BLOCKS-13-1,24,0,43
IPC2000,blocks,BLOCKS-14-0,20,0,37
IPC2000,blocks,BLOCKS-14-1,12,0,31
IPC2000,blocks,BLOCKS-15-0,14,0,32
IPC2000,blocks,BLOCKS-15-1,28,0,48
IPC2000,blocks,BLOCKS-16-1,26,0,46
IPC2000,blocks,BLOCKS-16-2,30,0,47
IPC2000,blocks,BLOCKS-17-0,14,0,33
IPC2000,blocks,BLOCKS-17-1,26,0,46
IPC2000,blocks,BLOCKS-18-0,24,0,41
IPC2000,blocks,BLOCKS-18-1,30,0,47
IPC2000,blocks,BLOCKS-19-0,36,0,53
IPC2000,blocks,BLOCKS-19-1,30,0,47
IPC2000,blocks,BLOCKS-20-0,34,0,49
IPC2000,blocks,BLOCKS-20-1,38,0,53
IPC2000,blocks,BLOCKS-21-0,42,0,58
IPC2000,blocks,BLOCKS-21-1,40,0,54
IPC2000,blocks,BLOCKS-22-0,24,0,40
IPC2000,blocks,BLOCKS-22-1,30,0,45
IPC2000,blocks,BLOCKS-23-0,32,0,47
IPC2000,blocks,BLOCKS-23-1,26,0,40
IPC2000,blocks,BLOCKS-24-0,20,0,35
IPC2000,blocks,BLOCKS-24-1,30,0,43
IPC2000,blocks,BLOCKS-25-0,32,0,47
IPC2000,blocks,BLOCKS-25-1,42,0,57
IPC2000,blocks,BLOCKS-26-0,26,0,41
IPC2000,blocks,BLOCKS-26-1,36,0,49
IPC2000,blocks,BLOCKS-27-0,18,0,32
IPC2000,blocks,BLOCKS-27-1,44,0,59
IPC2000,blocks,BLOCKS-28-0,26,0,39
IPC2000,blocks,BLOCKS-28-1,30,0,44
IPC2000,blocks,BLOCKS-29-0,24,0,37
IPC2000,blocks,BLOCKS-29-1,58,0,71
IPC2000,blocks,BLOCKS-30-0,20,0,33
IPC2000,blocks,BLOCKS-30-1,32,0,45
IPC2000,blocks,BLOCKS-31-0,40,0,53
IPC2000,blocks,BLOCKS-31-1,42,0,55
IPC2000,blocks,BLOCKS-32-0,24,0,36
IPC2000,blocks,BLOCKS-32-1,58,0,58
IPC2000,blocks,BLOCKS-4-0,4,6,6
IPC2000,blocks,BLOCKS-4-1,10,10,10
IPC2000,blocks,BLOCKS-4-2,6,6,6
IPC2000,blocks,BLOCKS-5-0,10,12,12
IPC2000,blocks,BLOCKS-5-1,8,10,10
IPC2000,blocks,BLOCKS-5-2,12,16,16
IPC2000,blocks,BLOCKS-6-0,9,12,12
IPC2000,blocks,BLOCKS-6-1,6,10,10
IPC2000,blocks,BLOCKS-6-2,14,20,20
IPC2000,blocks,BLOCKS-7-0,16,20,20
IPC2000,blocks,BLOCKS-7-1,12,22,22
IPC2000,blocks,BLOCKS-7-2,12,20,20
IPC2000,blocks,BLOCKS-8-0,9,18,18
IPC2000,blocks,BLOCKS-8-1,10,20,20
IPC2000,blocks,BLOCKS-8-2,10,16,16
IPC2000,blocks,BLOCKS-9-0,18,30,30
IPC2000,blocks,BLOCKS-9-1,20,28,28
IPC2000,blocks,BLOCKS-9-2,18,26,26
IPC2000,elevator,mixed-f10-p5-u0-v0-g0-a0-n0-a0-b0-n0-f0-r0,6,0,14
IPC2000,elevator,mixed-f10-p5-u0-v0-g0-a0-n0-a0-b0-n0-f0-r0,6,0,13
IPC2000,elevator,mixed-f10-p5-u0-v0-g0-a0-n0-a0-b0-n0-f0-r1,6,0,13
IPC2000,elevator,mixed-f10-p5-u0-v0-g0-a0-n0-a0-b0-n0-f0-r1,6,0,13
IPC2000,elevator,mixed-f10-p5-u0-v0-g0-a0-n0-a0-b0-n0-f0-r2,6,15,10
IPC2000,elevator,mixed-f10-p5-u0-v0-g0-a0-n0-a0-b0-n0-f0-r2,6,15,10
IPC2000,elevator,mixed-f10-p5-u0-v0-g0-a0-n0-a0-b0-n0-f0-r3,6,0,13
IPC2000,elevator,mixed-f10-p5-u0-v0-g0-a0-n0-a0-b0-n0-f0-r3,6,0,13
IPC2000,elevator,mixed-f10-p5-u0-v0-g0-a0-n0-a0-b0-n0-f0-r4,6,0,18
IPC2000,elevator,mixed-f10-p5-u0-v0-g0-a0-n0-a0-b0-n0-f0-r4,6,23,24
IPC2000,elevator,mixed-f12-p6-u0-v0-g0-a0-n0-a0-b0-n0-f0-r0,6,0,12
IPC2000,elevator,mixed-f12-p6-u0-v0-g0-a0-n0-a0-b0-n0-f0-r0,6,0,12
IPC2000,elevator,mixed-f12-p6-u0-v0-g0-a0-n0-a0-b0-n0-f0-r1,6,22,21
IPC2000,elevator,mixed-f12-p6-u0-v0-g0-a0-n0-a0-b0-n0-f0-r1,6,24,22
IPC2000,elevator,mixed-f12-p6-u0-v0-g0-a0-n0-a0-b0-n0-f0-r2,6,0,12
IPC2000,elevator,mixed-f12-p6-u0-v0-g0-a0-n0-a0-b0-n0-f0-r2,6,0,12
IPC2000,elevator,mixed-f12-p6-u0-v0-g0-a0-n0-a0-b0-n0-f0-r3,6,0,12
IPC2000,elevator,mixed-f12-p6-u0-v0-g0-a0-n0-a0-b0-n0-f0-r3,6,0,12
IPC2000,elevator,mixed-f12-p6-u0-v0-g0-a0-n0-a0-b0-n0-f0-r4,6,0,13
IPC2000,elevator,mixed-f12-p6-u0-v0-g0-a0-n0-a0-b0-n0-f0-r4,6,0,20
IPC2000,elevator,mixed-f14-p7-u0-v0-g0-a0-n0-a0-b0-n0-f0-r0,6,0,12
IPC2000,elevator,mixed-f14-p7-u0-v0-g0-a0-n0-a0-b0-n0-f0-r0,6,0,12
IPC2000,elevator,mixed-f14-p7-u0-v0-g0-a0-n0-a0-b0-n0-f0-r1,6,0,12
IPC2000,elevator,mixed-f14-p7-u0-v0-g0-a0-n0-a0-b0-n0-f0-r1,6,0,12
IPC2000,elevator,mixed-f14-p7-u0-v0-g0-a0-n0-a0-b0-n0-f0-r2,6,0,12
IPC2000,elevator,mixed-f14-p7-u0-v0-g0-a0-n0-a0-b0-n0-f0-r2,6,0,14
IPC2000,elevator,mixed-f14-p7-u0-v0-g0-a0-n0-a0-b0-n0-f0-r3,6,0,15
IPC2000,elevator,mixed-f14-p7-u0-v0-g0-a0-n0-a0-b0-n0-f0-r3,6,0,27
IPC2000,elevator,mixed-f14-p7-u0-v0-g0-a0-n0-a0-b0-n0-f0-r4,6,0,17
IPC2000,elevator,mixed-f14-p7-u0-v0-g0-a0-n0-a0-b0-n0-f0-r4,6,0,12
IPC2000,elevator,mixed-f16-p8-u0-v0-g0-a0-n0-a0-b0-n0-f0-r0,6,0,27
IPC2000,elevator,mixed-f16-p8-u0-v0-g0-a0-n0-a0-b0-n0-f0-r0,6,0,28
IPC2000,elevator,mixed-f16-p8-u0-v0-g0-a0-n0-a0-b0-n0-f0-r1,6,0,27
IPC2000,elevator,mixed-f16-p8-u0-v0-g0-a0-n0-a0-b0-n0-f0-r1,6,0,27
IPC2000,elevator,mixed-f16-p8-u0-v0-g0-a0-n0-a0-b0-n0-f0-r2,6,0,28
IPC2000,elevator,mixed-f16-p8-u0-v0-g0-a0-n0-a0-b0-n0-f0-r2,6,0,27
IPC2000,elevator,mixed-f16-p8-u0-v0-g0-a0-n0-a0-b0-n0-f0-r3,6,0,27
IPC2000,elevator,mixed-f16-p8-u0-v0-g0-a0-n0-a0-b0-n0-f0-r3,6,0,27
IPC2000,elevator,mixed-f16-p8-u0-v0-g0-a0-n0-a0-b0-n0-f0-r4,6,0,27
IPC2000,elevator,mixed-f16-p8-u0-v0-g0-a0-n0-a0-b0-n0-f0-r4,6,0,28
IPC2000,elevator,mixed-f18-p9-u0-v0-g0-a0-n0-a0-b0-n0-f0-r0,6,0,20
IPC2000,elevator,mixed-f18-p9-u0-v0-g0-a0-n0-a0-b0-n0-f0-r0,6,0,20
IPC2000,elevator,mixed-f18-p9-u0-v0-g0-a0-n0-a0-b0-n0-f0-r1,6,0,20
IPC2000,elevator,mixed-f18-p9-u0-v0-g0-a0-n0-a0-b0-n0-f0-r1,6,0,20
IPC2000,elevator,mixed-f18-p9-u0-v0-g0-a0-n0-a0-b0-n0-f0-r2,6,0,20
IPC2000,elevator,mixed-f18-p9-u0-v0-g0-a0-n0-a0-b0-n0-f0-r2,6,0,20
IPC2000,elevator,mixed-f18-p9-u0-v0-g0-a0-n0-a0-b0-n0-f0-r3,6,0,20
IPC2000,elevator,mixed-f18-p9-u0-v0-g0-a0-n0-a0-b0-n0-f0-r3,6,0,20
IPC2000,elevator,mixed-f18-p9-u0-v0-g0-a0-n0-a0-b0-n0-f0-r4,6,0,20
IPC2000,elevator,mixed-f18-p9-u0-v0-g0-a0-n0-a0-b0-n0-f0-r4,6,0,20
IPC2000,elevator,mixed-f20-p10-u0-v0-g0-a0-n0-a0-b0-n0-f0-r0,6,0,15
IPC2000,elevator,mixed-f20-p10-u0-v0-g0-a0-n0-a0-b0-n0-f0-r0,6,0,15
IPC2000,elevator,mixed-f20-p10-u0-v0-g0-a0-n0-a0-b0-n0-f0-r1,6,0,15
IPC2000,elevator,mixed-f20-p10-u0-v0-g0-a0-n0-a0-b0-n0-f0-r1,6,0,15
IPC2000,elevator,mixed-f20-p10-u0-v0-g0-a0-n0-a0-b0-n0-f0-r2,6,0,15
IPC2000,elevator,mixed-f20-p10-u0-v0-g0-a0-n0-a0-b0-n0-f0-r2,6,0,15
IPC2000,elevator,mixed-f20-p10-u0-v0-g0-a0-n0-a0-b0-n0-f0-r3,6,0,15
IPC2000,elevator,mixed-f20-p10-u0-v0-g0-a0-n0-a0-b0-n0-f0-r3,6,0,15
IPC2000,elevator,mixed-f20-p10-u0-v0-g0-a0-n0-a0-b0-n0-f0-r4,6,0,15
IPC2000,elevator,mixed-f20-p10-u0-v0-g0-a0-n0-a0-b0-n0-f0-r4,6,0,15
IPC2000,elevator,mixed-f22-p11-u0-v0-g0-a0-n0-a0-b0-n0-f0-r0,6,0,14
IPC2000,elevator,mixed-f22-p11-u0-v0-g0-a0-n0-a0-b0-n0-f0-r0,6,0,14
IPC2000,elevator,mixed-f22-p11-u0-v0-g0-a0-n0-a0-b0-n0-f0-r1,6,0,13
IPC2000,elevator,mixed-f22-p11-u0-v0-g0-a0-n0-a0-b0-n0-f0-r1,6,0,13
IPC2000,elevator,mixed-f22-p11-u0-v0-g0-a0-n0-a0-b0-n0-f0-r2,6,0,14
IPC2000,elevator,mixed-f22-p11-u0-v0-g0-a0-n0-a0-b0-n0-f0-r2,6,0,14
IPC2000,elevator,mixed-f22-p11-u0-v0-g0-a0-n0-a0-b0-n0-f0-r3,6,0,13
IPC2000,elevator,mixed-f22-p11-u0-v0-g0-a0-n0-a0-b0-n0-f0-r3,6,0,13
IPC2000,elevator,mixed-f22-p11-u0-v0-g0-a0-n0-a0-b0-n0-f0-r4,6,0,13
IPC2000,elevator,mixed-f22-p11-u0-v0-g0-a0-n0-a0-b0-n0-f0-r4,6,0,13
IPC2000,elevator,mixed-f24-p12-u0-v0-g0-a0-n0-a0-b0-n0-f0-r0,6,0,13
IPC2000,elevator,mixed-f24-p12-u0-v0-g0-a0-n0-a0-b0-n0-f0-r0,6,0,13
IPC2000,elevator,mixed-f24-p12-u0-v0-g0-a0-n0-a0-b0-n0-f0-r1,6,0,13
IPC2000,elevator,mixed-f24-p12-u0-v0-g0-a0-n0-a0-b0-n0-f0-r1,6,0,13
IPC2000,elevator,mixed-f24-p12-u0-v0-g0-a0-n0-a0-b0-n0-f0-r2,6,0,13
IPC2000,elevator,mixed-f24-p12-u0-v0-g0-a0-n0-a0-b0-n0-f0-r2,6,0,13
IPC2000,elevator,mixed-f24-p12-u0-v0-g0-a0-n0-a0-b0-n0-f0-r3,6,0,13
IPC2000,elevator,mixed-f24-p12-u0-v0-g0-a0-n0-a0-b0-n0-f0-r3,6,0,13
IPC2000,elevator,mixed-f24-p12-u0-v0-g0-a0-n0-a0-b0-n0-f0-r4,6,0,13
IPC2000,elevator,mixed-f24-p12-u0-v0-g0-a0-n0-a0-b0-n0-f0-r4,6,0,13
IPC2000,elevator,mixed-f26-p13-u0-v0-g0-a0-n0-a0-b0-n0-f0-r0,6,0,13
IPC2000,elevator,mixed-f26-p13-u0-v0-g0-a0-n0-a0-b0-n0-f0-r0,6,0,13
IPC2000,elevator,mixed-f26-p13-u0-v0-g0-a0-n0-a0-b0-n0-f0-r1,6,0,13
IPC2000,elevator,mixed-f26-p13-u0-v0-g0-a0-n0-a0-b0-n0-f0-r1,6,0,13
IPC2000,elevator,mixed-f26-p13-u0-v0-g0-a0-n0-a0-b0-n0-f0-r2,6,0,13
IPC2000,elevator,mixed-f26-p13-u0-v0-g0-a0-n0-a0-b0-n0-f0-r2,6,0,13
IPC2000,elevator,mixed-f26-p13-u0-v0-g0-a0-n0-a0-b0-n0-f0-r3,6,0,13
IPC2000,elevator,mixed-f26-p13-u0-v0-g0-a0-n0-a0-b0-n0-f0-r3,6,0,13
IPC2000,elevator,mixed-f26-p13-u0-v0-g0-a0-n0-a0-b0-n0-f0-r4,6,0,13
IPC2000,elevator,mixed-f26-p13-u0-v0-g0-a0-n0-a0-b0-n0-f0-r4,6,0,13
IPC2000,elevator,mixed-f28-p14-u0-v0-g0-a0-n0-a0-b0-n0-f0-r0,6,0,13
IPC2000,elevator,mixed-f28-p14-u0-v0-g0-a0-n0-a0-b0-n0-f0-r0,6,0,13
IPC2000,elevator,mixed-f28-p14-u0-v0-g0-a0-n0-a0-b0-n0-f0-r1,6,0,13
IPC2000,elevator,mixed-f28-p14-u0-v0-g0-a0-n0-a0-b0-n0-f0-r1,6,0,13
IPC2000,elevator,mixed-f28-p14-u0-v0-g0-a0-n0-a0-b0-n0-f0-r2,6,0,13
IPC2000,elevator,mixed-f28-p14-u0-v0-g0-a0-n0-a0-b0-n0-f0-r2,6,0,13
IPC2000,elevator,mixed-f28-p14-u0-v0-g0-a0-n0-a0-b0-n0-f0-r3,6,0,13
IPC2000,elevator,mixed-f28-p14-u0-v0-g0-a0-n0-a0-b0-n0-f0-r3,6,0,13
IPC2000,elevator,mixed-f28-p14-u0-v0-g0-a0-n0-a0-b0-n0-f0-r4,6,0,13
IPC2000,elevator,mixed-f28-p14-u0-v0-g0-a0-n0-a0-b0-n0-f0-r4,6,0,13
IPC2000,elevator,mixed-f2-p1-u0-v0-g0-a0-n0-a0-b0-n0-f0-r0,4,4,4
IPC2000,elevator,mixed-f2-p1-u0-v0-g0-a0-n0-a0-b0-n0-f0-r0,4,4,4
IPC2000,elevator,mixed-f2-p1-u0-v0-g0-a0-n0-a0-b0-n0-f0-r1,3,3,3
IPC2000,elevator,mixed-f2-p1-u0-v0-g0-a0-n0-a0-b0-n0-f0-r1,3,3,3
IPC2000,elevator,mixed-f2-p1-u0-v0-g0-a0-n0-a0-b0-n0-f0-r2,4,4,4
IPC2000,elevator,mixed-f2-p1-u0-v0-g0-a0-n0-a0-b0-n0-f0-r2,4,4,4
IPC2000,elevator,mixed-f2-p1-u0-v0-g0-a0-n0-a0-b0-n0-f0-r3,4,4,4
IPC2000,elevator,mixed-f2-p1-u0-v0-g0-a0-n0-a0-b0-n0-f0-r3,4,4,4
IPC2000,elevator,mixed-f2-p1-u0-v0-g0-a0-n0-a0-b0-n0-f0-r4,4,4,4
IPC2000,elevator,mixed-f2-p1-u0-v0-g0-a0-n0-a0-b0-n0-f0-r4,4,4,4
IPC2000,elevator,mixed-f30-p15-u0-v0-g0-a0-n0-a0-b0-n0-f0-r0,6,0,13
IPC2000,elevator,mixed-f30-p15-u0-v0-g0-a0-n0-a0-b0-n0-f0-r0,6,0,13
IPC2000,elevator,mixed-f30-p15-u0-v0-g0-a0-n0-a0-b0-n0-f0-r1,6,0,13
IPC2000,elevator,mixed-f30-p15-u0-v0-g0-a0-n0-a0-b0-n0-f0-r1,6,0,13
IPC2000,elevator,mixed-f30-p15-u0-v0-g0-a0-n0-a0-b0-n0-f0-r2,6,0,13
IPC2000,elevator,mixed-f30-p15-u0-v0-g0-a0-n0-a0-b0-n0-f0-r2,6,0,13
IPC2000,elevator,mixed-f30-p15-u0-v0-g0-a0-n0-a0-b0-n0-f0-r3,6,0,13
IPC2000,elevator,mixed-f30-p15-u0-v0-g0-a0-n0-a0-b0-n0-f0-r3,6,0,13
IPC2000,elevator,mixed-f30-p15-u0-v0-g0-a0-n0-a0-b0-n0-f0-r4,6,0,13
IPC2000,elevator,mixed-f30-p15-u0-v0-g0-a0-n0-a0-b0-n0-f0-r4,6,0,13
IPC2000,elevator,mixed-f32-p16-u0-v0-g0-a0-n0-a0-b0-n0-f0-r0,6,0,13
IPC2000,elevator,mixed-f32-p16-u0-v0-g0-a0-n0-a0-b0-n0-f0-r0,6,0,13
IPC2000,elevator,mixed-f32-p16-u0-v0-g0-a0-n0-a0-b0-n0-f0-r1,6,0,13
IPC2000,elevator,mixed-f32-p16-u0-v0-g0-a0-n0-a0-b0-n0-f0-r1,6,0,13
IPC2000,elevator,mixed-f32-p16-u0-v0-g0-a0-n0-a0-b0-n0-f0-r2,6,0,13
IPC2000,elevator,mixed-f32-p16-u0-v0-g0-a0-n0-a0-b0-n0-f0-r2,6,0,13
IPC2000,elevator,mixed-f32-p16-u0-v0-g0-a0-n0-a0-b0-n0-f0-r3,6,0,13
IPC2000,elevator,mixed-f32-p16-u0-v0-g0-a0-n0-a0-b0-n0-f0-r3,6,0,13
IPC2000,elevator,mixed-f32-p16-u0-v0-g0-a0-n0-a0-b0-n0-f0-r4,6,0,13
IPC2000,elevator,mixed-f32-p16-u0-v0-g0-a0-n0-a0-b0-n0-f0-r4,6,0,13
IPC2000,elevator,mixed-f34-p17-u0-v0-g0-a0-n0-a0-b0-n0-f0-r0,6,0,12
IPC2000,elevator,mixed-f34-p17-u0-v0-g0-a0-n0-a0-b0-n0-f0-r0,6,0,12
IPC2000,elevator,mixed-f34-p17-u0-v0-g0-a0-n0-a0-b0-n0-f0-r1,6,0,12
IPC2000,elevator,mixed-f34-p17-u0-v0-g0-a0-n0-a0-b0-n0-f0-r1,6,0,12
IPC2000,elevator,mixed-f34-p17-u0-v0-g0-a0-n0-a0-b0-n0-f0-r2,6,0,12
IPC2000,elevator,mixed-f34-p17-u0-v0-g0-a0-n0-a0-b0-n0-f0-r2,6,0,12
IPC2000,elevator,mixed-f34-p17-u0-v0-g0-a0-n0-a0-b0-n0-f0-r3,6,0,12
IPC2000,elevator,mixed-f34-p17-u0-v0-g0-a0-n0-a0-b0-n0-f0-r3,6,0,12
IPC2000,elevator,mixed-f34-p17-u0-v0-g0-a0-n0-a0-b0-n0-f0-r4,6,0,12
IPC2000,elevator,mixed-f34-p17-u0-v0-g0-a0-n0-a0-b0-n0-f0-r4,6,0,12
IPC2000,elevator,mixed-f36-p18-u0-v0-g0-a0-n0-a0-b0-n0-f0-r0,6,0,11
IPC2000,elevator,mixed-f36-p18-u0-v0-g0-a0-n0-a0-b0-n0-f0-r0,6,0,11
IPC2000,elevator,mixed-f36-p18-u0-v0-g0-a0-n0-a0-b0-n0-f0-r1,6,0,12
IPC2000,elevator,mixed-f36-p18-u0-v0-g0-a0-n0-a0-b0-n0-f0-r1,6,0,12
IPC2000,elevator,mixed-f36-p18-u0-v0-g0-a0-n0-a0-b0-n0-f0-r2,6,0,12
IPC2000,elevator,mixed-f36-p18-u0-v0-g0-a0-n0-a0-b0-n0-f0-r2,6,0,12
IPC2000,elevator,mixed-f36-p18-u0-v0-g0-a0-n0-a0-b0-n0-f0-r3,6,0,12
IPC2000,elevator,mixed-f36-p18-u0-v0-g0-a0-n0-a0-b0-n0-f0-r3,6,0,12
IPC2000,elevator,mixed-f36-p18-u0-v0-g0-a0-n0-a0-b0-n0-f0-r4,6,0,12
IPC2000,elevator,mixed-f36-p18-u0-v0-g0-a0-n0-a0-b0-n0-f0-r4,6,0,12
IPC2000,elevator,mixed-f38-p19-u0-v0-g0-a0-n0-a0-b0-n0-f0-r0,6,0,11
IPC2000,elevator,mixed-f38-p19-u0-v0-g0-a0-n0-a0-b0-n0-f0-r0,6,0,11
IPC2000,elevator,mixed-f38-p19-u0-v0-g0-a0-n0-a0-b0-n0-f0-r1,6,0,11
IPC2000,elevator,mixed-f38-p19-u0-v0-g0-a0-n0-a0-b0-n0-f0-r1,6,0,11
IPC2000,elevator,mixed-f38-p19-u0-v0-g0-a0-n0-a0-b0-n0-f0-r2,6,0,11
IPC2000,elevator,mixed-f38-p19-u0-v0-g0-a0-n0-a0-b0-n0-f0-r2,6,0,11
IPC2000,elevator,mixed-f38-p19-u0-v0-g0-a0-n0-a0-b0-n0-f0-r3,6,0,11
IPC2000,elevator,mixed-f38-p19-u0-v0-g0-a0-n0-a0-b0-n0-f0-r3,6,0,11
IPC2000,elevator,mixed-f38-p19-u0-v0-g0-a0-n0-a0-b0-n0-f0-r4,6,0,11
IPC2000,elevator,mixed-f38-p19-u0-v0-g0-a0-n0-a0-b0-n0-f0-r4,6,0,11
IPC2000,elevator,mixed-f40-p20-u0-v0-g0-a0-n0-a0-b0-n0-f0-r0,6,0,10
IPC2000,elevator,mixed-f40-p20-u0-v0-g0-a0-n0-a0-b0-n0-f0-r0,6,0,10
IPC2000,elevator,mixed-f40-p20-u0-v0-g0-a0-n0-a0-b0-n0-f0-r1,6,0,10
IPC2000,elevator,mixed-f40-p20-u0-v0-g0-a0-n0-a0-b0-n0-f0-r1,6,0,10
IPC2000,elevator,mixed-f40-p20-u0-v0-g0-a0-n0-a0-b0-n0-f0-r2,6,0,10
IPC2000,elevator,mixed-f40-p20-u0-v0-g0-a0-n0-a0-b0-n0-f0-r2,6,0,10
IPC2000,elevator,mixed-f40-p20-u0-v0-g0-a0-n0-a0-b0-n0-f0-r3,6,0,10
IPC2000,elevator,mixed-f40-p20-u0-v0-g0-a0-n0-a0-b0-n0-f0-r3,6,0,10
IPC2000,elevator,mixed-f40-p20-u0-v0-g0-a0-n0-a0-b0-n0-f0-r4,6,0,10
IPC2000,elevator,mixed-f40-p20-u0-v0-g0-a0-n0-a0-b0-n0-f0-r4,6,0,10
IPC2000,elevator,mixed-f42-p21-u0-v0-g0-a0-n0-a0-b0-n0-f0-r0,6,0,10
IPC2000,elevator,mixed-f42-p21-u0-v0-g0-a0-n0-a0-b0-n0-f0-r0,6,0,10
IPC2000,elevator,mixed-f42-p21-u0-v0-g0-a0-n0-a0-b0-n0-f0-r1,6,0,10
IPC2000,elevator,mixed-f42-p21-u0-v0-g0-a0-n0-a0-b0-n0-f0-r1,6,0,10
IPC2000,elevator,mixed-f42-p21-u0-v0-g0-a0-n0-a0-b0-n0-f0-r2,6,0,10
IPC2000,elevator,mixed-f42-p21-u0-v0-g0-a0-n0-a0-b0-n0-f0-r2,6,0,10
IPC2000,elevator,mixed-f42-p21-u0-v0-g0-a0-n0-a0-b0-n0-f0-r3,6,0,10
IPC2000,elevator,mixed-f42-p21-u0-v0-g0-a0-n0-a0-b0-n0-f0-r3,6,0,10
IPC2000,elevator,mixed-f42-p21-u0-v0-g0-a0-n0-a0-b0-n0-f0-r4,6,0,10
IPC2000,elevator,mixed-f42-p21-u0-v0-g0-a0-n0-a0-b0-n0-f0-r4,6,0,10
IPC2000,elevator,mixed-f44-p22-u0-v0-g0-a0-n0-a0-b0-n0-f0-r0,6,0,10
IPC2000,elevator,mixed-f44-p22-u0-v0-g0-a0-n0-a0-b0-n0-f0-r0,6,0,10
IPC2000,elevator,mixed-f44-p22-u0-v0-g0-a0-n0-a0-b0-n0-f0-r1,6,0,10
IPC2000,elevator,mixed-f44-p22-u0-v0-g0-a0-n0-a0-b0-n0-f0-r1,6,0,10
IPC2000,elevator,mixed-f44-p22-u0-v0-g0-a0-n0-a0-b0-n0-f0-r2,6,0,10
IPC2000,elevator,mixed-f44-p22-u0-v0-g0-a0-n0-a0-b0-n0-f0-r2,6,0,10
IPC2000,elevator,mixed-f44-p22-u0-v0-g0-a0-n0-a0-b0-n0-f0-r3,6,0,10
IPC2000,elevator,mixed-f44-p22-u0-v0-g0-a0-n0-a0-b0-n0-f0-r3,6,0,10
IPC2000,elevator,mixed-f44-p22-u0-v0-g0-a0-n0-a0-b0-n0-f0-r4,6,0,10
IPC2000,elevator,mixed-f44-p22-u0-v0-g0-a0-n0-a0-b0-n0-f0-r4,6,0,10
IPC2000,elevator,mixed-f46-p23-u0-v0-g0-a0-n0-a0-b0-n0-f0-r0,6,0,9
IPC2000,elevator,mixed-f46-p23-u0-v0-g0-a0-n0-a0-b0-n0-f0-r0,6,0,9
IPC2000,elevator,mixed-f46-p23-u0-v0-g0-a0-n0-a0-b0-n0-f0-r1,6,0,9
IPC2000,elevator,mixed-f46-p23-u0-v0-g0-a0-n0-a0-b0-n0-f0-r1,6,0,9
IPC2000,elevator,mixed-f46-p23-u0-v0-g0-a0-n0-a0-b0-n0-f0-r2,6,0,9
IPC2000,elevator,mixed-f46-p23-u0-v0-g0-a0-n0-a0-b0-n0-f0-r2,6,0,9
IPC2000,elevator,mixed-f46-p23-u0-v0-g0-a0-n0-a0-b0-n0-f0-r3,6,0,9
IPC2000,elevator,mixed-f46-p23-u0-v0-g0-a0-n0-a0-b0-n0-f0-r3,6,0,9
IPC2000,elevator,mixed-f46-p23-u0-v0-g0-a0-n0-a0-b0-n0-f0-r4,6,0,9
IPC2000,elevator,mixed-f46-p23-u0-v0-g0-a0-n0-a0-b0-n0-f0-r4,6,0,9
IPC2000,elevator,mixed-f48-p24-u0-v0-g0-a0-n0-a0-b0-n0-f0-r0,6,0,9
IPC2000,elevator,mixed-f48-p24-u0-v0-g0-a0-n0-a0-b0-n0-f0-r0,6,0,9
IPC2000,elevator,mixed-f48-p24-u0-v0-g0-a0-n0-a0-b0-n0-f0-r1,6,0,9
IPC2000,elevator,mixed-f48-p24-u0-v0-g0-a0-n0-a0-b0-n0-f0-r1,6,0,9
IPC2000,elevator,mixed-f48-p24-u0-v0-g0-a0-n0-a0-b0-n0-f0-r2,6,0,9
IPC2000,elevator,mixed-f48-p24-u0-v0-g0-a0-n0-a0-b0-n0-f0-r2,6,0,9
IPC2000,elevator,mixed-f48-p24-u0-v0-g0-a0-n0-a0-b0-n0-f0-r3,6,0,9
IPC2000,elevator,mixed-f48-p24-u0-v0-g0-a0-n0-a0-b0-n0-f0-r3,6,0,9
IPC2000,elevator,mixed-f48-p24-u0-v0-g0-a0-n0-a0-b0-n0-f0-r4,6,0,9
IPC2000,elevator,mixed-f48-p24-u0-v0-g0-a0-n0-a0-b0-n0-f0-r4,6,0,9
IPC2000,elevator,mixed-f4-p2-u0-v0-g0-a0-n0-a0-b0-n0-f0-r0,6,7,6
IPC2000,elevator,mixed-f4-p2-u0-v0-g0-a0-n0-a0-b0-n0-f0-r0,6,7,6
IPC2000,elevator,mixed-f4-p2-u0-v0-g0-a0-n0-a0-b0-n0-f0-r1,5,7,6
IPC2000,elevator,mixed-f4-p2-u0-v0-g0-a0-n0-a0-b0-n0-f0-r1,5,7,6
IPC2000,elevator,mixed-f4-p2-u0-v0-g0-a0-n0-a0-b0-n0-f0-r2,5,7,6
IPC2000,elevator,mixed-f4-p2-u0-v0-g0-a0-n0-a0-b0-n0-f0-r2,5,7,6
IPC2000,elevator,mixed-f4-p2-u0-v0-g0-a0-n0-a0-b0-n0-f0-r3,5,7,6
IPC2000,elevator,mixed-f4-p2-u0-v0-g0-a0-n0-a0-b0-n0-f0-r3,5,7,6
IPC2000,elevator,mixed-f4-p2-u0-v0-g0-a0-n0-a0-b0-n0-f0-r4,6,7,6
IPC2000,elevator,mixed-f4-p2-u0-v0-g0-a0-n0-a0-b0-n0-f0-r4,6,7,6
IPC2000,elevator,mixed-f50-p25-u0-v0-g0-a0-n0-a0-b0-n0-f0-r0,6,0,9
IPC2000,elevator,mixed-f50-p25-u0-v0-g0-a0-n0-a0-b0-n0-f0-r0,6,0,9
IPC2000,elevator,mixed-f50-p25-u0-v0-g0-a0-n0-a0-b0-n0-f0-r1,6,0,9
IPC2000,elevator,mixed-f50-p25-u0-v0-g0-a0-n0-a0-b0-n0-f0-r1,6,0,9
IPC2000,elevator,mixed-f50-p25-u0-v0-g0-a0-n0-a0-b0-n0-f0-r2,6,0,9
IPC2000,elevator,mixed-f50-p25-u0-v0-g0-a0-n0-a0-b0-n0-f0-r2,6,0,9
IPC2000,elevator,mixed-f50-p25-u0-v0-g0-a0-n0-a0-b0-n0-f0-r3,6,0,9
IPC2000,elevator,mixed-f50-p25-u0-v0-g0-a0-n0-a0-b0-n0-f0-r3,6,0,9
IPC2000,elevator,mixed-f50-p25-u0-v0-g0-a0-n0-a0-b0-n0-f0-r4,6,0,9
IPC2000,elevator,mixed-f50-p25-u0-v0-g0-a0-n0-a0-b0-n0-f0-r4,6,0,9
IPC2000,elevator,mixed-f52-p26-u0-v0-g0-a0-n0-a0-b0-n0-f0-r0,6,0,9
IPC2000,elevator,mixed-f52-p26-u0-v0-g0-a0-n0-a0-b0-n0-f0-r0,6,0,9
IPC2000,elevator,mixed-f52-p26-u0-v0-g0-a0-n0-a0-b0-n0-f0-r1,6,0,9
IPC2000,elevator,mixed-f52-p26-u0-v0-g0-a0-n0-a0-b0-n0-f0-r1,6,0,9
IPC2000,elevator,mixed-f52-p26-u0-v0-g0-a0-n0-a0-b0-n0-f0-r2,6,0,9
IPC2000,elevator,mixed-f52-p26-u0-v0-g0-a0-n0-a0-b0-n0-f0-r2,6,0,9
IPC2000,elevator,mixed-f52-p26-u0-v0-g0-a0-n0-a0-b0-n0-f0-r3,6,0,9
IPC2000,elevator,mixed-f52-p26-u0-v0-g0-a0-n0-a0-b0-n0-f0-r3,6,0,9
IPC2000,elevator,mixed-f52-p26-u0-v0-g0-a0-n0-a0-b0-n0-f0-r4,6,0,9
IPC2000,elevator,mixed-f52-p26-u0-v0-g0-a0-n0-a0-b0-n0-f0-r4,6,0,9
IPC2000,elevator,mixed-f54-p27-u0-v0-g0-a0-n0-a0-b0-n0-f0-r0,6,0,9
IPC2000,elevator,mixed-f54-p27-u0-v0-g0-a0-n0-a0-b0-n0-f0-r0,6,0,9
IPC2000,elevator,mixed-f54-p27-u0-v0-g0-a0-n0-a0-b0-n0-f0-r1,6,0,9
IPC2000,elevator,mixed-f54-p27-u0-v0-g0-a0-n0-a0-b0-n0-f0-r1,6,0,9
IPC2000,elevator,mixed-f54-p27-u0-v0-g0-a0-n0-a0-b0-n0-f0-r2,6,0,9
IPC2000,elevator,mixed-f54-p27-u0-v0-g0-a0-n0-a0-b0-n0-f0-r2,6,0,9
IPC2000,elevator,mixed-f54-p27-u0-v0-g0-a0-n0-a0-b0-n0-f0-r3,6,0,9
IPC2000,elevator,mixed-f54-p27-u0-v0-g0-a0-n0-a0-b0-n0-f0-r3,6,0,9
IPC2000,elevator,mixed-f54-p27-u0-v0-g0-a0-n0-a0-b0-n0-f0-r4,6,0,9
IPC2000,elevator,mixed-f54-p27-u0-v0-g0-a0-n0-a0-b0-n0-f0-r4,6,0,9
IPC2000,elevator,mixed-f56-p28-u0-v0-g0-a0-n0-a0-b0-n0-f0-r0,6,0,9
IPC2000,elevator,mixed-f56-p28-u0-v0-g0-a0-n0-a0-b0-n0-f0-r0,6,0,9
IPC2000,elevator,mixed-f56-p28-u0-v0-g0-a0-n0-a0-b0-n0-f0-r1,6,0,9
IPC2000,elevator,mixed-f56-p28-u0-v0-g0-a0-n0-a0-b0-n0-f0-r1,6,0,9
IPC2000,elevator,mixed-f56-p28-u0-v0-g0-a0-n0-a0-b0-n0-f0-r2,6,0,9
IPC2000,elevator,mixed-f56-p28-u0-v0-g0-a0-n0-a0-b0-n0-f0-r2,6,0,9
IPC2000,elevator,mixed-f56-p28-u0-v0-g0-a0-n0-a0-b0-n0-f0-r3,6,0,9
IPC2000,elevator,mixed-f56-p28-u0-v0-g0-a0-n0-a0-b0-n0-f0-r3,6,0,9
IPC2000,elevator,mixed-f56-p28-u0-v0-g0-a0-n0-a0-b0-n0-f0-r4,6,0,9
IPC2000,elevator,mixed-f56-p28-u0-v0-g0-a0-n0-a0-b0-n0-f0-r4,6,0,9
IPC2000,elevator,mixed-f58-p29-u0-v0-g0-a0-n0-a0-b0-n0-f0-r0,6,0,9
IPC2000,elevator,mixed-f58-p29-u0-v0-g0-a0-n0-a0-b0-n0-f0-r0,6,0,9
IPC2000,elevator,mixed-f58-p29-u0-v0-g0-a0-n0-a0-b0-n0-f0-r1,6,0,9
IPC2000,elevator,mixed-f58-p29-u0-v0-g0-a0-n0-a0-b0-n0-f0-r1,6,0,9
IPC2000,elevator,mixed-f58-p29-u0-v0-g0-a0-n0-a0-b0-n0-f0-r2,6,0,9
IPC2000,elevator,mixed-f58-p29-u0-v0-g0-a0-n0-a0-b0-n0-f0-r2,6,0,9
IPC2000,elevator,mixed-f58-p29-u0-v0-g0-a0-n0-a0-b0-n0-f0-r3,6,0,9
IPC2000,elevator,mixed-f58-p29-u0-v0-g0-a0-n0-a0-b0-n0-f0-r3,6,0,9
IPC2000,elevator,mixed-f58-p29-u0-v0-g0-a0-n0-a0-b0-n0-f0-r4,6,0,9
IPC2000,elevator,mixed-f58-p29-u0-v0-g0-a0-n0-a0-b0-n0-f0-r4,6,0,9
IPC2000,elevator,mixed-f60-p30-u0-v0-g0-a0-n0-a0-b0-n0-f0-r0,6,0,9
IPC2000,elevator,mixed-f60-p30-u0-v0-g0-a0-n0-a0-b0-n0-f0-r0,6,0,9
IPC2000,elevator,mixed-f60-p30-u0-v0-g0-a0-n0-a0-b0-n0-f0-r1,6,0,9
IPC2000,elevator,mixed-f60-p30-u0-v0-g0-a0-n0-a0-b0-n0-f0-r1,6,0,9
IPC2000,elevator,mixed-f60-p30-u0-v0-g0-a0-n0-a0-b0-n0-f0-r2,6,0,9
IPC2000,elevator,mixed-f60-p30-u0-v0-g0-a0-n0-a0-b0-n0-f0-r2,6,0,9
IPC2000,elevator,mixed-f60-p30-u0-v0-g0-a0-n0-a0-b0-n0-f0-r3,6,0,9
IPC2000,elevator,mixed-f60-p30-u0-v0-g0-a0-n0-a0-b0-n0-f0-r3,6,0,9
IPC2000,elevator,mixed-f60-p30-u0-v0-g0-a0-n0-a0-b0-n0-f0-r4,6,0,9
IPC2000,elevator,mixed-f60-p30-u0-v0-g0-a0-n0-a0-b0-n0-f0-r4,6,0,9
IPC2000,elevator,mixed-f6-p3-u0-v0-g0-a0-n0-a0-b0-n0-f0-r0,6,10,8
IPC2000,elevator,mixed-f6-p3-u0-v0-g0-a0-n0-a0-b0-n0-f0-r0,6,10,8
IPC2000,elevator,mixed-f6-p3-u0-v0-g0-a0-n0-a0-b0-n0-f0-r1,6,11,10
IPC2000,elevator,mixed-f6-p3-u0-v0-g0-a0-n0-a0-b0-n0-f0-r1,6,11,10
IPC2000,elevator,mixed-f6-p3-u0-v0-g0-a0-n0-a0-b0-n0-f0-r2,5,10,8
IPC2000,elevator,mixed-f6-p3-u0-v0-g0-a0-n0-a0-b0-n0-f0-r2,5,10,8
IPC2000,elevator,mixed-f6-p3-u0-v0-g0-a0-n0-a0-b0-n0-f0-r3,6,10,9
IPC2000,elevator,mixed-f6-p3-u0-v0-g0-a0-n0-a0-b0-n0-f0-r3,6,10,9
IPC2000,elevator,mixed-f6-p3-u0-v0-g0-a0-n0-a0-b0-n0-f0-r4,5,10,8
IPC2000,elevator,mixed-f6-p3-u0-v0-g0-a0-n0-a0-b0-n0-f0-r4,5,10,8
IPC2000,elevator,mixed-f8-p4-u0-v0-g0-a0-n0-a0-b0-n0-f0-r0,6,14,12
IPC2000,elevator,mixed-f8-p4-u0-v0-g0-a0-n0-a0-b0-n0-f0-r0,6,14,12
IPC2000,elevator,mixed-f8-p4-u0-v0-g0-a0-n0-a0-b0-n0-f0-r1,6,13,11
IPC2000,elevator,mixed-f8-p4-u0-v0-g0-a0-n0-a0-b0-n0-f0-r1,6,13,11
IPC2000,elevator,mixed-f8-p4-u0-v0-g0-a0-n0-a0-b0-n0-f0-r2,6,15,14
IPC2000,elevator,mixed-f8-p4-u0-v0-g0-a0-n0-a0-b0-n0-f0-r2,6,15,14
IPC2000,elevator,mixed-f8-p4-u0-v0-g0-a0-n0-a0-b0-n0-f0-r3,6,15,14
IPC2000,elevator,mixed-f8-p4-u0-v0-g0-a0-n0-a0-b0-n0-f0-r3,6,15,14
IPC2000,elevator,mixed-f8-p4-u0-v0-g0-a0-n0-a0-b0-n0-f0-r4,6,0,14
IPC2000,elevator,mixed-f8-p4-u0-v0-g0-a0-n0-a0-b0-n0-f0-r4,6,0,14
IPC2000,freecell,freecell-10-1,0,0,0
IPC2000,freecell,freecell-10-1,0,0,0
IPC2000,freecell,freecell-10-2,0,0,0
IPC2000,freecell,freecell-10-2,0,0,0
IPC2000,freecell,freecell-10-3,0,0,0
IPC2000,freecell,freecell-10-3,0,0,0
IPC2000,freecell,freecell-10-4,0,0,0
IPC2000,freecell,freecell-10-4,0,0,0
IPC2000,freecell,freecell-10-5,0,0,0
IPC2000,freecell,freecell-10-5,0,0,0
IPC2000,freecell,freecell-11-1,0,0,0
IPC2000,freecell,freecell-11-1,0,0,0
IPC2000,freecell,freecell-11-2,0,0,0
IPC2000,freecell,freecell-11-2,0,0,0
IPC2000,freecell,freecell-11-3,0,0,0
IPC2000,freecell,freecell-11-3,0,0,0
IPC2000,freecell,freecell-11-4,0,0,0
IPC2000,freecell,freecell-11-4,0,0,0
IPC2000,freecell,freecell-11-5,0,0,0
IPC2000,freecell,freecell-11-5,0,0,0
IPC2000,freecell,freecell-12-1,0,0,0
IPC2000,freecell,freecell-12-1,0,0,0
IPC2000,freecell,freecell-12-2,0,0,0
IPC2000,freecell,freecell-12-2,0,0,0
IPC2000,freecell,freecell-12-3,0,0,0
IPC2000,freecell,freecell-12-3,0,0,0
IPC2000,freecell,freecell-12-4,0,0,0
IPC2000,freecell,freecell-12-4,0,0,0
IPC2000,freecell,freecell-12-5,0,0,0
IPC2000,freecell,freecell-12-5,0,0,0
IPC2000,freecell,freecell-13-1,0,0,0
IPC2000,freecell,freecell-13-1,0,0,0
IPC2000,freecell,freecell-13-2,0,0,0
IPC2000,freecell,freecell-13-2,0,0,0
IPC2000,freecell,freecell-13-3,0,0,0
IPC2000,freecell,freecell-13-3,0,0,0
IPC2000,freecell,freecell-13-4,0,0,0
IPC2000,freecell,freecell-13-4,0,0,0
IPC2000,freecell,freecell-13-5,0,0,0
IPC2000,freecell,freecell-13-5,0,0,0
IPC2000,freecell,freecell-2-1,4,9,6
IPC2000,freecell,freecell-2-1,4,9,6
IPC2000,freecell,freecell-2-2,4,8,6
IPC2000,freecell,freecell-2-2,4,8,6
IPC2000,freecell,freecell-2-3,4,9,5
IPC2000,freecell,freecell-2-3,4,9,5
IPC2000,freecell,freecell-2-4,4,9,6
IPC2000,freecell,freecell-2-4,4,9,6
IPC2000,freecell,freecell-2-5,4,9,6
IPC2000,freecell,freecell-2-5,4,9,6
IPC2000,freecell,freecell-3-1,6,0,10
IPC2000,freecell,freecell-3-1,6,0,10
IPC2000,freecell,freecell-3-2,5,0,10
IPC2000,freecell,freecell-3-2,5,0,10
IPC2000,freecell,freecell-3-3,5,0,10
IPC2000,freecell,freecell-3-3,5,0,10
IPC2000,freecell,freecell-3-4,4,0,10
IPC2000,freecell,freecell-3-4,4,0,10
IPC2000,freecell,freecell-3-5,5,0,10
IPC2000,freecell,freecell-3-5,5,0,10
IPC2000,freecell,freecell-4-1,7,0,10
IPC2000,freecell,freecell-4-1,7,0,10
IPC2000,freecell,freecell-4-2,6,0,10
IPC2000,freecell,freecell-4-2,6,0,10
IPC2000,freecell,freecell-4-3,6,0,11
IPC2000,freecell,freecell-4-3,6,0,11
IPC2000,freecell,freecell-4-4,6,0,10
IPC2000,freecell,freecell-4-4,6,0,10
IPC2000,freecell,freecell-4-5,6,0,11
IPC2000,freecell,freecell-4-5,6,0,11
IPC2000,freecell,freecell-5-1,8,0,10
IPC2000,freecell,freecell-5-1,8,0,10
IPC2000,freecell,freecell-5-2,7,0,10
IPC2000,freecell,freecell-5-2,7,0,10
IPC2000,freecell,freecell-5-3,8,0,10
IPC2000,freecell,freecell-5-3,8,0,10
IPC2000,freecell,freecell-5-4,7,0,10
IPC2000,freecell,freecell-5-4,7,0,10
IPC2000,freecell,freecell-5-5,9,0,10
IPC2000,freecell,freecell-5-5,9,0,10
IPC2000,freecell,freecell-6-1,10,0,10
IPC2000,freecell,freecell-6-1,10,0,10
IPC2000,freecell,freecell-6-2,9,0,10
IPC2000,freecell,freecell-6-2,9,0,10
IPC2000,freecell,freecell-6-3,9,0,10
IPC2000,freecell,freecell-6-3,9,0,10
IPC2000,freecell,freecell-6-4,9,0,10
IPC2000,freecell,freecell-6-4,9,0,10
IPC2000,freecell,freecell-6-5,10,0,11
IPC2000,freecell,freecell-6-5,10,0,11
IPC2000,freecell,freecell-7-1,11,0,11
IPC2000,freecell,freecell-7-1,11,0,11
IPC2000,freecell,freecell-7-2,10,0,10
IPC2000,freecell,freecell-7-2,10,0,10
IPC2000,freecell,freecell-7-3,10,0,10
IPC2000,freecell,freecell-7-3,10,0,10
IPC2000,freecell,freecell-7-4,11,0,11
IPC2000,freecell,freecell-7-4,11,0,11
IPC2000,freecell,freecell-7-5,11,0,12
IPC2000,freecell,freecell-7-5,11,0,12
IPC2000,freecell,freecell-8-1,12,0,12
IPC2000,freecell,freecell-8-1,12,0,12
IPC2000,freecell,freecell-8-2,12,0,12
IPC2000,freecell,freecell-8-2,12,0,12
IPC2000,freecell,freecell-8-3,11,0,11
IPC2000,freecell,freecell-8-3,11,0,12
IPC2000,freecell,freecell-8-4,0,0,0
IPC2000,freecell,freecell-8-4,0,0,0
IPC2000,freecell,freecell-8-5,0,0,0
IPC2000,freecell,freecell-8-5,0,0,0
IPC2000,freecell,freecell-9-1,0,0,0
IPC2000,freecell,freecell-9-1,0,0,0
IPC2000,freecell,freecell-9-2,0,0,0
IPC2000,freecell,freecell-9-2,0,0,0
IPC2000,freecell,freecell-9-3,0,0,0
IPC2000,freecell,freecell-9-3,0,0,0
IPC2000,freecell,freecell-9-4,0,0,0
IPC2000,freecell,freecell-9-4,0,0,0
IPC2000,freecell,freecell-9-5,0,0,0
IPC2000,freecell,freecell-9-5,0,0,0
IPC2000,logistics,logistics-10-0,0,0,0
IPC2000,logistics,logistics-10-0,10,53,15
IPC2000,logistics,logistics-100-0,0,0,0
IPC2000,logistics,logistics-100-1,0,0,0
IPC2000,logistics,logistics-10-1,10,42,12
IPC2000,logistics,logistics-10-1,0,0,0
IPC2000,logistics,logistics-11-0,0,0,0
IPC2000,logistics,logistics-11-0,10,50,13
IPC2000,logistics,logistics-11-1,10,63,15
IPC2000,logistics,logistics-11-1,0,0,0
IPC2000,logistics,logistics-12-0,10,43,12
IPC2000,logistics,logistics-12-0,0,0,0
IPC2000,logistics,logistics-12-1,10,70,15
IPC2000,logistics,logistics-12-1,0,0,0
IPC2000,logistics,logistics-13-0,9,88,15
IPC2000,logistics,logistics-13-0,0,0,0
IPC2000,logistics,logistics-13-1,9,68,13
IPC2000,logistics,logistics-13-1,0,0,0
IPC2000,logistics,logistics-14-0,9,66,12
IPC2000,logistics,logistics-14-0,0,0,0
IPC2000,logistics,logistics-14-1,9,77,13
IPC2000,logistics,logistics-14-1,0,0,0
IPC2000,logistics,logistics-15-0,0,0,0
IPC2000,logistics,logistics-15-0,9,86,14
IPC2000,logistics,logistics-15-1,9,73,12
IPC2000,logistics,logistics-15-1,0,0,0
IPC2000,logistics,logistics-16-0,0,0,0
IPC2000,logistics,logistics-16-0,9,0,21
IPC2000,logistics,logistics-16-1,0,0,0
IPC2000,logistics,logistics-16-1,9,0,21
IPC2000,logistics,logistics-17-0,0,0,0
IPC2000,logistics,logistics-17-0,9,0,21
IPC2000,logistics,logistics-17-1,0,0,0
IPC2000,logistics,logistics-17-1,9,0,20
IPC2000,logistics,logistics-18-0,0,0,0
IPC2000,logistics,logistics-18-0,9,0,21
IPC2000,logistics,logistics-18-1,9,86,15
IPC2000,logistics,logistics-18-1,0,0,0
IPC2000,logistics,logistics-19-0,0,0,0
IPC2000,logistics,logistics-19-0,9,0,18
IPC2000,logistics,logistics-19-1,0,0,0
IPC2000,logistics,logistics-19-1,9,0,18
IPC2000,logistics,logistics-20-0,0,0,0
IPC2000,logistics,logistics-20-0,9,0,18
IPC2000,logistics,logistics-20-1,0,0,0
IPC2000,logistics,logistics-20-1,9,0,17
IPC2000,logistics,logistics-21-0,0,0,0
IPC2000,logistics,logistics-21-0,9,0,17
IPC2000,logistics,logistics-21-1,0,0,0
IPC2000,logistics,logistics-21-1,9,0,17
IPC2000,logistics,logistics-22-0,9,0,16
IPC2000,logistics,logistics-22-0,0,0,0
IPC2000,logistics,logistics-22-1,0,0,0
IPC2000,logistics,logistics-22-1,9,0,15
IPC2000,logistics,logistics-23-0,9,0,15
IPC2000,logistics,logistics-23-0,0,0,0
IPC2000,logistics,logistics-23-1,9,0,15
IPC2000,logistics,logistics-23-1,0,0,0
IPC2000,logistics,logistics-24-0,0,0,0
IPC2000,logistics,logistics-24-0,9,0,15
IPC2000,logistics,logistics-24-1,0,0,0
IPC2000,logistics,logistics-24-1,9,0,15
IPC2000,logistics,logistics-25-0,9,0,14
IPC2000,logistics,logistics-25-0,0,0,0
IPC2000,logistics,logistics-25-1,9,0,14
IPC2000,logistics,logistics-25-1,0,0,0
IPC2000,logistics,logistics-26-0,0,0,0
IPC2000,logistics,logistics-26-0,9,0,13
IPC2000,logistics,logistics-26-1,0,0,0
IPC2000,logistics,logistics-26-1,9,0,13
IPC2000,logistics,logistics-27-0,9,0,13
IPC2000,logistics,logistics-27-0,0,0,0
IPC2000,logistics,logistics-27-1,0,0,0
IPC2000,logistics,logistics-27-1,9,0,13
IPC2000,logistics,logistics-28-0,0,0,0
IPC2000,logistics,logistics-28-0,9,0,13
IPC2000,logistics,logistics-28-1,9,0,13
IPC2000,logistics,logistics-28-1,0,0,0
IPC2000,logistics,logistics-29-0,0,0,0
IPC2000,logistics,logistics-29-0,9,0,13
IPC2000,logistics,logistics-29-1,0,0,0
IPC2000,logistics,logistics-29-1,9,0,13
IPC2000,logistics,logistics-30-0,0,0,0
IPC2000,logistics,logistics-30-0,9,0,13
IPC2000,logistics,logistics-30-1,0,0,0
IPC2000,logistics,logistics-30-1,9,0,13
IPC2000,logistics,logistics-31-0,0,0,0
IPC2000,logistics,logistics-31-0,9,0,12
IPC2000,logistics,logistics-31-1,0,0,0
IPC2000,logistics,logistics-31-1,9,0,13
IPC2000,logistics,logistics-32-0,0,0,0
IPC2000,logistics,logistics-32-0,9,0,12
IPC2000,logistics,logistics-32-1,9,0,12
IPC2000,logistics,logistics-32-1,0,0,0
IPC2000,logistics,logistics-33-0,9,0,12
IPC2000,logistics,logistics-33-0,0,0,0
IPC2000,logistics,logistics-33-1,9,0,12
IPC2000,logistics,logistics-33-1,0,0,0
IPC2000,logistics,logistics-34-0,0,0,0
IPC2000,logistics,logistics-34-0,9,0,12
IPC2000,logistics,logistics-34-1,0,0,0
IPC2000,logistics,logistics-34-1,9,0,12
IPC2000,logistics,logistics-35-0,9,0,12
IPC2000,logistics,logistics-35-0,0,0,0
IPC2000,logistics,logistics-35-1,0,0,0
IPC2000,logistics,logistics-35-1,9,0,12
IPC2000,logistics,logistics-36-0,9,0,12
IPC2000,logistics,logistics-36-0,0,0,0
IPC2000,logistics,logistics-36-1,9,0,12
IPC2000,logistics,logistics-36-1,0,0,0
IPC2000,logistics,logistics-37-0,0,0,0
IPC2000,logistics,logistics-37-0,9,0,12
IPC2000,logistics,logistics-37-1,9,0,11
IPC2000,logistics,logistics-37-1,0,0,0
IPC2000,logistics,logistics-38-0,9,0,11
IPC2000,logistics,logistics-38-0,0,0,0
IPC2000,logistics,logistics-38-1,9,0,11
IPC2000,logistics,logistics-38-1,0,0,0
IPC2000,logistics,logistics-39-0,9,0,11
IPC2000,logistics,logistics-39-0,0,0,0
IPC2000,logistics,logistics-39-1,9,0,11
IPC2000,logistics,logistics-39-1,0,0,0
IPC2000,logistics,logistics-4-0,9,20,9
IPC2000,logistics,logistics-4-0,0,0,0
IPC2000,logistics,logistics-40-0,0,0,0
IPC2000,logistics,logistics-40-0,9,0,11
IPC2000,logistics,logistics-40-1,9,0,11
IPC2000,logistics,logistics-40-1,0,0,0
IPC2000,logistics,logistics-4-1,0,0,0
IPC2000,logistics,logistics-4-1,9,19,9
IPC2000,logistics,logistics-41-0,9,0,11
IPC2000,logistics,logistics-41-0,0,0,0
IPC2000,logistics,logistics-41-1,0,0,0
IPC2000,logistics,logistics-41-1,9,0,11
IPC2000,logistics,logistics-4-2,9,15,9
IPC2000,logistics,logistics-4-2,0,0,0
IPC2000,logistics,logistics-42-0,9,0,11
IPC2000,logistics,logistics-42-1,9,0,10
IPC2000,logistics,logistics-43-0,9,0,10
IPC2000,logistics,logistics-43-1,9,0,10
IPC2000,logistics,logistics-44-0,9,0,10
IPC2000,logistics,logistics-44-1,9,0,10
IPC2000,logistics,logistics-45-0,9,0,10
IPC2000,logistics,logistics-45-1,9,0,10
IPC2000,logistics,logistics-46-0,9,0,10
IPC2000,logistics,logistics-46-1,9,0,10
IPC2000,logistics,logistics-47-0,9,0,10
IPC2000,logistics,logistics-47-1,9,0,10
IPC2000,logistics,logistics-48-0,9,0,10
IPC2000,logistics,logistics-48-1,9,0,10
IPC2000,logistics,logistics-49-0,9,0,9
IPC2000,logistics,logistics-49-1,9,0,9
IPC2000,logistics,logistics-5-0,9,27,9
IPC2000,logistics,logistics-5-0,0,0,0
IPC2000,logistics,logistics-50-0,9,0,9
IPC2000,logistics,logistics-50-1,9,0,9
IPC2000,logistics,logistics-5-1,9,17,9
IPC2000,logistics,logistics-5-1,0,0,0
IPC2000,logistics,logistics-51-0,9,0,9
IPC2000,logistics,logistics-51-1,9,0,9
IPC2000,logistics,logistics-5-2,3,8,3
IPC2000,logistics,logistics-5-2,0,0,0
IPC2000,logistics,logistics-52-0,9,0,9
IPC2000,logistics,logistics-52-1,9,0,9
IPC2000,logistics,logistics-53-0,9,0,9
IPC2000,logistics,logistics-53-1,9,0,9
IPC2000,logistics,logistics-54-0,9,0,9
IPC2000,logistics,logistics-54-1,9,0,9
IPC2000,logistics,logistics-55-0,9,0,9
IPC2000,logistics,logistics-55-1,9,0,9
IPC2000,logistics,logistics-56-0,9,0,9
IPC2000,logistics,logistics-56-1,9,0,9
IPC2000,logistics,logistics-57-0,9,0,9
IPC2000,logistics,logistics-57-1,9,0,9
IPC2000,logistics,logistics-58-0,9,0,9
IPC2000,logistics,logistics-58-1,9,0,9
IPC2000,logistics,logistics-59-0,9,0,9
IPC2000,logistics,logistics-59-1,9,0,9
IPC2000,logistics,logistics-6-0,0,0,0
IPC2000,logistics,logistics-6-0,9,25,9
IPC2000,logistics,logistics-60-0,9,0,9
IPC2000,logistics,logistics-60-1,9,0,9
IPC2000,logistics,logistics-6-1,9,14,9
IPC2000,logistics,logistics-6-1,0,0,0
IPC2000,logistics,logistics-61-0,0,0,0
IPC2000,logistics,logistics-61-1,0,0,0
IPC2000,logistics,logistics-6-2,9,26,9
IPC2000,logistics,logistics-6-2,0,0,0
IPC2000,logistics,logistics-62-0,0,0,0
IPC2000,logistics,logistics-62-1,0,0,0
IPC2000,logistics,logistics-6-3,0,0,0
IPC2000,logistics,logistics-63-0,0,0,0
IPC2000,logistics,logistics-63-1,0,0,0
IPC2000,logistics,logistics-64-0,0,0,0
IPC2000,logistics,logistics-64-1,0,0,0
IPC2000,logistics,logistics-65-0,0,0,0
IPC2000,logistics,logistics-65-1,0,0,0
IPC2000,logistics,logistics-66-0,0,0,0
IPC2000,logistics,logistics-66-1,0,0,0
IPC2000,logistics,logistics-67-0,0,0,0
IPC2000,logistics,logistics-67-1,0,0,0
IPC2000,logistics,logistics-68-0,0,0,0
IPC2000,logistics,logistics-68-1,0,0,0
IPC2000,logistics,logistics-6-9,10,25,11
IPC2000,logistics,logistics-6-9,10,25,11
IPC2000,logistics,logistics-69-0,0,0,0
IPC2000,logistics,logistics-69-1,0,0,0
IPC2000,logistics,logistics-7-0,0,0,0
IPC2000,logistics,logistics-7-0,10,38,12
IPC2000,logistics,logistics-70-0,0,0,0
IPC2000,logistics,logistics-70-1,0,0,0
IPC2000,logistics,logistics-7-1,10,45,13
IPC2000,logistics,logistics-7-1,0,0,0
IPC2000,logistics,logistics-71-0,0,0,0
IPC2000,logistics,logistics-71-1,0,0,0
IPC2000,logistics,logistics-72-0,0,0,0
IPC2000,logistics,logistics-72-1,0,0,0
IPC2000,logistics,logistics-73-0,0,0,0
IPC2000,logistics,logistics-73-1,0,0,0
IPC2000,logistics,logistics-74-0,0,0,0
IPC2000,logistics,logistics-74-1,0,0,0
IPC2000,logistics,logistics-75-0,0,0,0
IPC2000,logistics,logistics-75-1,0,0,0
IPC2000,logistics,logistics-76-0,0,0,0
IPC2000,logistics,logistics-76-1,0,0,0
IPC2000,logistics,logistics-77-0,0,0,0
IPC2000,logistics,logistics-77-1,0,0,0
IPC2000,logistics,logistics-78-0,0,0,0
IPC2000,logistics,logistics-78-1,0,0,0
IPC2000,logistics,logistics-79-0,0,0,0
IPC2000,logistics,logistics-79-1,0,0,0
IPC2000,logistics,logistics-8-0,9,31,11
IPC2000,logistics,logistics-8-0,0,0,0
IPC2000,logistics,logistics-80-0,0,0,0
IPC2000,logistics,logistics-80-1,0,0,0
IPC2000,logistics,logistics-8-1,0,0,0
IPC2000,logistics,logistics-8-1,10,46,12
IPC2000,logistics,logistics-81-0,0,0,0
IPC2000,logistics,logistics-81-1,0,0,0
IPC2000,logistics,logistics-82-0,0,0,0
IPC2000,logistics,logistics-82-1,0,0,0
IPC2000,logistics,logistics-83-0,0,0,0
IPC2000,logistics,logistics-83-1,0,0,0
IPC2000,logistics,logistics-84-0,0,0,0
IPC2000,logistics,logistics-84-1,0,0,0
IPC2000,logistics,logistics-85-0,0,0,0
IPC2000,logistics,logistics-85-1,0,0,0
IPC2000,logistics,logistics-86-0,0,0,0
IPC2000,logistics,logistics-86-1,0,0,0
IPC2000,logistics,logistics-87-0,0,0,0
IPC2000,logistics,logistics-87-1,0,0,0
IPC2000,logistics,logistics-88-0,0,0,0
IPC2000,logistics,logistics-88-1,0,0,0
IPC2000,logistics,logistics-89-0,0,0,0
IPC2000,logistics,logistics-89-1,0,0,0
IPC2000,logistics,logistics-9-0,0,0,0
IPC2000,logistics,logistics-9-0,10,36,11
IPC2000,logistics,logistics-90-0,0,0,0
IPC2000,logistics,logistics-90-1,0,0,0
IPC2000,logistics,logistics-9-1,9,31,10
IPC2000,logistics,logistics-9-1,0,0,0
IPC2000,logistics,logistics-91-0,0,0,0
IPC2000,logistics,logistics-91-1,0,0,0
IPC2000,logistics,logistics-92-0,0,0,0
IPC2000,logistics,logistics-92-1,0,0,0
IPC2000,logistics,logistics-93-0,0,0,0
IPC2000,logistics,logistics-93-1,0,0,0
IPC2000,logistics,logistics-94-0,0,0,0
IPC2000,logistics,logistics-94-1,0,0,0
IPC2000,logistics,logistics-95-0,0,0,0
IPC2000,logistics,logistics-95-1,0,0,0
IPC2000,logistics,logistics-96-0,0,0,0
IPC2000,logistics,logistics-96-1,0,0,0
IPC2000,logistics,logistics-97-0,0,0,0
IPC2000,logistics,logistics-97-1,0,0,0
IPC2000,logistics,logistics-98-0,0,0,0
IPC2000,logistics,logistics-98-1,0,0,0
IPC2000,logistics,logistics-99-0,0,0,0
IPC2000,logistics,logistics-99-1,0,0,0
IPC2000,logistics,log-x-1,9,27,9
IPC2000,logistics,log-x-1,9,27,9
IPC2000,logistics,log-x-1,0,0,0
IPC2000,logistics,log-x-2,0,0,0
IPC2000,logistics,log-x-2,7,32,7
IPC2000,logistics,log-x-2,7,32,7
IPC2000,logistics,log-x-3,0,0,0
IPC2000,logistics,log-x-3,10,0,13
IPC2000,logistics,log-x-3,10,0,13
IPC2000,logistics,log-x-4,0,0,0
IPC2000,logistics,log-x-4,10,0,13
IPC2000,logistics,log-x-4,10,0,13
IPC2000,schedule,schedule-10-0,3,0,6
IPC2000,schedule,schedule-10-1,3,0,6
IPC2000,schedule,schedule-10-2,3,0,6
IPC2000,schedule,schedule-10-3,3,0,6
IPC2000,schedule,schedule-10-4,3,16,4
IPC2000,schedule,schedule-10-5,3,19,3
IPC2000,schedule,schedule-10-6,3,20,4
IPC2000,schedule,schedule-10-7,3,0,6
IPC2000,schedule,schedule-10-8,3,0,6
IPC2000,schedule,schedule-10-9,3,0,6
IPC2000,schedule,schedule-11-0,3,0,6
IPC2000,schedule,schedule-11-1,3,19,3
IPC2000,schedule,schedule-11-2,3,0,6
IPC2000,schedule,schedule-11-3,3,18,5
IPC2000,schedule,schedule-11-4,3,0,6
IPC2000,schedule,schedule-11-5,3,0,6
IPC2000,schedule,schedule-11-6,3,0,6
IPC2000,schedule,schedule-11-7,3,0,6
IPC2000,schedule,schedule-11-8,3,0,6
IPC2000,schedule,schedule-11-9,3,0,6
IPC2000,schedule,schedule-12-0,3,0,6
IPC2000,schedule,schedule-12-1,3,21,3
IPC2000,schedule,schedule-12-2,3,0,6
IPC2000,schedule,schedule-12-3,3,0,6
IPC2000,schedule,schedule-12-4,3,0,6
IPC2000,schedule,schedule-12-5,3,0,6
IPC2000,schedule,schedule-12-6,3,0,6
IPC2000,schedule,schedule-12-7,3,0,6
IPC2000,schedule,schedule-12-8,3,0,6
IPC2000,schedule,schedule-12-9,3,0,6
IPC2000,schedule,schedule-13-0,3,0,5
IPC2000,schedule,schedule-13-1,3,0,5
IPC2000,schedule,schedule-13-2,3,0,6
IPC2000,schedule,schedule-13-3,3,0,5
IPC2000,schedule,schedule-13-4,3,0,6
IPC2000,schedule,schedule-13-5,3,0,6
IPC2000,schedule,schedule-13-6,3,0,5
IPC2000,schedule,schedule-13-7,3,0,5
IPC2000,schedule,schedule-13-8,3,0,5
IPC2000,schedule,schedule-13-9,3,0,5
IPC2000,schedule,schedule-14-0,3,0,5
IPC2000,schedule,schedule-14-1,3,0,5
IPC2000,schedule,schedule-14-2,3,0,5
IPC2000,schedule,schedule-14-3,3,0,5
IPC2000,schedule,schedule-14-4,3,0,5
IPC2000,schedule,schedule-14-5,3,0,5
IPC2000,schedule,schedule-14-6,3,0,5
IPC2000,schedule,schedule-14-7,3,0,5
IPC2000,schedule,schedule-14-8,3,0,5
IPC2000,schedule,schedule-14-9,3,0,5
IPC2000,schedule,schedule-15-0,3,0,5
IPC2000,schedule,schedule-15-1,3,0,5
IPC2000,schedule,schedule-15-2,3,0,5
IPC2000,schedule,schedule-15-3,3,0,5
IPC2000,schedule,schedule-15-4,3,0,5
IPC2000,schedule,schedule-15-5,3,0,5
IPC2000,schedule,schedule-15-6,3,0,5
IPC2000,schedule,schedule-15-7,3,0,5
IPC2000,schedule,schedule-15-8,3,0,5
IPC2000,schedule,schedule-15-9,3,0,5
IPC2000,schedule,schedule-16-0,3,0,5
IPC2000,schedule,schedule-16-1,3,0,5
IPC2000,schedule,schedule-16-2,3,0,5
IPC2000,schedule,schedule-16-3,3,0,5
IPC2000,schedule,schedule-16-4,3,0,5
IPC2000,schedule,schedule-16-5,3,0,5
IPC2000,schedule,schedule-16-6,3,0,5
IPC2000,schedule,schedule-16-7,3,0,5
IPC2000,schedule,schedule-16-8,3,0,5
IPC2000,schedule,schedule-16-9,3,0,5
IPC2000,schedule,schedule-17-0,3,0,5
IPC2000,schedule,schedule-17-1,3,0,5
IPC2000,schedule,schedule-17-2,3,0,5
IPC2000,schedule,schedule-17-3,3,0,5
IPC2000,schedule,schedule-17-4,3,0,5
IPC2000,schedule,schedule-17-5,3,0,5
IPC2000,schedule,schedule-17-6,3,0,5
IPC2000,schedule,schedule-17-7,3,0,5
IPC2000,schedule,schedule-17-8,3,0,5
IPC2000,schedule,schedule-17-9,3,0,5
IPC2000,schedule,schedule-18-0,3,0,5
IPC2000,schedule,schedule-18-1,3,0,5
IPC2000,schedule,schedule-18-2,3,0,5
IPC2000,schedule,schedule-18-3,3,0,5
IPC2000,schedule,schedule-18-4,3,0,5
IPC2000,schedule,schedule-18-5,3,0,5
IPC2000,schedule,schedule-18-6,3,0,5
IPC2000,schedule,schedule-18-7,3,0,5
IPC2000,schedule,schedule-18-8,3,0,5
IPC2000,schedule,schedule-18-9,3,0,5
IPC2000,schedule,schedule-19-0,3,0,5
IPC2000,schedule,schedule-19-1,3,0,5
IPC2000,schedule,schedule-19-2,3,0,5
IPC2000,schedule,schedule-19-3,3,0,5
IPC2000,schedule,schedule-19-4,3,0,5
IPC2000,schedule,schedule-19-5,3,0,5
IPC2000,schedule,schedule-19-6,3,0,5
IPC2000,schedule,schedule-19-7,3,0,5
IPC2000,schedule,schedule-19-8,3,0,5
IPC2000,schedule,schedule-19-9,3,0,5
IPC2000,schedule,schedule-2-0,2,3,2
IPC2000,schedule,schedule-20-0,3,0,5
IPC2000,schedule,schedule-20-1,3,0,5
IPC2000,schedule,schedule-20-2,3,0,5
IPC2000,schedule,schedule-20-3,3,0,5
IPC2000,schedule,schedule-20-4,3,0,5
IPC2000,schedule,schedule-20-5,3,0,5
IPC2000,schedule,schedule-20-6,3,0,5
IPC2000,schedule,schedule-20-7,3,0,5
IPC2000,schedule,schedule-20-8,3,0,5
IPC2000,schedule,schedule-20-9,3,0,5
IPC2000,schedule,schedule-2-1,1,2,1
IPC2000,schedule,schedule-21-0,3,0,5
IPC2000,schedule,schedule-21-1,3,0,5
IPC2000,schedule,schedule-21-2,3,0,5
IPC2000,schedule,schedule-21-3,3,0,5
IPC2000,schedule,schedule-21-4,3,0,5
IPC2000,schedule,schedule-21-5,3,0,5
IPC2000,schedule,schedule-21-6,3,0,5
IPC2000,schedule,schedule-21-7,3,0,5
IPC2000,schedule,schedule-21-8,3,0,5
IPC2000,schedule,schedule-21-9,3,0,5
IPC2000,schedule,schedule-2-2,1,2,1
IPC2000,schedule,schedule-22-0,3,0,5
IPC2000,schedule,schedule-22-1,3,0,5
IPC2000,schedule,schedule-22-2,3,0,5
IPC2000,schedule,schedule-22-3,3,0,5
IPC2000,schedule,schedule-22-4,3,0,5
IPC2000,schedule,schedule-22-5,3,0,5
IPC2000,schedule,schedule-22-6,3,0,5
IPC2000,schedule,schedule-22-7,3,0,5
IPC2000,schedule,schedule-22-8,3,0,5
IPC2000,schedule,schedule-22-9,3,0,5
IPC2000,schedule,schedule-2-3,3,3,3
IPC2000,schedule,schedule-23-0,3,0,5
IPC2000,schedule,schedule-23-1,3,0,5
IPC2000,schedule,schedule-23-2,3,0,5
IPC2000,schedule,schedule-23-3,3,0,5
IPC2000,schedule,schedule-23-4,3,0,5
IPC2000,schedule,schedule-23-5,3,0,5
IPC2000,schedule,schedule-23-6,3,0,5
IPC2000,schedule,schedule-23-7,3,0,5
IPC2000,schedule,schedule-23-8,3,0,5
IPC2000,schedule,schedule-23-9,3,0,5
IPC2000,schedule,schedule-2-4,3,4,3
IPC2000,schedule,schedule-24-0,3,0,5
IPC2000,schedule,schedule-24-1,3,0,5
IPC2000,schedule,schedule-24-2,3,0,5
IPC2000,schedule,schedule-24-3,3,0,5
IPC2000,schedule,schedule-24-4,3,0,5
IPC2000,schedule,schedule-24-5,3,0,5
IPC2000,schedule,schedule-24-6,3,0,5
IPC2000,schedule,schedule-24-7,3,0,5
IPC2000,schedule,schedule-24-8,3,0,5
IPC2000,schedule,schedule-24-9,3,0,5
IPC2000,schedule,schedule-2-5,1,2,1
IPC2000,schedule,schedule-25-0,3,0,5
IPC2000,schedule,schedule-25-1,3,0,5
IPC2000,schedule,schedule-25-2,3,0,5
IPC2000,schedule,schedule-25-3,3,0,5
IPC2000,schedule,schedule-25-4,3,0,5
IPC2000,schedule,schedule-25-5,3,0,5
IPC2000,schedule,schedule-25-6,3,0,5
IPC2000,schedule,schedule-25-7,3,0,5
IPC2000,schedule,schedule-25-8,3,0,5
IPC2000,schedule,schedule-25-9,3,0,5
IPC2000,schedule,schedule-2-6,1,2,1
IPC2000,schedule,schedule-26-0,3,0,5
IPC2000,schedule,schedule-26-1,3,0,5
IPC2000,schedule,schedule-26-2,3,0,5
IPC2000,schedule,schedule-26-3,3,0,5
IPC2000,schedule,schedule-26-4,3,0,5
IPC2000,schedule,schedule-26-5,3,0,5
IPC2000,schedule,schedule-26-6,3,0,5
IPC2000,schedule,schedule-26-7,3,0,5
IPC2000,schedule,schedule-26-8,3,0,5
IPC2000,schedule,schedule-26-9,3,0,5
IPC2000,schedule,schedule-2-7,1,2,1
IPC2000,schedule,schedule-27-0,3,0,5
IPC2000,schedule,schedule-27-1,3,0,5
IPC2000,schedule,schedule-27-2,3,0,5
IPC2000,schedule,schedule-27-3,3,0,5
IPC2000,schedule,schedule-27-4,3,0,5
IPC2000,schedule,schedule-27-5,3,0,5
IPC2000,schedule,schedule-27-6,3,0,5
IPC2000,schedule,schedule-27-7,3,0,5
IPC2000,schedule,schedule-27-8,3,0,5
IPC2000,schedule,schedule-27-9,3,0,5
IPC2000,schedule,schedule-2-8,1,2,1
IPC2000,schedule,schedule-28-0,3,0,5
IPC2000,schedule,schedule-28-1,3,0,5
IPC2000,schedule,schedule-28-2,3,0,5
IPC2000,schedule,schedule-28-3,3,0,5
IPC2000,schedule,schedule-28-4,3,0,5
IPC2000,schedule,schedule-28-5,3,0,5
IPC2000,schedule,schedule-28-6,3,0,5
IPC2000,schedule,schedule-28-7,3,0,5
IPC2000,schedule,schedule-28-8,3,0,5
IPC2000,schedule,schedule-28-9,3,0,5
IPC2000,schedule,schedule-2-9,2,3,2
IPC2000,schedule,schedule-29-0,3,0,5
IPC2000,schedule,schedule-29-1,3,0,5
IPC2000,schedule,schedule-29-2,3,0,5
IPC2000,schedule,schedule-29-3,3,0,5
IPC2000,schedule,schedule-29-4,3,0,5
IPC2000,schedule,schedule-29-5,3,0,5
IPC2000,schedule,schedule-29-6,3,0,5
IPC2000,schedule,schedule-29-7,3,0,5
IPC2000,schedule,schedule-29-8,3,0,5
IPC2000,schedule,schedule-29-9,3,0,5
IPC2000,schedule,schedule-3-0,3,5,3
IPC2000,schedule,schedule-30-0,3,0,5
IPC2000,schedule,schedule-30-1,3,0,5
IPC2000,schedule,schedule-30-2,3,0,5
IPC2000,schedule,schedule-30-3,3,0,5
IPC2000,schedule,schedule-30-4,3,0,5
IPC2000,schedule,schedule-30-5,3,0,5
IPC2000,schedule,schedule-30-6,3,0,5
IPC2000,schedule,schedule-30-7,3,0,5
IPC2000,schedule,schedule-30-8,3,0,5
IPC2000,schedule,schedule-30-9,3,0,5
IPC2000,schedule,schedule-3-1,1,2,1
IPC2000,schedule,schedule-31-0,3,0,5
IPC2000,schedule,schedule-31-1,3,0,5
IPC2000,schedule,schedule-31-2,3,0,5
IPC2000,schedule,schedule-31-3,3,0,5
IPC2000,schedule,schedule-31-4,3,0,5
IPC2000,schedule,schedule-31-5,3,0,5
IPC2000,schedule,schedule-31-6,3,0,5
IPC2000,schedule,schedule-31-7,3,0,5
IPC2000,schedule,schedule-31-8,3,0,5
IPC2000,schedule,schedule-31-9,3,0,5
IPC2000,schedule,schedule-3-2,3,4,3
IPC2000,schedule,schedule-32-0,3,0,5
IPC2000,schedule,schedule-32-1,3,0,5
IPC2000,schedule,schedule-32-2,3,0,5
IPC2000,schedule,schedule-32-3,3,0,5
IPC2000,schedule,schedule-32-4,3,0,5
IPC2000,schedule,schedule-32-5,3,0,5
IPC2000,schedule,schedule-32-6,3,0,5
IPC2000,schedule,schedule-32-7,3,0,5
IPC2000,schedule,schedule-32-8,3,0,5
IPC2000,schedule,schedule-32-9,3,0,5
IPC2000,schedule,schedule-3-3,1,4,3
IPC2000,schedule,schedule-33-0,3,0,5
IPC2000,schedule,schedule-33-1,3,0,5
IPC2000,schedule,schedule-33-2,3,0,5
IPC2000,schedule,schedule-33-3,3,0,5
IPC2000,schedule,schedule-33-4,3,0,5
IPC2000,schedule,schedule-33-5,3,0,5
IPC2000,schedule,schedule-33-6,3,0,5
IPC2000,schedule,schedule-33-7,3,0,5
IPC2000,schedule,schedule-33-8,3,0,5
IPC2000,schedule,schedule-33-9,3,0,5
IPC2000,schedule,schedule-3-4,1,3,1
IPC2000,schedule,schedule-34-0,3,0,5
IPC2000,schedule,schedule-34-1,3,0,5
IPC2000,schedule,schedule-34-2,3,0,5
IPC2000,schedule,schedule-34-3,3,0,5
IPC2000,schedule,schedule-34-4,3,0,5
IPC2000,schedule,schedule-34-5,3,0,5
IPC2000,schedule,schedule-34-6,3,0,5
IPC2000,schedule,schedule-34-7,3,0,5
IPC2000,schedule,schedule-34-8,3,0,5
IPC2000,schedule,schedule-34-9,3,0,5
IPC2000,schedule,schedule-3-5,3,6,3
IPC2000,schedule,schedule-35-0,3,0,5
IPC2000,schedule,schedule-35-1,3,0,5
IPC2000,schedule,schedule-35-2,3,0,5
IPC2000,schedule,schedule-35-3,3,0,5
IPC2000,schedule,schedule-35-4,3,0,5
IPC2000,schedule,schedule-35-5,3,0,5
IPC2000,schedule,schedule-35-6,3,0,5
IPC2000,schedule,schedule-35-7,3,0,5
IPC2000,schedule,schedule-35-8,3,0,5
IPC2000,schedule,schedule-35-9,3,0,5
IPC2000,schedule,schedule-3-6,3,4,3
IPC2000,schedule,schedule-36-0,3,0,5
IPC2000,schedule,schedule-36-1,3,0,5
IPC2000,schedule,schedule-36-2,3,0,5
IPC2000,schedule,schedule-36-3,3,0,5
IPC2000,schedule,schedule-36-4,3,0,5
IPC2000,schedule,schedule-36-5,3,0,5
IPC2000,schedule,schedule-36-6,3,0,5
IPC2000,schedule,schedule-36-7,3,0,5
IPC2000,schedule,schedule-36-8,3,0,5
IPC2000,schedule,schedule-36-9,3,0,5
IPC2000,schedule,schedule-3-7,3,4,3
IPC2000,schedule,schedule-37-0,3,0,5
IPC2000,schedule,schedule-37-1,3,0,5
IPC2000,schedule,schedule-37-2,3,0,5
IPC2000,schedule,schedule-37-3,3,0,5
IPC2000,schedule,schedule-37-4,3,0,5
IPC2000,schedule,schedule-37-5,3,0,5
IPC2000,schedule,schedule-37-6,3,0,5
IPC2000,schedule,schedule-37-7,3,0,5
IPC2000,schedule,schedule-37-8,3,0,5
IPC2000,schedule,schedule-37-9,3,0,5
IPC2000,schedule,schedule-3-8,3,4,3
IPC2000,schedule,schedule-38-0,3,0,5
IPC2000,schedule,schedule-38-1,3,0,5
IPC2000,schedule,schedule-38-2,3,0,5
IPC2000,schedule,schedule-38-3,3,0,5
IPC2000,schedule,schedule-38-4,3,0,5
IPC2000,schedule,schedule-38-5,3,0,5
IPC2000,schedule,schedule-38-6,3,0,5
IPC2000,schedule,schedule-38-7,3,0,5
IPC2000,schedule,schedule-38-8,3,0,5
IPC2000,schedule,schedule-38-9,3,0,5
IPC2000,schedule,schedule-3-9,3,4,3
IPC2000,schedule,schedule-39-0,3,0,5
IPC2000,schedule,schedule-39-1,3,0,5
IPC2000,schedule,schedule-39-2,3,0,5
IPC2000,schedule,schedule-39-3,3,0,5
IPC2000,schedule,schedule-39-4,3,0,5
IPC2000,schedule,schedule-39-5,3,0,5
IPC2000,schedule,schedule-39-6,3,0,5
IPC2000,schedule,schedule-39-7,3,0,5
IPC2000,schedule,schedule-39-8,3,0,5
IPC2000,schedule,schedule-39-9,3,0,5
IPC2000,schedule,schedule-4-0,3,5,3
IPC2000,schedule,schedule-40-0,3,0,5
IPC2000,schedule,schedule-40-1,3,0,5
IPC2000,schedule,schedule-40-2,3,0,5
IPC2000,schedule,schedule-40-3,3,0,5
IPC2000,schedule,schedule-40-4,3,0,5
IPC2000,schedule,schedule-40-5,3,0,5
IPC2000,schedule,schedule-40-6,3,0,5
IPC2000,schedule,schedule-40-7,3,0,5
IPC2000,schedule,schedule-40-8,3,0,5
IPC2000,schedule,schedule-40-9,3,0,5
IPC2000,schedule,schedule-4-1,3,6,3
IPC2000,schedule,schedule-41-0,3,0,5
IPC2000,schedule,schedule-41-1,3,0,5
IPC2000,schedule,schedule-41-2,3,0,5
IPC2000,schedule,schedule-41-3,3,0,5
IPC2000,schedule,schedule-41-4,3,0,5
IPC2000,schedule,schedule-41-5,3,0,5
IPC2000,schedule,schedule-41-6,3,0,5
IPC2000,schedule,schedule-41-7,3,0,5
IPC2000,schedule,schedule-41-8,3,0,5
IPC2000,schedule,schedule-41-9,3,0,5
IPC2000,schedule,schedule-4-2,3,6,3
IPC2000,schedule,schedule-42-0,3,0,5
IPC2000,schedule,schedule-42-1,3,0,5
IPC2000,schedule,schedule-42-2,3,0,5
IPC2000,schedule,schedule-42-3,3,0,5
IPC2000,schedule,schedule-42-4,3,0,5
IPC2000,schedule,schedule-42-5,3,0,5
IPC2000,schedule,schedule-42-6,3,0,5
IPC2000,schedule,schedule-42-7,3,0,5
IPC2000,schedule,schedule-42-8,3,0,5
IPC2000,schedule,schedule-42-9,3,0,5
IPC2000,schedule,schedule-4-3,3,5,3
IPC2000,schedule,schedule-43-0,3,0,5
IPC2000,schedule,schedule-43-1,3,0,5
IPC2000,schedule,schedule-43-2,3,0,5
IPC2000,schedule,schedule-43-3,3,0,5
IPC2000,schedule,schedule-43-4,3,0,5
IPC2000,schedule,schedule-43-5,3,0,5
IPC2000,schedule,schedule-43-6,3,0,5
IPC2000,schedule,schedule-43-7,3,0,5
IPC2000,schedule,schedule-43-8,3,0,5
IPC2000,schedule,schedule-43-9,3,0,5
IPC2000,schedule,schedule-4-4,3,6,3
IPC2000,schedule,schedule-44-0,3,0,5
IPC2000,schedule,schedule-44-1,3,0,5
IPC2000,schedule,schedule-44-2,3,0,5
IPC2000,schedule,schedule-44-3,3,0,5
IPC2000,schedule,schedule-44-4,3,0,5
IPC2000,schedule,schedule-44-5,3,0,5
IPC2000,schedule,schedule-44-6,3,0,5
IPC2000,schedule,schedule-44-7,3,0,5
IPC2000,schedule,schedule-44-8,3,0,5
IPC2000,schedule,schedule-44-9,3,0,5
IPC2000,schedule,schedule-4-5,3,7,3
IPC2000,schedule,schedule-45-0,3,0,5
IPC2000,schedule,schedule-45-1,3,0,5
IPC2000,schedule,schedule-45-2,3,0,5
IPC2000,schedule,schedule-45-3,3,0,5
IPC2000,schedule,schedule-45-4,3,0,5
IPC2000,schedule,schedule-45-5,3,0,5
IPC2000,schedule,schedule-45-6,3,0,5
IPC2000,schedule,schedule-45-7,3,0,5
IPC2000,schedule,schedule-45-8,3,0,5
IPC2000,schedule,schedule-45-9,3,0,5
IPC2000,schedule,schedule-4-6,3,6,3
IPC2000,schedule,schedule-46-0,3,0,5
IPC2000,schedule,schedule-46-1,3,0,5
IPC2000,schedule,schedule-46-2,3,0,5
IPC2000,schedule,schedule-46-3,3,0,5
IPC2000,schedule,schedule-46-4,3,0,5
IPC2000,schedule,schedule-46-5,3,0,5
IPC2000,schedule,schedule-46-6,3,0,5
IPC2000,schedule,schedule-46-7,3,0,5
IPC2000,schedule,schedule-46-8,3,0,5
IPC2000,schedule,schedule-46-9,3,0,5
IPC2000,schedule,schedule-4-7,3,6,3
IPC2000,schedule,schedule-47-0,3,0,5
IPC2000,schedule,schedule-47-1,3,0,5
IPC2000,schedule,schedule-47-2,3,0,5
IPC2000,schedule,schedule-47-3,3,0,5
IPC2000,schedule,schedule-47-4,3,0,5
IPC2000,schedule,schedule-47-5,3,0,5
IPC2000,schedule,schedule-47-6,3,0,5
IPC2000,schedule,schedule-47-7,3,0,5
IPC2000,schedule,schedule-47-8,3,0,5
IPC2000,schedule,schedule-47-9,3,0,5
IPC2000,schedule,schedule-4-8,3,5,3
IPC2000,schedule,schedule-48-0,3,0,5
IPC2000,schedule,schedule-48-1,3,0,5
IPC2000,schedule,schedule-48-2,3,0,5
IPC2000,schedule,schedule-48-3,3,0,5
IPC2000,schedule,schedule-48-4,3,0,5
IPC2000,schedule,schedule-48-5,3,0,5
IPC2000,schedule,schedule-48-6,3,0,5
IPC2000,schedule,schedule-48-7,3,0,5
IPC2000,schedule,schedule-48-8,3,0,5
IPC2000,schedule,schedule-48-9,3,0,5
IPC2000,schedule,schedule-4-9,3,5,3
IPC2000,schedule,schedule-49-0,3,0,5
IPC2000,schedule,schedule-49-1,3,0,5
IPC2000,schedule,schedule-49-2,3,0,5
IPC2000,schedule,schedule-49-3,3,0,5
IPC2000,schedule,schedule-49-4,3,0,5
IPC2000,schedule,schedule-49-5,3,0,5
IPC2000,schedule,schedule-49-6,3,0,5
IPC2000,schedule,schedule-49-7,3,0,5
IPC2000,schedule,schedule-49-8,3,0,5
IPC2000,schedule,schedule-49-9,3,0,5
IPC2000,schedule,schedule-5-0,3,5,3
IPC2000,schedule,schedule-50-0,3,0,5
IPC2000,schedule,schedule-50-1,3,0,5
IPC2000,schedule,schedule-50-2,3,0,5
IPC2000,schedule,schedule-50-3,3,0,5
IPC2000,schedule,schedule-50-4,3,0,5
IPC2000,schedule,schedule-50-5,3,0,5
IPC2000,schedule,schedule-50-6,3,0,5
IPC2000,schedule,schedule-50-7,3,0,5
IPC2000,schedule,schedule-50-8,3,0,5
IPC2000,schedule,schedule-50-9,3,0,5
IPC2000,schedule,schedule-5-1,3,7,3
IPC2000,schedule,schedule-51-0,3,0,5
IPC2000,schedule,schedule-51-1,3,0,5
IPC2000,schedule,schedule-51-2,3,0,5
IPC2000,schedule,schedule-51-3,3,0,5
IPC2000,schedule,schedule-51-4,3,0,5
IPC2000,schedule,schedule-51-5,3,0,5
IPC2000,schedule,schedule-51-6,3,0,5
IPC2000,schedule,schedule-51-7,3,0,5
IPC2000,schedule,schedule-51-8,3,0,5
IPC2000,schedule,schedule-51-9,3,0,5
IPC2000,schedule,schedule-5-2,3,9,5
IPC2000,schedule,schedule-5-3,3,8,4
IPC2000,schedule,schedule-5-4,3,7,3
IPC2000,schedule,schedule-5-5,1,8,3
IPC2000,schedule,schedule-5-6,3,7,3
IPC2000,schedule,schedule-5-7,3,9,3
IPC2000,schedule,schedule-5-8,3,10,3
IPC2000,schedule,schedule-5-9,3,8,3
IPC2000,schedule,schedule-6-0,3,10,3
IPC2000,schedule,schedule-6-1,3,11,3
IPC2000,schedule,schedule-6-2,2,8,3
IPC2000,schedule,schedule-6-3,3,10,3
IPC2000,schedule,schedule-6-4,3,8,3
IPC2000,schedule,schedule-6-5,3,10,3
IPC2000,schedule,schedule-6-6,3,9,3
IPC2000,schedule,schedule-6-7,3,12,3
IPC2000,schedule,schedule-6-8,3,10,5
IPC2000,schedule,schedule-6-9,3,10,5
IPC2000,schedule,schedule-7-0,3,8,3
IPC2000,schedule,schedule-7-1,3,11,3
IPC2000,schedule,schedule-7-2,3,11,4
IPC2000,schedule,schedule-7-3,3,11,3
IPC2000,schedule,schedule-7-4,3,13,4
IPC2000,schedule,schedule-7-5,3,13,5
IPC2000,schedule,schedule-7-6,3,11,5
IPC2000,schedule,schedule-7-7,3,8,3
IPC2000,schedule,schedule-7-8,3,10,3
IPC2000,schedule,schedule-7-9,3,10,3
IPC2000,schedule,schedule-8-0,3,12,3
IPC2000,schedule,schedule-8-1,3,14,5
IPC2000,schedule,schedule-8-2,3,14,3
IPC2000,schedule,schedule-8-3,3,16,3
IPC2000,schedule,schedule-8-4,3,13,4
IPC2000,schedule,schedule-8-5,3,16,4
IPC2000,schedule,schedule-8-6,3,0,6
IPC2000,schedule,schedule-8-7,3,13,5
IPC2000,schedule,schedule-8-8,3,14,3
IPC2000,schedule,schedule-8-9,3,14,5
IPC2000,schedule,schedule-9-0,3,0,6
IPC2000,schedule,schedule-9-1,3,17,3
IPC2000,schedule,schedule-9-2,3,14,5
IPC2000,schedule,schedule-9-3,3,0,6
IPC2000,schedule,schedule-9-4,3,14,3
IPC2000,schedule,schedule-9-5,3,0,6
IPC2000,schedule,schedule-9-6,3,0,6
IPC2000,schedule,schedule-9-7,3,14,3
IPC2000,schedule,schedule-9-8,3,16,5
IPC2000,schedule,schedule-9-9,3,15,3
